ID,Plataforma,fecha,Usuario_ID_Anonimizado,texto_original,texto_modelo,texto_agresivo,clase,label,subclase,Grupos_Afectados,Presencia_Sarcasmo,Presencia_Ironia,Contexto_Politico,n_chars,n_palabras,n_emojis,n_menciones,n_hashtags,n_jerga
2214,Facebook,2026-07-02,USER_2214,Disfuta que llegando a casa tenes que ir a trabajar mesero,Disfuta que llegando a casa tenes que ir a trabajar mesero,disfuta que llegando a casa tenes que ir a trabajar mesero,Discurso de Odio,2,Clasismo,Personas en situación de pobreza o precariedad,SI,SI,NO,58,11,0,0,0,0
721,Facebook,2026-07-14,USER_721,Espero que cobren lo que nos cobran aquí por hacernos ciudadanos de usa se las ponen muy fácil alos extranjeros para ser salvadoreños,Espero que cobren lo que nos cobran aquí por hacernos ciudadanos de usa se las ponen muy fácil alos extranjeros para ser salvadoreños,espero que cobren lo que nos cobran aqui por hacernos ciudadanos de usa se las ponen muy facil alos extranjeros para ser salvadorenos,No Tóxico,0,,,NO,NO,NO,133,23,0,0,0,0
2913,X,2026-07-13,USER_2913,Ojalá ! Así porfin se acabn subvenciones a parasitos y paguitas a inmigrantes de mierda.,Ojalá ! Así porfin se acabn subvenciones a parasitos y paguitas a inmigrantes de mierda.,ojala asi porfin se acabn subvenciones a parasitos y paguitas a inmigrantes de mierda,Discurso de Odio,2,Xenofobia,Personas inmigrantes,NO,NO,NO,88,15,0,0,0,3
1389,Facebook,2026-06-25,USER_1389,Gracias a los pendejos y a los que les gusta enlodarse....,Gracias a los pendejos y a los que les gusta enlodarse....,gracias a los pendejos y a los que les gusta enlodarse,Lenguaje Ofensivo,1,Insulto Directo,,SÍ,NO,NO,58,11,0,0,0,1
2062,X,2026-07-08,USER_2062,"Acá pendejo pasivo de 17 años de san salvador de jujuy, algún activo joven???","Acá pendejo pasivo de 17 años de san salvador de jujuy, algún activo joven???",aca pendejo pasivo de anos de san salvador de jujuy algun activo joven,No Tóxico,0,,,NO,NO,NO,77,14,0,0,0,1
1222,Facebook,2026-06-26,USER_1222,(perros) trabajen sì quieren pisto no roben porque a todos nos cuesta ganar ustedes solo alungan las ✋ Bueno fuera asi como se han visto casos les han cortado las ✋ asi te lo hicieran,(perros) trabajen sì quieren pisto no roben porque a todos nos cuesta ganar ustedes solo alungan las :mano_levantada: Bueno fuera asi como se han visto casos les han cortado las :mano_levantada: asi te lo hicieran,perros trabajen si quieren pisto no roben porque a todos nos cuesta ganar ustedes solo alungan las bueno fuera asi como se han visto casos les han cortado las asi te lo hicieran,Amenazas/Violencia,3,Deseo de Daño/Sufrimiento,,NO,NO,NO,183,35,2,0,0,3
569,Facebook,2026-07-14,USER_569,Bendiciones se necesita esa ayuda,Bendiciones se necesita esa ayuda,bendiciones se necesita esa ayuda,No Tóxico,0,,,NO,NO,SÍ,33,5,0,0,0,0
2854,X,2026-06-10,USER_2854,VERGUENZA LES DEBERIA DAR DISCAPACITADOS DE MIERDA,VERGUENZA LES DEBERIA DAR DISCAPACITADOS DE MIERDA,verguenza les deberia dar discapacitados de mierda,Discurso de Odio,2,Capacitismo,Personas con discapacidad,NO,NO,NO,50,7,0,0,0,1
1210,Facebook,2026-06-26,USER_1210,"Ay qué bruta, no vale la pena 🫣 perder la cabeza y la libertad por un hombre 🙊 noo no vale la pena,pena moral para la madre","Ay qué bruta, no vale la pena :cara_tapada_con_ojo_espiando: perder la cabeza y la libertad por un hombre :mono_con_la_boca_tapada: noo no vale la pena,pena moral para la madre",ay que bruta no vale la pena perder la cabeza y la libertad por un hombre noo no vale la pena pena moral para la madre,Lenguaje Ofensivo,1,Insulto Directo,,NO,NO,NO,123,27,2,0,0,0
1212,Facebook,2026-06-26,USER_1212,"Tantos garrotes y pasteles q hay, nombre","Tantos garrotes y pasteles q hay, nombre",tantos garrotes y pasteles q hay nombre,No Tóxico,0,,,NO,NO,NO,40,7,0,0,0,0
2787,X,2026-06-09,USER_2787,"Ahora os podeis dedicar al narcotrafico, gitanos de mierda","Ahora os podeis dedicar al narcotrafico, gitanos de mierda",ahora os podeis dedicar al narcotrafico gitanos de mierda,Discurso de Odio,2,Racismo,Personas gitanas,NO,NO,NO,58,9,0,0,0,1
416,X,2026-07-14,USER_416,#MuertesEtapa2 urge que autoricen ya la pena de muerte y que les den debaja a todos los mareros de cada penal y correccinal,#MuertesEtapa2 urge que autoricen ya la pena de muerte y que les den debaja a todos los mareros de cada penal y correccinal,muertesetapa urge que autoricen ya la pena de muerte y que les den debaja a todos los mareros de cada penal y correccinal,Amenazas/Violencia,3,Incitación a la Violencia,Pandilleros/Mareros,NO,NO,NO,123,23,0,0,1,1
641,Facebook,2026-07-14,USER_641,España pasará clsroo,España pasará clsroo,espana pasara clsroo,No Tóxico,0,,,NO,NO,NO,20,3,0,0,0,0
2847,X,2026-06-17,USER_2847,"Yo recién vengo de agarrarme a puteadas en la municipalidad. Lo peor es que el 80% de los ñoquis tienen alguna deformidad física, son putos, son viejas mal cogidas o son travestis. Odio a los munipas discapacitados de mierda ya me arruinaron el fin de semana.","Yo recién vengo de agarrarme a puteadas en la municipalidad. Lo peor es que el 80% de los ñoquis tienen alguna deformidad física, son putos, son viejas mal cogidas o son travestis. Odio a los munipas discapacitados de mierda ya me arruinaron el fin de semana.",yo recien vengo de agarrarme a puteadas en la municipalidad lo peor es que el de los noquis tienen alguna deformidad fisica son putos son viejas mal cogidas o son travestis odio a los munipas discapacitados de mierda ya me arruinaron el fin de semana,Discurso de Odio,2,Capacitismo,Personas con discapacidad,NO,NO,NO,259,46,0,0,0,2
89,X,2026-07-13,USER_089,"Con poco ""pisto"" (dinero) se puede cenar muy rico en El Salvador 󾌬󾬓󾓦 unas #PUPUSAS y un café!! #RecetasSV... http:// fb.me/4r6MG0id3","Con poco ""pisto"" (dinero) se puede cenar muy rico en El Salvador 󾌬󾬓󾓦 unas #PUPUSAS y un café!! #RecetasSV... http:// fb.me/4r6MG0id3",con poco pisto dinero se puede cenar muy rico en el salvador unas pupusas y un cafe recetassv http fb me r mg id,No Tóxico,0,,,NO,NO,NO,132,21,0,0,2,2
2061,X,2026-06-28,USER_2061,como dijo aquel le habla como que le aguantara un vergazo,como dijo aquel le habla como que le aguantara un vergazo,como dijo aquel le habla como que le aguantara un vergazo,No Tóxico,0,,,SÍ,NO,SÍ,57,11,0,0,0,1
1353,Facebook,2026-06-25,USER_1353,Vieja más pendeja solo lo q es mierda sube,Vieja más pendeja solo lo q es mierda sube,vieja mas pendeja solo lo q es mierda sube,Lenguaje Ofensivo,1,Insulto Directo,,NO,NO,NO,42,9,0,0,0,2
2955,X,2026-06-13,USER_2955,"Cuántos venezolanos de mierda 'indignados' porque el tipo este tenía música a alto volumen... Cuando la cultura venezolana es precisamente ser un marginal, escandaloso y en la playa todos van a joder a rumbear. Cuerda de hipócritas.","Cuántos venezolanos de mierda 'indignados' porque el tipo este tenía música a alto volumen... Cuando la cultura venezolana es precisamente ser un marginal, escandaloso y en la playa todos van a joder a rumbear. Cuerda de hipócritas.",cuantos venezolanos de mierda indignados porque el tipo este tenia musica a alto volumen cuando la cultura venezolana es precisamente ser un marginal escandaloso y en la playa todos van a joder a rumbear cuerda de hipocritas,Discurso de Odio,2,Xenofobia,Personas inmigrantes,NO,NO,NO,232,37,0,0,0,3
131,X,2026-07-13,USER_131,Están cordialmente invitados a la primera presentación de nuestra última antología dedicada a los Educadores salvadoreños. Espero que puedan acompañarnos. #Literatura #LiteraturaSV.,Están cordialmente invitados a la primera presentación de nuestra última antología dedicada a los Educadores salvadoreños. Espero que puedan acompañarnos. #Literatura #LiteraturaSV.,estan cordialmente invitados a la primera presentacion de nuestra ultima antologia dedicada a los educadores salvadorenos espero que puedan acompanarnos literatura literaturasv,No Tóxico,0,,,NO,NO,NO,181,22,0,0,2,0
1841,X,2026-06-07,USER_1841,Culero el hijueputa en salvadoreño para que entendas,Culero el hijueputa en salvadoreño para que entendas,culero el hijueputa en salvadoreno para que entendas,Lenguaje Ofensivo,1,Insulto Directo,Persona Individual,NO,NO,NO,52,8,0,0,0,2
1390,Facebook,2026-06-25,USER_1390,Estas personas se llaman parásitos no sirven solo para consumir nada más y a costillas de otros sobreviven,Estas personas se llaman parásitos no sirven solo para consumir nada más y a costillas de otros sobreviven,estas personas se llaman parasitos no sirven solo para consumir nada mas y a costillas de otros sobreviven,Lenguaje Ofensivo,1,Insulto Directo,,NO,NO,NO,106,18,0,0,0,1
2337,Facebook,2026-07-21,USER_2337,sin llorar narizón come burro Anda pasha a meserear,sin llorar narizón come burro Anda pasha a meserear,sin llorar narizon come burro anda pasha a meserear,Discurso de Odio,2,Xenofobia,Argentinos,NO,NO,NO,51,9,0,0,0,1
1206,Facebook,2026-06-26,USER_1206,"Bien culiada volvió, y el marido bien pdjo...jajaja","Bien culiada volvió, y el marido bien pdjo...jajaja",bien culiada volvio y el marido bien pdjo jajaja,Lenguaje Ofensivo,1,Palabras Obscenas,Persona Individual,SÍ,NO,NO,51,8,0,0,0,0
435,X,2026-07-14,USER_435,"El ESTADO tiene OBLIGACIÓN de protejer a los pobladores y la frontera.MARERO VISTO, MARERO MUERTO!!","El ESTADO tiene OBLIGACIÓN de protejer a los pobladores y la frontera.MARERO VISTO, MARERO MUERTO!!",el estado tiene obligacion de protejer a los pobladores y la frontera marero visto marero muerto,Amenazas/Violencia,3,Incitación a la Violencia,Pandilleros/Mareros,NO,NO,SÍ,99,15,0,0,0,2
2540,Facebook,2026-07-20,USER_2540,"No da risa vivir en la mierda, mi todo comediante ??Eres el hijo perdido de franco Escamilla","No da risa vivir en la mierda, mi todo comediante ??Eres el hijo perdido de franco Escamilla",no da risa vivir en la mierda mi todo comediante eres el hijo perdido de franco escamilla,Lenguaje Ofensivo,1,Insulto Directo,Personas en situación de pobreza,NO,NO,NO,92,17,0,0,0,1
2452,Facebook,2026-07-23,USER_2452,Ygual sigue de simio,Ygual sigue de simio,ygual sigue de simio,Discurso de Odio,2,Racismo,Personas morenas,NO,NO,NO,20,4,0,0,0,0
1150,Facebook,2026-06-25,USER_1150,Muy malcriada esa señora se pasaba de malcrida,Muy malcriada esa señora se pasaba de malcrida,muy malcriada esa senora se pasaba de malcrida,Lenguaje Ofensivo,1,Insulto Directo,Persona Individual,NO,NO,NO,46,8,0,0,0,0
460,X,2026-07-14,USER_460,"A mi el corona virus me vale verga, pero va matar varias nanas de mareros y por eso lo respeto.","A mi el corona virus me vale verga, pero va matar varias nanas de mareros y por eso lo respeto.",a mi el corona virus me vale verga pero va matar varias nanas de mareros y por eso lo respeto,Amenazas/Violencia,3,Celebración de Violencia,Familiares de mareros,NO,NO,NO,95,20,0,0,0,3
3019,X,2026-05-30,USER_3019,A dónde? Nadie quiere negros de mierda Cuidado,A dónde? Nadie quiere negros de mierda Cuidado,a donde nadie quiere negros de mierda cuidado,Discurso de Odio,2,Racismo,Personas negras o racializadas,NO,NO,NO,46,8,0,0,0,2
66,X,2026-07-13,USER_066,"#DeportesSV El delantero salvadoreño Styven Vásquez, ya esta en México, para incorparse con nuevo club Irapuato de La Liga de Expansión mexicana. #ConDiosyConlaTrinca","#DeportesSV El delantero salvadoreño Styven Vásquez, ya esta en México, para incorparse con nuevo club Irapuato de La Liga de Expansión mexicana. #ConDiosyConlaTrinca",deportessv el delantero salvadoreno styven vasquez ya esta en mexico para incorparse con nuevo club irapuato de la liga de expansion mexicana condiosyconlatrinca,No Tóxico,0,,,NO,NO,NO,166,23,0,0,2,1
1466,Facebook,2026-06-14,USER_1466,Y vos PERRO Paul Monroy 503 PARASITO SIEMPRE LAMBIÉNDOLE LOS 🥚ARENAFRENTE MISERABLE NUNCA HAS LOGRADO NADA BASURA,Y vos PERRO Paul Monroy 503 PARASITO SIEMPRE LAMBIÉNDOLE LOS :huevo: ARENAFRENTE MISERABLE NUNCA HAS LOGRADO NADA BASURA,y vos perro paul monroy parasito siempre lambiendole los arenafrente miserable nunca has logrado nada basura,Lenguaje Ofensivo,1,Insulto Directo,Persona Individual,NO,NO,SÍ,113,17,1,0,0,3
594,Facebook,2026-07-14,USER_594,ACASO HABRÁ MAREJADA AHÍ ???,ACASO HABRÁ MAREJADA AHÍ ???,acaso habra marejada ahi,No Tóxico,0,,,NO,NO,NO,28,5,0,0,0,0
785,Facebook,2026-07-18,USER_785,Topen esa marera pues,Topen esa marera pues,topen esa marera pues,Amenazas/Violencia,3,Incitación a la Violencia,Individuo,NO,NO,NO,21,4,0,0,0,1
2957,X,2026-06-28,USER_2957,"Vaya, al parecer todos estamos de acuerdo en algo: Venezolanos de mierda, regresen a su país","Vaya, al parecer todos estamos de acuerdo en algo: Venezolanos de mierda, regresen a su país",vaya al parecer todos estamos de acuerdo en algo venezolanos de mierda regresen a su pais,Discurso de Odio,2,Xenofobia,Personas inmigrantes,NO,NO,NO,92,16,0,0,0,1
2718,X,2026-07-09,USER_2718,Pero viven como el culo porque son un país de indios de mierda,Pero viven como el culo porque son un país de indios de mierda,pero viven como el culo porque son un pais de indios de mierda,Discurso de Odio,2,Racismo,Personas indigenas,NO,NO,NO,62,13,0,0,0,4
22,X,2026-07-13,USER_022,Listos para perderse en la naturaleza? El Laberinto de Albania en Apaneca es el destino perfecto para quienes buscan un desafío divertido rodeado de paisajes increíbles. ¡Una parada obligatoria en la Ruta de las Flores! #ElSalvador #TurismoSV #Apaneca #LaberintoAlbania,Listos para perderse en la naturaleza? El Laberinto de Albania en Apaneca es el destino perfecto para quienes buscan un desafío divertido rodeado de paisajes increíbles. ¡Una parada obligatoria en la Ruta de las Flores! #ElSalvador #TurismoSV #Apaneca #LaberintoAlbania,listos para perderse en la naturaleza el laberinto de albania en apaneca es el destino perfecto para quienes buscan un desafio divertido rodeado de paisajes increibles una parada obligatoria en la ruta de las flores elsalvador turismosv apaneca laberintoalbania,No Tóxico,0,,,NO,NO,NO,269,39,0,0,4,0
1238,Facebook,2026-06-26,USER_1238,Inmensa es la vergha que nos vale 🤣😂🤣😂🤣,Inmensa es la vergha que nos vale :cara_revolviéndose_de_la_risa: :cara_llorando_de_risa: :cara_revolviéndose_de_la_risa: :cara_llorando_de_risa: :cara_revolviéndose_de_la_risa:,inmensa es la vergha que nos vale,Lenguaje Ofensivo,1,Palabras Obscenas,,NO,NO,NO,39,8,5,0,0,0
234,X,2026-07-14,USER_234,"Sold Out en el Intercontinental, 35 millones de gracias ! Nos vemos pronto con el nuevo sencillo #prueba35 #musicaSv","Sold Out en el Intercontinental, 35 millones de gracias ! Nos vemos pronto con el nuevo sencillo #prueba35 #musicaSv",sold out en el intercontinental millones de gracias nos vemos pronto con el nuevo sencillo prueba musicasv,No Tóxico,0,,,NO,NO,NO,116,19,0,0,2,1
2449,Facebook,2026-07-21,USER_2449,De mico a mono,De mico a mono,de mico a mono,Discurso de Odio,2,Racismo,Personas morenas,NO,NO,NO,14,4,0,0,0,1
2027,X,2026-06-14,USER_2027,Ni entre varios pueden con los cojones de Gavi.,Ni entre varios pueden con los cojones de Gavi.,ni entre varios pueden con los cojones de gavi,No Tóxico,0,,,NO,NO,NO,47,9,0,0,0,1
3021,X,2026-06-13,USER_3021,"Por esto cuando los argentinos decimos ""negros de mierda"" nos podemos referir a un tipo rubio de ojos celestes que no sabe leer y vive en casa de barro","Por esto cuando los argentinos decimos ""negros de mierda"" nos podemos referir a un tipo rubio de ojos celestes que no sabe leer y vive en casa de barro",por esto cuando los argentinos decimos negros de mierda nos podemos referir a un tipo rubio de ojos celestes que no sabe leer y vive en casa de barro,No Tóxico,0,,Personas negras o racializadas,NO,NO,NO,151,29,0,0,0,2
2963,X,2026-06-05,USER_2963,"Venezolanos de mierda, solo en mancha les gusta atacar ya que solos nunca pueden","Venezolanos de mierda, solo en mancha les gusta atacar ya que solos nunca pueden",venezolanos de mierda solo en mancha les gusta atacar ya que solos nunca pueden,Discurso de Odio,2,Xenofobia,Personas inmigrantes,NO,NO,NO,80,14,0,0,0,1
886,Facebook,2026-07-20,USER_886,Pudranse hdp,Pudranse hdp,pudranse hdp,Amenazas/Violencia,3,Deseo de Daño,Señalados (corruptos/empresa),NO,NO,NO,12,2,0,0,0,1
854,Facebook,2026-07-19,USER_854,Miguel Torres exactamente…. Por lo menos q regresen un poco del sufrimiento q han hecho,Miguel Torres exactamente…. Por lo menos q regresen un poco del sufrimiento q han hecho,miguel torres exactamente por lo menos q regresen un poco del sufrimiento q han hecho,Amenazas/Violencia,3,Deseo de Daño,Reos/delincuentes,NO,NO,NO,87,15,0,0,0,0
1969,X,2026-06-14,USER_1969,"Jajajajaja es de El Salvador, cabron","Jajajajaja es de El Salvador, cabron",jajajajaja es de el salvador cabron,No Tóxico,0,,Persona Individual,SÍ,NO,SÍ,36,6,0,0,0,0
2464,Facebook,2026-07-22,USER_2464,Corte de microbusero veterano,Corte de microbusero veterano,corte de microbusero veterano,Lenguaje Ofensivo,1,Clasismo,Microbuseros,NO,NO,NO,29,4,0,0,0,0
1807,X,2026-06-07,USER_1807,"Pinche pelón de mierda, dedícate a otra cosa","Pinche pelón de mierda, dedícate a otra cosa",pinche pelon de mierda dedicate a otra cosa,Lenguaje Ofensivo,1,Insulto Directo,Persona Individual,NO,NO,NO,44,8,0,0,0,2
272,X,2026-07-14,USER_272,"A la mierd4 los mareros como vos maje, que se pudran en el cecot","A la mierd4 los mareros como vos maje, que se pudran en el cecot",a la mierd los mareros como vos maje que se pudran en el cecot,Amenazas/Violencia,3,Deseo de Daño,Individuo/Pandilleros,NO,NO,NO,64,14,0,0,0,3
1215,Facebook,2026-06-26,USER_1215,"Antes de que ese embrión crezca, hay que eliminarlo de raíz, dejémonos de culeradas!!!","Antes de que ese embrión crezca, hay que eliminarlo de raíz, dejémonos de culeradas!!!",antes de que ese embrion crezca hay que eliminarlo de raiz dejemonos de culeradas,Lenguaje Ofensivo,1,Palabras Obscenas,,SÍ,NO,NO,86,14,0,0,0,0
550,Facebook,2026-07-14,USER_550,Comen de nosotros xd,Comen de nosotros xd,comen de nosotros xd,No Tóxico,0,,,NO,SÍ,NO,20,4,0,0,0,0
402,X,2026-07-14,USER_402,Malditos Malditos Malditos Malditos Malditos Malditos Malditos Malditos mareros hdmp cobardes de mierda deberian ser quemados asi como lo hicieron con esas personas inocentes Malditos,Malditos Malditos Malditos Malditos Malditos Malditos Malditos Malditos mareros hdmp cobardes de mierda deberian ser quemados asi como lo hicieron con esas personas inocentes Malditos,malditos malditos malditos malditos malditos malditos malditos malditos mareros hdmp cobardes de mierda deberian ser quemados asi como lo hicieron con esas personas inocentes malditos,Amenazas/Violencia,3,Incitación a la Violencia,Pandilleros/Mareros,NO,NO,NO,183,25,0,0,0,3
2306,Facebook,2026-07-22,USER_2306,Te piso algún hondureño pareces indu serote ??????????,Te piso algún hondureño pareces indu serote ??????????,te piso algun hondureno pareces indu serote,Discurso de Odio,2,Racismo,Hondureños,NO,NO,NO,54,8,0,0,0,1
2989,X,2026-06-27,USER_2989,wacho. pfff...NEGROS DE MIERDA. villero de mierda el bolita.,wacho. pfff...NEGROS DE MIERDA. villero de mierda el bolita.,wacho pfff negros de mierda villero de mierda el bolita,Discurso de Odio,2,Racismo,Personas negras o racializadas,NO,NO,NO,60,9,0,0,0,2
67,X,2026-07-13,USER_067,"#DeportesSV Despues de 12 años, 6 meses y 23 días: Luis Angel Firpo vuelve hacer campeón.","#DeportesSV Despues de 12 años, 6 meses y 23 días: Luis Angel Firpo vuelve hacer campeón.",deportessv despues de anos meses y dias luis angel firpo vuelve hacer campeon,No Tóxico,0,,,NO,NO,NO,89,16,0,0,1,0
2581,Facebook,2026-07-26,USER_2581,"Las focas no tienen otra palabra en su cerebro, que te esperas","Las focas no tienen otra palabra en su cerebro, que te esperas",las focas no tienen otra palabra en su cerebro que te esperas,Lenguaje Ofensivo,1,Insulto Directo,Personas con discapacidad,NO,NO,NO,62,12,0,0,0,1
2901,X,2026-06-06,USER_2901,"así es en todo Europa, si son buenos futbolistas los hacen parte sino son unos inmigrantes de mierda, dicho x ejemplo x Hakimi... dsps nos vienen a contar las costillas a los argentinos cuando acá te tomas un mate aprendes 2 puteadas y ya sos argentino seas negro verde o amarillo","así es en todo Europa, si son buenos futbolistas los hacen parte sino son unos inmigrantes de mierda, dicho x ejemplo x Hakimi... dsps nos vienen a contar las costillas a los argentinos cuando acá te tomas un mate aprendes 2 puteadas y ya sos argentino seas negro verde o amarillo",asi es en todo europa si son buenos futbolistas los hacen parte sino son unos inmigrantes de mierda dicho x ejemplo x hakimi dsps nos vienen a contar las costillas a los argentinos cuando aca te tomas un mate aprendes puteadas y ya sos argentino seas negro verde o amarillo,Discurso de Odio,2,Xenofobia,Personas negras o racializadas,NO,NO,NO,280,51,0,0,0,3
2304,Facebook,2026-07-23,USER_2304,"Cerote champero migrantes para más joder, solo por saltar el muro ya se creen gringos ??","Cerote champero migrantes para más joder, solo por saltar el muro ya se creen gringos ??",cerote champero migrantes para mas joder solo por saltar el muro ya se creen gringos,Discurso de Odio,2,Xenofobia,Migrantes salvadoreños,NO,NO,NO,88,16,0,0,0,2
894,Facebook,2026-07-20,USER_894,El cecot t espera,El cecot t espera,el cecot t espera,Amenazas/Violencia,3,Deseo de Daño,Individuo señalado,NO,NO,NO,17,4,0,0,0,0
730,Facebook,2026-07-14,USER_730,Gracias por garantizar de manera tan maravillosa mi derecho a la información,Gracias por garantizar de manera tan maravillosa mi derecho a la información,gracias por garantizar de manera tan maravillosa mi derecho a la informacion,No Tóxico,0,,,SÍ,NO,NO,76,12,0,0,0,0
2165,Facebook,2026-06-15,USER_2165,"H.construcciones sigues idolatrando el. Deporte de los pobres, muerto de hambre, en el deporte que te ganamos dos finales seguidas, pobre hambriento idolatra el Deporte de los Ingleses dueños de las farklands","H.construcciones sigues idolatrando el. Deporte de los pobres, muerto de hambre, en el deporte que te ganamos dos finales seguidas, pobre hambriento idolatra el Deporte de los Ingleses dueños de las farklands",h construcciones sigues idolatrando el deporte de los pobres muerto de hambre en el deporte que te ganamos dos finales seguidas pobre hambriento idolatra el deporte de los ingleses duenos de las farklands,Discurso de Odio,2,Clasismo,Personas en situación de pobreza o precariedad,SI,SI,NO,208,32,0,0,0,1
768,Facebook,2026-07-18,USER_768,Que caiga todo el peso de la ley contra este perro,Que caiga todo el peso de la ley contra este perro,que caiga todo el peso de la ley contra este perro,Lenguaje Ofensivo,1,Insulto Directo,Individuo,NO,NO,NO,50,11,0,0,0,1
1854,X,2026-06-28,USER_1854,la chucha tengo espasmos en el gemelo que cojones,la chucha tengo espasmos en el gemelo que cojones,la chucha tengo espasmos en el gemelo que cojones,Lenguaje Ofensivo,1,Palabras Obscenas,,NO,NO,NO,49,9,0,0,0,0
1639,X,2026-05-30,USER_1639,Jajaja morite perro lloron,Jajaja morite perro lloron,jajaja morite perro lloron,Amenazas/Violencia,3,Deseo de Dano,Persona Individual,SÍ,NO,NO,26,4,0,0,0,1
1179,Facebook,2026-06-26,USER_1179,Los sobrinos de la RATA correa ……😂😂😂😂😂😂😂,Los sobrinos de la RATA correa …… :cara_llorando_de_risa: :cara_llorando_de_risa: :cara_llorando_de_risa: :cara_llorando_de_risa: :cara_llorando_de_risa: :cara_llorando_de_risa: :cara_llorando_de_risa:,los sobrinos de la rata correa,Lenguaje Ofensivo,1,Insulto Directo,Persona Individual,SÍ,NO,SÍ,40,7,7,0,0,1
815,Facebook,2026-07-18,USER_815,El cecot lo espera,El cecot lo espera,el cecot lo espera,Amenazas/Violencia,3,Deseo de Daño,Individuo (señalado en el post),NO,NO,NO,18,4,0,0,0,0
582,Facebook,2026-07-14,USER_582,Mi pésame a la familia y amigos,Mi pésame a la familia y amigos,mi pesame a la familia y amigos,No Tóxico,0,,,NO,NO,NO,31,7,0,0,0,0
1684,X,2026-06-02,USER_1684,"Por favor no la vuelvan a mandar ,es una basura y de esas ya tenemos varios aquí!!!","Por favor no la vuelvan a mandar ,es una basura y de esas ya tenemos varios aquí!!!",por favor no la vuelvan a mandar es una basura y de esas ya tenemos varios aqui,Lenguaje Ofensivo,1,Insulto Directo,Persona Individual,NO,NO,NO,83,17,0,0,0,1
151,X,2026-07-13,USER_151,"Más de 1,500 productos con rebajas para este verano en Walmart. Desde artículos de playa y parrillas hasta frutas tropicales, mariscos y productos de alacena. Promociones vigentes hasta el 7 de abril, incluso con meses sin intereses. #VeranoSV #RevistaLaG #Empresariales","Más de 1,500 productos con rebajas para este verano en Walmart. Desde artículos de playa y parrillas hasta frutas tropicales, mariscos y productos de alacena. Promociones vigentes hasta el 7 de abril, incluso con meses sin intereses. #VeranoSV #RevistaLaG #Empresariales",mas de productos con rebajas para este verano en walmart desde articulos de playa y parrillas hasta frutas tropicales mariscos y productos de alacena promociones vigentes hasta el de abril incluso con meses sin intereses veranosv revistalag empresariales,No Tóxico,0,,,NO,NO,NO,270,40,0,0,3,1
1306,Facebook,2026-07-11,USER_1306,Busca trabajo hdp para que sepas como cuesta ganarlo y vos solo pidiendo andas mal parido,Busca trabajo hdp para que sepas como cuesta ganarlo y vos solo pidiendo andas mal parido,busca trabajo hdp para que sepas como cuesta ganarlo y vos solo pidiendo andas mal parido,Lenguaje Ofensivo,1,Insulto Directo,,NO,NO,NO,89,16,0,0,0,1
2033,X,2026-06-14,USER_2033,"Hoy el panchito villero y marrón de mierda de Enzo Fernández no se va a chulear de nadie, por lo que sea. Como de imbécil tienes que ser para que te expulsen llevando una camiseta de Argentina.","Hoy el panchito villero y marrón de mierda de Enzo Fernández no se va a chulear de nadie, por lo que sea. Como de imbécil tienes que ser para que te expulsen llevando una camiseta de Argentina.",hoy el panchito villero y marron de mierda de enzo fernandez no se va a chulear de nadie por lo que sea como de imbecil tienes que ser para que te expulsen llevando una camiseta de argentina,Discurso de Odio,2,Racismo,Persona Individual,NO,NO,SÍ,193,37,0,0,0,2
2895,X,2026-06-15,USER_2895,@IreneMontero tus inmigrantes de mierda,@usuario tus inmigrantes de mierda,usuario tus inmigrantes de mierda,Discurso de Odio,2,Xenofobia,Personas inmigrantes,NO,NO,NO,39,5,0,1,0,2
760,Facebook,2026-07-16,USER_760,Pena capital ya,Pena capital ya,pena capital ya,Amenazas/Violencia,3,Deseo de Daño,Pandilleros/Mareros,NO,NO,NO,15,3,0,0,0,0
311,X,2026-07-14,USER_311,"@MisterPoison_SV @elsalvadorcom habría q linchar a los mareros tambien y seria la de nunca acabar, mal en verdad este país.","@usuario @usuario habría q linchar a los mareros tambien y seria la de nunca acabar, mal en verdad este país.",usuario usuario habria q linchar a los mareros tambien y seria la de nunca acabar mal en verdad este pais,Amenazas/Violencia,3,Incitación a la Violencia,Pandilleros/Mareros,NO,NO,NO,123,20,0,2,0,1
2650,X,2026-06-24,USER_2650,Venezolanos de mierda. Pudranse en su miseria.,Venezolanos de mierda. Pudranse en su miseria.,venezolanos de mierda pudranse en su miseria,Amenazas/Violencia,3,Deseo de Daño,Personas venezolanas,NO,NO,NO,46,7,0,0,0,1
1279,Facebook,2026-07-12,USER_1279,Y este 0te quien es ? Pense que ya se habia mrto,Y este 0te quien es ? Pense que ya se habia mrto,y este te quien es pense que ya se habia mrto,Lenguaje Ofensivo,1,Insulto Directo,,SÍ,SÍ,NO,48,12,0,0,0,1
1839,X,2026-06-07,USER_1839,Para el más pendejo de El Salvador Marx deja de servirles hasta que llegan al poder.,Para el más pendejo de El Salvador Marx deja de servirles hasta que llegan al poder.,para el mas pendejo de el salvador marx deja de servirles hasta que llegan al poder,Lenguaje Ofensivo,1,Insulto Directo,Funcionarios Públicos,SÍ,SÍ,SÍ,84,16,0,0,0,1
224,X,2026-07-14,USER_224,Y si hacemos esto para la cena de Fin de Año? #felizañonuevo #RecetasSV #yucafrita,Y si hacemos esto para la cena de Fin de Año? #felizañonuevo #RecetasSV #yucafrita,y si hacemos esto para la cena de fin de ano felizanonuevo recetassv yucafrita,No Tóxico,0,,,NO,NO,NO,82,14,0,0,3,0
570,Facebook,2026-07-14,USER_570,Solo psicólogos???... Hubiese llevado a trabajadores sociales tambien,Solo psicólogos???... Hubiese llevado a trabajadores sociales tambien,solo psicologos hubiese llevado a trabajadores sociales tambien,No Tóxico,0,,,NO,NO,SÍ,69,8,0,0,0,0
2756,X,2026-06-06,USER_2756,"Por que tiene que pedir perdón tontoelhaba?? Por decir que hay más nogros/moros que franceses en la selección nacional?? Es mentira?? Acaso les llamo moros de mierda, o negraco pestilentes???","Por que tiene que pedir perdón tontoelhaba?? Por decir que hay más nogros/moros que franceses en la selección nacional?? Es mentira?? Acaso les llamo moros de mierda, o negraco pestilentes???",por que tiene que pedir perdon tontoelhaba por decir que hay mas nogros moros que franceses en la seleccion nacional es mentira acaso les llamo moros de mierda o negraco pestilentes,Discurso de Odio,2,Racismo,Personas musulmanas,NO,NO,NO,191,30,0,0,0,1
41,X,2026-07-13,USER_041,"Lo único que debes dejar en la playa, es algo así! #PlayasElSalvador #ElCuco #NoMasBasura #2MinuteChallenge @EtnyaSv @UKinElSalvador @HMAGarside @USAmbSV","Lo único que debes dejar en la playa, es algo así! #PlayasElSalvador #ElCuco #NoMasBasura #2MinuteChallenge @usuario @usuario @usuario @usuario",lo unico que debes dejar en la playa es algo asi playaselsalvador elcuco nomasbasura minutechallenge usuario usuario usuario usuario,No Tóxico,0,,,NO,NO,NO,153,19,0,4,4,0
143,X,2026-07-13,USER_143,"Procesión al Divino Salvador del Mundo recorrió varias calles en Arlington, Virginia. Muestra de la devoción de nuestra gente. #SalvadoreñosenelMundo","Procesión al Divino Salvador del Mundo recorrió varias calles en Arlington, Virginia. Muestra de la devoción de nuestra gente. #SalvadoreñosenelMundo",procesion al divino salvador del mundo recorrio varias calles en arlington virginia muestra de la devocion de nuestra gente salvadorenosenelmundo,No Tóxico,0,,,NO,NO,SÍ,149,20,0,0,1,0
104,X,2026-07-13,USER_104,Concierto Fundación @renacer #musicaSv,Concierto Fundación @usuario #musicaSv,concierto fundacion usuario musicasv,No Tóxico,0,,,NO,NO,NO,38,4,0,1,1,0
2296,Facebook,2026-07-21,USER_2296,M S = Mono Salvaje,M S = Mono Salvaje,m s mono salvaje,Amenazas/Violencia,3,Deshumanización,Salvadoreños,NO,NO,NO,18,5,0,0,0,0
1465,Facebook,2026-06-14,USER_1465,Aquí vale verga lo que opine esa resentida bukele es elegido por el pueblo y para el pueblo que ladren esas perras vale verga,Aquí vale verga lo que opine esa resentida bukele es elegido por el pueblo y para el pueblo que ladren esas perras vale verga,aqui vale verga lo que opine esa resentida bukele es elegido por el pueblo y para el pueblo que ladren esas perras vale verga,Lenguaje Ofensivo,1,Tono Agresivo,Persona Individual,NO,NO,SÍ,125,24,0,0,0,1
359,X,2026-07-14,USER_359,"YO SE LOS AGARRO, LOS ROMPO Y SE LOS TIRO EN LAS PIES. PARA EMPEZAR ESOS SON LOS NUEVOS MAREROS, MUCHOS DE ESOS QUE CONTRATAN, ERAN PANDILLEROS. ENTONCES ME AGREDEN Y POSTERIORMENTE LLAMAN LOS POLICIAS. OTROS PERROS QUE LE MUEVEN LA COLA A BUKELE Y VOY A SABER CUÁNTOS AÑOS PRESO.","YO SE LOS AGARRO, LOS ROMPO Y SE LOS TIRO EN LAS PIES. PARA EMPEZAR ESOS SON LOS NUEVOS MAREROS, MUCHOS DE ESOS QUE CONTRATAN, ERAN PANDILLEROS. ENTONCES ME AGREDEN Y POSTERIORMENTE LLAMAN LOS POLICIAS. OTROS PERROS QUE LE MUEVEN LA COLA A BUKELE Y VOY A SABER CUÁNTOS AÑOS PRESO.",yo se los agarro los rompo y se los tiro en las pies para empezar esos son los nuevos mareros muchos de esos que contratan eran pandilleros entonces me agreden y posteriormente llaman los policias otros perros que le mueven la cola a bukele y voy a saber cuantos anos preso,Amenazas/Violencia,3,Amenaza Directa,Pandilleros/Mareros,NO,NO,SÍ,280,51,0,0,0,3
1630,X,2026-05-30,USER_1630,"Cuba ni ellos se pueden ayudar, no jodas mantecoso cerote.","Cuba ni ellos se pueden ayudar, no jodas mantecoso cerote.",cuba ni ellos se pueden ayudar no jodas mantecoso cerote,Lenguaje Ofensivo,1,Insulto Directo,Persona Individual,NO,NO,SÍ,58,10,0,0,0,1
2645,X,2026-06-18,USER_2645,Ser tu propio jefe. Cómo se dejaron lavar la cabeza los pibes de acá con todos esos venezolanos de mierda.,Ser tu propio jefe. Cómo se dejaron lavar la cabeza los pibes de acá con todos esos venezolanos de mierda.,ser tu propio jefe como se dejaron lavar la cabeza los pibes de aca con todos esos venezolanos de mierda,Discurso de Odio,2,Xenofobia,Personas venezolanas,NO,NO,NO,106,20,0,0,0,2
1429,Facebook,2026-06-14,USER_1429,Saquen a esa vieja hija de puta mañosa de mierda inmediatamente.vieja puta vividora.,Saquen a esa vieja hija de puta mañosa de mierda inmediatamente.vieja puta vividora.,saquen a esa vieja hija de puta manosa de mierda inmediatamente vieja puta vividora,Lenguaje Ofensivo,1,Insulto Directo,Persona Individual,NO,NO,NO,84,13,0,0,0,2
236,X,2026-07-14,USER_236,"Ay #selectaSv ay, como dueles.... ni modo, pa' que nos ilusionas...???","Ay #selectaSv ay, como dueles.... ni modo, pa' que nos ilusionas...???",ay selectasv ay como dueles ni modo pa que nos ilusionas,No Tóxico,0,,,NO,SÍ,NO,70,11,0,0,1,0
1677,X,2026-06-02,USER_1677,Pélame la Dr catrin..🤪🤪🤪🤪🤪. Te ganaste tu premio.,Pélame la Dr catrin.. :cara_de_loco: :cara_de_loco: :cara_de_loco: :cara_de_loco: :cara_de_loco: . Te ganaste tu premio.,pelame la dr catrin te ganaste tu premio,Lenguaje Ofensivo,1,Palabras Obscenas,Persona Individual,SÍ,NO,SÍ,49,8,5,0,0,0
1311,Facebook,2026-07-11,USER_1311,Y este hdp aragan que trabajen malditos mantenidos,Y este hdp aragan que trabajen malditos mantenidos,y este hdp aragan que trabajen malditos mantenidos,Lenguaje Ofensivo,1,Insulto Directo,Persona Individual,SÍ,NO,NO,50,8,0,0,0,1
2191,Facebook,2026-06-28,USER_2191,Súper fans Xavi Vazquez aqui no es la liga de argentina mi rey,Súper fans Xavi Vazquez aqui no es la liga de argentina mi rey,super fans xavi vazquez aqui no es la liga de argentina mi rey,No Tóxico,0,,Personas argentinas,SI,SI,NO,62,13,0,0,0,0
906,Facebook,2026-07-23,USER_906,Bueno no lo espera el cecot el infierno te da la vienbenida foca macarronera,Bueno no lo espera el cecot el infierno te da la vienbenida foca macarronera,bueno no lo espera el cecot el infierno te da la vienbenida foca macarronera,Amenazas/Violencia,3,Deseo de Daño,Individuo señalado,NO,NO,NO,76,14,0,0,0,1
2954,X,2026-06-10,USER_2954,"Si, a todos los venezolanos de mierda como tú los quiero FUERA DE ESPAÑA. Capaz y voto por VOX el año que viene para que te den una patada y te devuelvan con Delcy.","Si, a todos los venezolanos de mierda como tú los quiero FUERA DE ESPAÑA. Capaz y voto por VOX el año que viene para que te den una patada y te devuelvan con Delcy.",si a todos los venezolanos de mierda como tu los quiero fuera de espana capaz y voto por vox el ano que viene para que te den una patada y te devuelvan con delcy,Discurso de Odio,2,Xenofobia,Personas inmigrantes,NO,NO,NO,164,34,0,0,0,3
2212,Facebook,2026-07-03,USER_2212,GO Fernando Desgraciadamente Messi es Argentino,GO Fernando Desgraciadamente Messi es Argentino,go fernando desgraciadamente messi es argentino,No Tóxico,0,,Personas argentinas,SI,SI,NO,47,6,0,0,0,0
1516,Facebook,2026-07-26,USER_1516,Esq son tontos nadie puede opinar nada si todos emos echo uso de ese recurso y ahora con esas pendejadas acaso les van a pagar por andar de SAPOS..HP,Esq son tontos nadie puede opinar nada si todos emos echo uso de ese recurso y ahora con esas pendejadas acaso les van a pagar por andar de SAPOS..HP,esq son tontos nadie puede opinar nada si todos emos echo uso de ese recurso y ahora con esas pendejadas acaso les van a pagar por andar de sapos hp,Lenguaje Ofensivo,1,Insulto Directo,,NO,NO,NO,149,29,0,0,0,1
2364,Facebook,2026-07-22,USER_2364,¿Qlitos... Hemorroides tal vez... por andar todo el día entortado??. ??,¿Qlitos... Hemorroides tal vez... por andar todo el día entortado??. ??,qlitos hemorroides tal vez por andar todo el dia entortado,Lenguaje Ofensivo,1,Burla,Personas LGBT,NO,NO,NO,71,11,0,0,0,0
211,X,2026-07-14,USER_211,"ATENCION, DOCENTES. Pasen a descargar y compartir en sus centros educativos por el Día Internacional de la Mujer. #8demarzo #MujeresSV #CulturaSV @EfemeridesSV","ATENCION, DOCENTES. Pasen a descargar y compartir en sus centros educativos por el Día Internacional de la Mujer. #8demarzo #MujeresSV #CulturaSV @usuario",atencion docentes pasen a descargar y compartir en sus centros educativos por el dia internacional de la mujer demarzo mujeressv culturasv usuario,No Tóxico,0,,,NO,NO,NO,159,22,0,1,3,0
1388,Facebook,2026-06-25,USER_1388,Lo bueno que los que apoyan a esos pendejos les sobra el billete entonces si esta bien la economía,Lo bueno que los que apoyan a esos pendejos les sobra el billete entonces si esta bien la economía,lo bueno que los que apoyan a esos pendejos les sobra el billete entonces si esta bien la economia,Lenguaje Ofensivo,1,Insulto Directo,Persona Individual,SÍ,SÍ,NO,98,19,0,0,0,1
856,Facebook,2026-07-19,USER_856,prendanles fuego a todos esos insectos,prendanles fuego a todos esos insectos,prendanles fuego a todos esos insectos,Amenazas/Violencia,3,Incitación a la Violencia,Reos/delincuentes,NO,NO,NO,38,6,0,0,0,0
1767,X,2026-06-07,USER_1767,"Sería bueno meter un par de días a bartolina a este personaje (alias la Pelancha) para que se le quite lo terengo, porque es mas terengo que arenazis. @CRAMSV","Sería bueno meter un par de días a bartolina a este personaje (alias la Pelancha) para que se le quite lo terengo, porque es mas terengo que arenazis. @usuario",seria bueno meter un par de dias a bartolina a este personaje alias la pelancha para que se le quite lo terengo porque es mas terengo que arenazis usuario,Lenguaje Ofensivo,1,Tono Agresivo,Persona Individual,NO,NO,SÍ,158,29,0,1,0,1
240,X,2026-07-14,USER_240,"Contra Mexico, muéstrense ustedes mismos y a la CONCACAF de que SI son capaces de alcansar cosas grandes!! Vamos #SelectaSV a alcansar el objetivo luchando fuerte!!","Contra Mexico, muéstrense ustedes mismos y a la CONCACAF de que SI son capaces de alcansar cosas grandes!! Vamos #SelectaSV a alcansar el objetivo luchando fuerte!!",contra mexico muestrense ustedes mismos y a la concacaf de que si son capaces de alcansar cosas grandes vamos selectasv a alcansar el objetivo luchando fuerte,No Tóxico,0,,,NO,NO,NO,164,26,0,0,1,0
2660,X,2026-06-27,USER_2660,"Pero la independencia no fue por cuestiones personales, el rey no mandaba videos diciendo sois unos sudacas de mierda viva España! Y no tienen ningún territorio nuestro ocupado en la actualidad","Pero la independencia no fue por cuestiones personales, el rey no mandaba videos diciendo sois unos sudacas de mierda viva España! Y no tienen ningún territorio nuestro ocupado en la actualidad",pero la independencia no fue por cuestiones personales el rey no mandaba videos diciendo sois unos sudacas de mierda viva espana y no tienen ningun territorio nuestro ocupado en la actualidad,No Tóxico,0,,Personas latinoamericanas,NO,NO,NO,193,31,0,0,0,1
969,Facebook,2026-07-24,USER_969,Voy a decir algo a mí no me da lástima este delincuente a mí no me da lástima pero imagínese tanta familia que sufrieron por la culpa de los pandilleros ustedes ganan llorando para qué c*** No educaron más bien a sus hijos para que no andan j******* a otra gente ganándose su vida ganándose su dinero para que otros vengan a dañarle su familia y a dañar su trabajo pidiendo la renta qué pendejada más grande de los pandilleros yo para mí que sufran donde están ellos y lo siguen soñando que ellos van a salir porque ya tiene castigos de la ley y castigo de Dios yo no siento lástima por ellos,Voy a decir algo a mí no me da lástima este delincuente a mí no me da lástima pero imagínese tanta familia que sufrieron por la culpa de los pandilleros ustedes ganan llorando para qué c*** No educaron más bien a sus hijos para que no andan j******* a otra gente ganándose su vida ganándose su dinero para que otros vengan a dañarle su familia y a dañar su trabajo pidiendo la renta qué pendejada más grande de los pandilleros yo para mí que sufran donde están ellos y lo siguen soñando que ellos van a salir porque ya tiene castigos de la ley y castigo de Dios yo no siento lástima por ellos,voy a decir algo a mi no me da lastima este delincuente a mi no me da lastima pero imaginese tanta familia que sufrieron por la culpa de los pandilleros ustedes ganan llorando para que c no educaron mas bien a sus hijos para que no andan j a otra gente ganandose su vida ganandose su dinero para que otros vengan a danarle su familia y a danar su trabajo pidiendo la renta que pendejada mas grande de los pandilleros yo para mi que sufran donde estan ellos y lo siguen sonando que ellos van a salir porque ya tiene castigos de la ley y castigo de dios yo no siento lastima por ellos,Amenazas/Violencia,3,Deseo de Daño,Grupo,NO,NO,NO,592,114,0,0,0,2
1124,Facebook,2026-06-24,USER_1124,Trabaja semejante huevon se lesva acabar esto,Trabaja semejante huevon se lesva acabar esto,trabaja semejante huevon se lesva acabar esto,Lenguaje Ofensivo,1,Insulto Directo,Persona Individual,NO,NO,NO,45,7,0,0,0,0
336,X,2026-07-14,USER_336,"No se complique con escorias, mareros asesinos, sus financistas y los q apoyan esos crímenes Hay q hacer limpieza y la podredumbre, a la fosa séptica BLOQUEADO POR ASQUEROSO","No se complique con escorias, mareros asesinos, sus financistas y los q apoyan esos crímenes Hay q hacer limpieza y la podredumbre, a la fosa séptica BLOQUEADO POR ASQUEROSO",no se complique con escorias mareros asesinos sus financistas y los q apoyan esos crimenes hay q hacer limpieza y la podredumbre a la fosa septica bloqueado por asqueroso,Amenazas/Violencia,3,Incitación a la Violencia,Pandilleros/Mareros y financistas,NO,NO,NO,173,29,0,0,0,4
2564,Facebook,2026-07-24,USER_2564,"Vaya cómo cambian las cosas según pasan los años, antes los hombres se divertían jugando fútbol y ahora se divierten mordiendo la almohada","Vaya cómo cambian las cosas según pasan los años, antes los hombres se divertían jugando fútbol y ahora se divierten mordiendo la almohada",vaya como cambian las cosas segun pasan los anos antes los hombres se divertian jugando futbol y ahora se divierten mordiendo la almohada,Discurso de Odio,2,Homofobia,Personas LGBT,NO,NO,NO,138,23,0,0,0,0
2804,X,2026-06-26,USER_2804,"No, judíos de mierda.","No, judíos de mierda.",no judios de mierda,Discurso de Odio,2,Antisemitismo,Personas judi­as,NO,NO,NO,21,4,0,0,0,1
1393,Facebook,2026-06-25,USER_1393,Es el único que se atreve a molerle la kk....otros le tienen miedo a los 7 años de salazón,Es el único que se atreve a molerle la kk....otros le tienen miedo a los 7 años de salazón,es el unico que se atreve a molerle la kk otros le tienen miedo a los anos de salazon,Lenguaje Ofensivo,1,Tono Agresivo,Persona Individual,NO,NO,NO,90,19,0,0,0,0
3078,X,2026-06-29,USER_3078,Malditos judíos de mierda!,Malditos judíos de mierda!,malditos judios de mierda,Discurso de Odio,2,Antisemitismo,Personas judias,NO,NO,NO,26,4,0,0,0,1
634,Facebook,2026-07-14,USER_634,Pues ni los angeles del suelo y el hijo del padre lo sabe solo el mismo dios sabe el día y hora en q el regresará así q Aser las cosas bien bibir como dios le agrade y con la gracia del espíritu santo,Pues ni los angeles del suelo y el hijo del padre lo sabe solo el mismo dios sabe el día y hora en q el regresará así q Aser las cosas bien bibir como dios le agrade y con la gracia del espíritu santo,pues ni los angeles del suelo y el hijo del padre lo sabe solo el mismo dios sabe el dia y hora en q el regresara asi q aser las cosas bien bibir como dios le agrade y con la gracia del espiritu santo,No Tóxico,0,,,NO,NO,NO,200,44,0,0,0,1
715,Facebook,2026-07-14,USER_715,"No me avisaron para ir a competir en las internas, qué falta de consideración(!)","No me avisaron para ir a competir en las internas, qué falta de consideración(!)",no me avisaron para ir a competir en las internas que falta de consideracion,No Tóxico,0,,,NO,SÍ,SÍ,80,14,0,0,0,0
501,X,2026-07-14,USER_501,Excelente por parte del policía! Sin piedad con esos asesinos mareros!!,Excelente por parte del policía! Sin piedad con esos asesinos mareros!!,excelente por parte del policia sin piedad con esos asesinos mareros,Amenazas/Violencia,3,Celebración de Violencia,Pandilleros/Mareros,NO,NO,SÍ,71,11,0,0,0,2
2943,X,2026-06-02,USER_2943,"Venezolanos de mierda, asesinos y secuestradores","Venezolanos de mierda, asesinos y secuestradores",venezolanos de mierda asesinos y secuestradores,Discurso de Odio,2,Xenofobia,Personas inmigrantes,NO,NO,NO,48,6,0,0,0,1
1134,Facebook,2026-06-25,USER_1134,Vayase a la mierda mejor,Vayase a la mierda mejor,vayase a la mierda mejor,Lenguaje Ofensivo,1,Insulto Directo,,NO,NO,NO,24,5,0,0,0,1
3003,X,2026-07-02,USER_3003,"Ojala nos negros de mierda no caguen la fiesta post mundial robando, rompiendo, golpeando... Ah cierto, asesinando podria ser tambien...","Ojala nos negros de mierda no caguen la fiesta post mundial robando, rompiendo, golpeando... Ah cierto, asesinando podria ser tambien...",ojala nos negros de mierda no caguen la fiesta post mundial robando rompiendo golpeando ah cierto asesinando podria ser tambien,Discurso de Odio,2,Racismo,Personas negras o racializadas,NO,NO,NO,136,20,0,0,0,2
2163,Facebook,2026-07-04,USER_2163,"Foster Laura Chuquispuma ""Para los que dicen que esra arreglado, ¿por qué Argentina tuvo menos descanso que Francia? Francia 5 días, Argentina 4."" ""Si estuviera arreglado, no nos harían jugar prórrogas ni sufrir hasta el final."" ""Si estuviera arreglado, todos los árbitros serían argentinos... y son de distintos países."" ""Si estuviera arreglado, el VAR no revisaría las jugadas en contra de Argentina."" ""Si estuviera arreglado, ¿por qué a Messi le pegaron todo el Mundial y muchas faltas ni amarilla fueron?"" ""Si estuviera arreglado, Argentina ganaría caminando, no sufriendo contra todos."" ""Si estuviera arreglado, ya habría una prueba. Pasaron años y siguen sin mostrar una sola."" ""Cada vez que pierde una selección grande, aparecen las teorías conspirativas. Con Brasil, Francia y España pasó lo mismo."" ""Los que dicen 'está comprado' nunca muestran pruebas, solo videos editados de TikTok."" ""Para arreglar un Mundial tendrían que estar comprados árbitros, VAR, FIFA, jugadores y dirigentes de decenas de países... es ridículo pensar que nadie lo filtraría."" ""Argentina gana porque tiene un equipazo, no porque alguien le regale los partidos."" ""Confundir un error arbitral con un Mundial arreglado es como decir que un examen está comprado porque el profesor se equivocó corrigiendo una pregunta.""""Si tienen pruebas, que las presenten. Si solo tienen teorías, entonces no están demostrando nada.""","Foster Laura Chuquispuma ""Para los que dicen que esra arreglado, ¿por qué Argentina tuvo menos descanso que Francia? Francia 5 días, Argentina 4."" ""Si estuviera arreglado, no nos harían jugar prórrogas ni sufrir hasta el final."" ""Si estuviera arreglado, todos los árbitros serían argentinos... y son de distintos países."" ""Si estuviera arreglado, el VAR no revisaría las jugadas en contra de Argentina."" ""Si estuviera arreglado, ¿por qué a Messi le pegaron todo el Mundial y muchas faltas ni amarilla fueron?"" ""Si estuviera arreglado, Argentina ganaría caminando, no sufriendo contra todos."" ""Si estuviera arreglado, ya habría una prueba. Pasaron años y siguen sin mostrar una sola."" ""Cada vez que pierde una selección grande, aparecen las teorías conspirativas. Con Brasil, Francia y España pasó lo mismo."" ""Los que dicen 'está comprado' nunca muestran pruebas, solo videos editados de TikTok."" ""Para arreglar un Mundial tendrían que estar comprados árbitros, VAR, FIFA, jugadores y dirigentes de decenas de países... es ridículo pensar que nadie lo filtraría."" ""Argentina gana porque tiene un equipazo, no porque alguien le regale los partidos."" ""Confundir un error arbitral con un Mundial arreglado es como decir que un examen está comprado porque el profesor se equivocó corrigiendo una pregunta.""""Si tienen pruebas, que las presenten. Si solo tienen teorías, entonces no están demostrando nada.""",foster laura chuquispuma para los que dicen que esra arreglado por que argentina tuvo menos descanso que francia francia dias argentina si estuviera arreglado no nos harian jugar prorrogas ni sufrir hasta el final si estuviera arreglado todos los arbitros serian argentinos y son de distintos paises si estuviera arreglado el var no revisaria las jugadas en contra de argentina si estuviera arreglado por que a messi le pegaron todo el mundial y muchas faltas ni amarilla fueron si estuviera arreglado argentina ganaria caminando no sufriendo contra todos si estuviera arreglado ya habria una prueba pasaron anos y siguen sin mostrar una sola cada vez que pierde una seleccion grande aparecen las teorias conspirativas con brasil francia y espana paso lo mismo los que dicen esta comprado nunca muestran pruebas solo videos editados de tiktok para arreglar un mundial tendrian que estar comprados arbitros var fifa jugadores y dirigentes de decenas de paises es ridiculo pensar que nadie lo filtraria argentina gana porque tiene un equipazo no porque alguien le regale los partidos confundir un error arbitral con un mundial arreglado es como decir que un examen esta comprado porque el profesor se equivoco corrigiendo una pregunta si tienen pruebas que las presenten si solo tienen teorias entonces no estan demostrando nada,No Tóxico,0,,Personas argentinas,SI,SI,NO,1400,213,0,0,0,3
1626,X,2026-05-30,USER_1626,"Semejante hijo de puta barba de cabro viejo. Solo trompa tenés, marica","Semejante hijo de puta barba de cabro viejo. Solo trompa tenés, marica",semejante hijo de puta barba de cabro viejo solo trompa tenes marica,Lenguaje Ofensivo,1,Insulto Directo,Funcionarios Públicos,NO,NO,SÍ,70,12,0,0,0,2
2596,X,2026-07-10,USER_2596,"Inmigrantes de mierda dejaron la pura cagada, que van a estar rescatando venezolanos, que se mueran","Inmigrantes de mierda dejaron la pura cagada, que van a estar rescatando venezolanos, que se mueran",inmigrantes de mierda dejaron la pura cagada que van a estar rescatando venezolanos que se mueran,Amenazas/Violencia,3,Deseo de Daño,Personas inmigrantes; venezolanos,NO,NO,NO,99,16,0,0,0,3
1529,Facebook,2026-07-26,USER_1529,Está página es una mierda,Está página es una mierda,esta pagina es una mierda,Lenguaje Ofensivo,1,Palabras Obscenas,Medios de Comunicación,NO,NO,NO,25,5,0,0,0,1
1641,X,2026-05-30,USER_1641,"Mira, pendejo, vos sos el que menos autoridad moral tenés para hablar de las lacras de los diputados. Yo, con mis impuestos, te pago el salario, y me gustaría que renunciaras para que con lo que ganás se le pague a un médico. Vos sobrás. En serio.","Mira, pendejo, vos sos el que menos autoridad moral tenés para hablar de las lacras de los diputados. Yo, con mis impuestos, te pago el salario, y me gustaría que renunciaras para que con lo que ganás se le pague a un médico. Vos sobrás. En serio.",mira pendejo vos sos el que menos autoridad moral tenes para hablar de las lacras de los diputados yo con mis impuestos te pago el salario y me gustaria que renunciaras para que con lo que ganas se le pague a un medico vos sobras en serio,Lenguaje Ofensivo,1,Insulto Directo,Funcionarios Públicos,NO,NO,SÍ,247,47,0,0,0,2
1019,Facebook,2026-07-24,USER_1019,Porqve no dejan qve terminen el trabajo qve barbaridad ahora qvizas no en su vivienda qvizas se podrá construir esqve así como vamos qvien sabe,Porqve no dejan qve terminen el trabajo qve barbaridad ahora qvizas no en su vivienda qvizas se podrá construir esqve así como vamos qvien sabe,porqve no dejan qve terminen el trabajo qve barbaridad ahora qvizas no en su vivienda qvizas se podra construir esqve asi como vamos qvien sabe,No Tóxico,0,,,NO,NO,NO,143,25,0,0,0,0
2831,X,2026-06-11,USER_2831,"""Pirqui juigi Giminiz"" Porque, con Zeballos, vuelven de una lesión, discapacitados de mierda. Es obvio que no están para 90' ninguno de los y van a jugar un tiempo cada uno. Es preferible que entre Zeballos en el ST que Gimenez. Piensen, inútiles.","""Pirqui juigi Giminiz"" Porque, con Zeballos, vuelven de una lesión, discapacitados de mierda. Es obvio que no están para 90' ninguno de los y van a jugar un tiempo cada uno. Es preferible que entre Zeballos en el ST que Gimenez. Piensen, inútiles.",pirqui juigi giminiz porque con zeballos vuelven de una lesion discapacitados de mierda es obvio que no estan para ninguno de los y van a jugar un tiempo cada uno es preferible que entre zeballos en el st que gimenez piensen inutiles,Discurso de Odio,2,Capacitismo,Personas con discapacidad,NO,NO,NO,247,43,0,0,0,3
440,X,2026-07-14,USER_440,Marero ó pandillero muerto no cuenta como un ser humano es un animal en cuerpo de humano,Marero ó pandillero muerto no cuenta como un ser humano es un animal en cuerpo de humano,marero o pandillero muerto no cuenta como un ser humano es un animal en cuerpo de humano,Amenazas/Violencia,3,Deshumanización,Pandilleros/Mareros,NO,NO,NO,88,17,0,0,0,3
1945,X,2026-06-14,USER_1945,"Por culpa de Derya el otro de Volkan se fue a ver a la madre y no a Derin, traidora de mierda. #TraicionadaCHV","Por culpa de Derya el otro de Volkan se fue a ver a la madre y no a Derin, traidora de mierda. #TraicionadaCHV",por culpa de derya el otro de volkan se fue a ver a la madre y no a derin traidora de mierda traicionadachv,Lenguaje Ofensivo,1,Insulto Directo,Persona Individual,NO,NO,NO,110,23,0,0,1,1
599,Facebook,2026-07-14,USER_599,No me pierdo todas las mañanas TCS noticias,No me pierdo todas las mañanas TCS noticias,no me pierdo todas las mananas tcs noticias,No Tóxico,0,,,NO,NO,NO,43,8,0,0,0,0
2349,Facebook,2026-07-23,USER_2349,La neta SI DA buenos datos positivos. ????????,La neta SI DA buenos datos positivos. ????????,la neta si da buenos datos positivos,Discurso de Odio,2,Serofobia,Personas con VIH,SI,SI,NO,46,8,0,0,0,0
1881,X,2026-07-08,USER_1881,Doy gracias a Dios que CR7 se retira de la selección de portugal así jamás voy a tener que volver a ver a estos hijos de puta en mi vida Llevo desde 2010 viendo básicamente todos su partidos de mierda en los cuales no sabían ni dar 2 pases seguidos,Doy gracias a Dios que CR7 se retira de la selección de portugal así jamás voy a tener que volver a ver a estos hijos de puta en mi vida Llevo desde 2010 viendo básicamente todos su partidos de mierda en los cuales no sabían ni dar 2 pases seguidos,doy gracias a dios que cr se retira de la seleccion de portugal asi jamas voy a tener que volver a ver a estos hijos de puta en mi vida llevo desde viendo basicamente todos su partidos de mierda en los cuales no sabian ni dar pases seguidos,Lenguaje Ofensivo,1,Insulto Directo,,SÍ,NO,NO,248,50,0,0,0,2
2903,X,2026-06-10,USER_2903,"Me caga que siempre los inmigrantes de mierda se encuentran con gente que no los golpea, yo lo hubiera atropellado","Me caga que siempre los inmigrantes de mierda se encuentran con gente que no los golpea, yo lo hubiera atropellado",me caga que siempre los inmigrantes de mierda se encuentran con gente que no los golpea yo lo hubiera atropellado,Amenazas/Violencia,3,Deseo de Daño,Personas inmigrantes,NO,NO,NO,114,20,0,0,0,3
137,X,2026-07-13,USER_137,"¡Panchimalco es cultura, El Salvador es orgullo! Sigamos construyendo juntos el país que siempre soñamos, llevando nuestras raíces a cada rincón del planeta. #OrgulloSalvadoreño #Panchimalco #UNESCO #ElSalvador 4/4","¡Panchimalco es cultura, El Salvador es orgullo! Sigamos construyendo juntos el país que siempre soñamos, llevando nuestras raíces a cada rincón del planeta. #OrgulloSalvadoreño #Panchimalco #UNESCO #ElSalvador 4/4",panchimalco es cultura el salvador es orgullo sigamos construyendo juntos el pais que siempre sonamos llevando nuestras raices a cada rincon del planeta orgullosalvadoreno panchimalco unesco elsalvador,No Tóxico,0,,,NO,NO,NO,214,28,0,0,4,0
1987,X,2026-06-14,USER_1987,"Porque nunca fue nadie, siempre fue la sombra de otros y cristiano, pues cristiano es cristiano y si le critican es por lo verga que es","Porque nunca fue nadie, siempre fue la sombra de otros y cristiano, pues cristiano es cristiano y si le critican es por lo verga que es",porque nunca fue nadie siempre fue la sombra de otros y cristiano pues cristiano es cristiano y si le critican es por lo verga que es,Lenguaje Ofensivo,1,Crítica Fuerte,Persona Individual,NO,NO,NO,135,26,0,0,0,2
2261,Facebook,2026-06-22,USER_2261,Por que creo que no se benderia como el resto que le an regalado todos los juegos Argentina,Por que creo que no se benderia como el resto que le an regalado todos los juegos Argentina,por que creo que no se benderia como el resto que le an regalado todos los juegos argentina,No Tóxico,0,,Personas argentinas,SI,SI,NO,91,18,0,0,0,0
1619,X,2026-05-30,USER_1619,"Mejor páguenle a los empleados públicos, chabacanes!","Mejor páguenle a los empleados públicos, chabacanes!",mejor paguenle a los empleados publicos chabacanes,Lenguaje Ofensivo,1,Insulto Directo,Funcionarios Públicos,NO,NO,SÍ,52,7,0,0,0,0
1017,Facebook,2026-07-24,USER_1017,En Santa Rosa de Lima te esperan para un homenaje,En Santa Rosa de Lima te esperan para un homenaje,en santa rosa de lima te esperan para un homenaje,No Tóxico,0,,,NO,NO,NO,49,10,0,0,0,0
2632,X,2026-07-04,USER_2632,TU PROFESOR ES UN REVERENDO PUTO QUE SE HACE EL ANTIMIGRANTES DESDE LA COMPUTADORA PERO CUANDO PASA POR LA VILLA A HACHA LA CABEZA PORQUE NO LE DAN LOS HUEVOS PARA IR Y REALMENTE HACERLA LA GUERRA A LOS INMIGRANTES DE MIERDA,TU PROFESOR ES UN REVERENDO PUTO QUE SE HACE EL ANTIMIGRANTES DESDE LA COMPUTADORA PERO CUANDO PASA POR LA VILLA A HACHA LA CABEZA PORQUE NO LE DAN LOS HUEVOS PARA IR Y REALMENTE HACERLA LA GUERRA A LOS INMIGRANTES DE MIERDA,tu profesor es un reverendo puto que se hace el antimigrantes desde la computadora pero cuando pasa por la villa a hacha la cabeza porque no le dan los huevos para ir y realmente hacerla la guerra a los inmigrantes de mierda,Amenazas/Violencia,3,Incitación a la Violencia,Personas inmigrantes,NO,NO,NO,224,42,0,0,0,4
2838,X,2026-07-10,USER_2838,siiiii weooon discapacitados de mierda,siiiii weooon discapacitados de mierda,siiiii weooon discapacitados de mierda,Discurso de Odio,2,Capacitismo,Personas con discapacidad,NO,NO,NO,38,5,0,0,0,1
589,Facebook,2026-07-14,USER_589,De alli descontarán lo poquito que aumentaron de pension,De alli descontarán lo poquito que aumentaron de pension,de alli descontaran lo poquito que aumentaron de pension,No Tóxico,0,,,NO,NO,NO,56,9,0,0,0,0
2790,X,2026-06-08,USER_2790,"Lo lógico sería llamarlos ""gitanos"" o mejor aún ""gitanos de mierda"". Pero claro, eso es discriminación, racismo y tal.","Lo lógico sería llamarlos ""gitanos"" o mejor aún ""gitanos de mierda"". Pero claro, eso es discriminación, racismo y tal.",lo logico seria llamarlos gitanos o mejor aun gitanos de mierda pero claro eso es discriminacion racismo y tal,Discurso de Odio,2,Racismo,Personas gitanas,NO,NO,NO,118,19,0,0,0,1
2575,Facebook,2026-07-23,USER_2575,Ja ja este negro esclavo si el supiera que nosotros le matamos el hambre a los dominicanos están endeudados con Venezuela. Y este maricon negro esclavo hablando locuras,Ja ja este negro esclavo si el supiera que nosotros le matamos el hambre a los dominicanos están endeudados con Venezuela. Y este maricon negro esclavo hablando locuras,ja ja este negro esclavo si el supiera que nosotros le matamos el hambre a los dominicanos estan endeudados con venezuela y este maricon negro esclavo hablando locuras,Discurso de Odio,2,Racismo,"Afrodescendientes, dominicanos",NO,NO,NO,168,28,0,0,0,3
932,Facebook,2026-07-24,USER_932,Excelente k se pudra en prisión ya van a salir unos diciendo k injusto es el presidente por mi 40 años le hubiese puesto,Excelente k se pudra en prisión ya van a salir unos diciendo k injusto es el presidente por mi 40 años le hubiese puesto,excelente k se pudra en prision ya van a salir unos diciendo k injusto es el presidente por mi anos le hubiese puesto,Amenazas/Violencia,3,Deseo de Daño,Individuo,NO,NO,SÍ,120,24,0,0,0,0
3032,X,2026-05-30,USER_3032,"Era más honesto que pongas que se enfrentan unos indios de mierda vs la alcurnia europea pero no te da los huevos, xenofobo cagón hijo de puta","Era más honesto que pongas que se enfrentan unos indios de mierda vs la alcurnia europea pero no te da los huevos, xenofobo cagón hijo de puta",era mas honesto que pongas que se enfrentan unos indios de mierda vs la alcurnia europea pero no te da los huevos xenofobo cagon hijo de puta,Lenguaje Ofensivo,1,Insulto Directo,Personas latinoamericanas,NO,NO,NO,142,27,0,0,0,3
1048,Facebook,2026-06-10,USER_1048,El idolo de pendej@s,El idolo de pendej@usuario,el idolo de pendej usuario,Lenguaje Ofensivo,1,Insulto Directo,Persona Individual,NO,NO,NO,20,4,0,1,0,1
1480,Facebook,2026-07-26,USER_1480,Malditos os que tomaron las fotos,Malditos os que tomaron las fotos,malditos os que tomaron las fotos,Lenguaje Ofensivo,1,Insulto Directo,,NO,NO,SÍ,33,6,0,0,0,0
3091,X,2026-06-17,USER_3091,"Porque entre tu país y Argentina, el que se la traga más profundo a los judíos de mierda son los Argentinos. Por eso.","Porque entre tu país y Argentina, el que se la traga más profundo a los judíos de mierda son los Argentinos. Por eso.",porque entre tu pais y argentina el que se la traga mas profundo a los judios de mierda son los argentinos por eso,Discurso de Odio,2,Antisemitismo,Personas judias,NO,NO,NO,117,23,0,0,0,2
417,X,2026-07-14,USER_417,Y lo peor de todo Todos gente civil no veo ningun marero ni pandillero muerto que fueran 27 hijos de putas de esos pues fuera bueno,Y lo peor de todo Todos gente civil no veo ningun marero ni pandillero muerto que fueran 27 hijos de putas de esos pues fuera bueno,y lo peor de todo todos gente civil no veo ningun marero ni pandillero muerto que fueran hijos de putas de esos pues fuera bueno,Amenazas/Violencia,3,Deseo de Daño,Pandilleros/Mareros,NO,NO,NO,131,26,0,0,0,4
1840,X,2026-06-07,USER_1840,"Si tenes pruebas que el presidente es un ladrón ve a El Salvador i presenta las pruebas a la Fiscalía, cobarde de mierda, como ruego para que te regresen al bote, HDMTS","Si tenes pruebas que el presidente es un ladrón ve a El Salvador i presenta las pruebas a la Fiscalía, cobarde de mierda, como ruego para que te regresen al bote, HDMTS",si tenes pruebas que el presidente es un ladron ve a el salvador i presenta las pruebas a la fiscalia cobarde de mierda como ruego para que te regresen al bote hdmts,Lenguaje Ofensivo,1,Insulto Directo,Persona Individual,NO,NO,SÍ,168,32,0,0,0,2
1614,X,2026-05-30,USER_1614,"Si hacemos famosos esos come mocos, por eso el país lo gobierna un cerote egocéntrico, que deja sin órganos a los que ve como amenaza y sampa presos a los empresarios. No sé diga de la bola de pendejos de la asamblea","Si hacemos famosos esos come mocos, por eso el país lo gobierna un cerote egocéntrico, que deja sin órganos a los que ve como amenaza y sampa presos a los empresarios. No sé diga de la bola de pendejos de la asamblea",si hacemos famosos esos come mocos por eso el pais lo gobierna un cerote egocentrico que deja sin organos a los que ve como amenaza y sampa presos a los empresarios no se diga de la bola de pendejos de la asamblea,Lenguaje Ofensivo,1,Insulto Directo,Funcionarios Públicos,NO,NO,SÍ,216,42,0,0,0,2
324,X,2026-07-14,USER_324,"Y los puntos de la @AsambleaSV todavía preguntan cuál es la prisa. Malditos diputados. No me gusta desearle la muerte a nadie pero la verdad es que los corruptos merecen la pena de muerte, más que los mareros. @nayibbukele gracias por darnos una esperanza.","Y los puntos de la @usuario todavía preguntan cuál es la prisa. Malditos diputados. No me gusta desearle la muerte a nadie pero la verdad es que los corruptos merecen la pena de muerte, más que los mareros. @usuario gracias por darnos una esperanza.",y los puntos de la usuario todavia preguntan cual es la prisa malditos diputados no me gusta desearle la muerte a nadie pero la verdad es que los corruptos merecen la pena de muerte mas que los mareros usuario gracias por darnos una esperanza,Amenazas/Violencia,3,Deseo de Daño,Individuo (diputados),NO,NO,SÍ,256,44,0,2,0,1
2442,Facebook,2026-07-21,USER_2442,Eres como una orugota.... ??,Eres como una orugota.... ??,eres como una orugota,Discurso de Odio,2,Gordofobia,Personas con sobrepeso,NO,NO,NO,28,5,0,0,0,0
1255,Facebook,2026-07-14,USER_1255,QUE NIVEL DE ESTUPIDES EL DE ESTE SER... POBRE IGNORANTE PARASITO DE LA SOCIEDAD.,QUE NIVEL DE ESTUPIDES EL DE ESTE SER... POBRE IGNORANTE PARASITO DE LA SOCIEDAD.,que nivel de estupides el de este ser pobre ignorante parasito de la sociedad,Lenguaje Ofensivo,1,Insulto Directo,Persona Individual,SÍ,SÍ,SÍ,81,14,0,0,0,2
2325,Facebook,2026-07-22,USER_2325,A Llorar A Otro Lado Hambriento.,A Llorar A Otro Lado Hambriento.,a llorar a otro lado hambriento,Lenguaje Ofensivo,1,Insulto Directo,Personas en situación de pobreza,NO,NO,NO,32,6,0,0,0,0
2313,Facebook,2026-07-22,USER_2313,"cabal, por eso hay que picotear mïërdª porque ya va venir dios y nos va premiar en el otro mundo...","cabal, por eso hay que picotear mïërdª porque ya va venir dios y nos va premiar en el otro mundo...",cabal por eso hay que picotear mierdª porque ya va venir dios y nos va premiar en el otro mundo,Lenguaje Ofensivo,1,Palabras Obscenas,Cristianos,SI,SI,NO,99,20,0,0,0,1
1100,Facebook,2026-06-22,USER_1100,Tres nalgadas a cada uno y para la casa ..,Tres nalgadas a cada uno y para la casa ..,tres nalgadas a cada uno y para la casa,No Tóxico,0,,Persona Individual,NO,NO,NO,42,10,0,0,0,0
2641,X,2026-06-20,USER_2641,los venezolanos de mierda son escoria con razón los odian tanto,los venezolanos de mierda son escoria con razón los odian tanto,los venezolanos de mierda son escoria con razon los odian tanto,Discurso de Odio,2,Xenofobia,Personas venezolanas,NO,NO,NO,63,11,0,0,0,3
605,Facebook,2026-07-14,USER_605,Señor presidente Nayib Bukele yo quisiera hablar con usted de mi situación .de me la oportunidad de platicar soy madre de tres hijos,Señor presidente Nayib Bukele yo quisiera hablar con usted de mi situación .de me la oportunidad de platicar soy madre de tres hijos,senor presidente nayib bukele yo quisiera hablar con usted de mi situacion de me la oportunidad de platicar soy madre de tres hijos,No Tóxico,0,,,NO,NO,SÍ,132,23,0,0,0,1
779,Facebook,2026-07-18,USER_779,"Yo fuera jefe de policía tirará un comunicado, gracias por el favor, nos quitaron uno de las 99 mil buscados","Yo fuera jefe de policía tirará un comunicado, gracias por el favor, nos quitaron uno de las 99 mil buscados",yo fuera jefe de policia tirara un comunicado gracias por el favor nos quitaron uno de las mil buscados,Amenazas/Violencia,3,Celebración de Violencia,Individuo (criminal buscado),SÍ,NO,NO,108,20,0,0,0,0
855,Facebook,2026-07-19,USER_855,Norman KokoBass de ahí pueden salir unos par de trasplante,Norman KokoBass de ahí pueden salir unos par de trasplante,norman kokobass de ahi pueden salir unos par de trasplante,Amenazas/Violencia,3,Deseo de Daño,Reos/delincuentes,NO,NO,NO,58,10,0,0,0,0
405,X,2026-07-14,USER_405,Si son mareros terroristas no importa de mi parte que se mueran todos.,Si son mareros terroristas no importa de mi parte que se mueran todos.,si son mareros terroristas no importa de mi parte que se mueran todos,Amenazas/Violencia,3,Deseo de Daño,Pandilleros/Mareros,NO,NO,NO,70,13,0,0,0,3
1843,X,2026-06-07,USER_1843,"Puta si todo salvadoreño sabe que eras la mama verga de los mareros cerota ,que bueno que la mierda se fue a contaminar otra nación","Puta si todo salvadoreño sabe que eras la mama verga de los mareros cerota ,que bueno que la mierda se fue a contaminar otra nación",puta si todo salvadoreno sabe que eras la mama verga de los mareros cerota que bueno que la mierda se fue a contaminar otra nacion,Discurso de Odio,2,Xenofobia,Persona Individual,NO,NO,SÍ,131,25,0,0,0,5
923,Facebook,2026-07-23,USER_923,Q lo topen a ese maje.. Y q ya no salga,Q lo topen a ese maje.. Y q ya no salga,q lo topen a ese maje y q ya no salga,Amenazas/Violencia,3,Incitación a la Violencia,Individuo,NO,NO,NO,39,11,0,0,0,1
2988,X,2026-07-11,USER_2988,Tu viejo y vos son dos negros de mierda. Fin,Tu viejo y vos son dos negros de mierda. Fin,tu viejo y vos son dos negros de mierda fin,Discurso de Odio,2,Racismo,Personas negras o racializadas,NO,NO,NO,44,10,0,0,0,2
1952,X,2026-06-14,USER_1952,Ese hijo de puta solo quiere seguidores no le interesa el fútbol ese es gay debe ser fan a las novelas pero es tu héroe a argentina ya le robaron un mundial se lo robo Alemania ahi no hay nadie hablando este es malo viendo fútbol,Ese hijo de puta solo quiere seguidores no le interesa el fútbol ese es gay debe ser fan a las novelas pero es tu héroe a argentina ya le robaron un mundial se lo robo Alemania ahi no hay nadie hablando este es malo viendo fútbol,ese hijo de puta solo quiere seguidores no le interesa el futbol ese es gay debe ser fan a las novelas pero es tu heroe a argentina ya le robaron un mundial se lo robo alemania ahi no hay nadie hablando este es malo viendo futbol,Discurso de Odio,2,Homofobia,Persona Individual,NO,NO,NO,229,46,0,0,0,1
1259,Facebook,2026-07-14,USER_1259,No pongan informacion basura que no beneficia en nada 😡😡😡,No pongan informacion basura que no beneficia en nada :cara_cabreada: :cara_cabreada: :cara_cabreada:,no pongan informacion basura que no beneficia en nada,Lenguaje Ofensivo,1,Palabras Obscenas,Persona Individual,NO,NO,SÍ,57,10,3,0,0,1
1329,Facebook,2026-06-25,USER_1329,Sería una vergüenza q vaya a representar el salvador ya suficiente con todas las vergüenzas q tiene,Sería una vergüenza q vaya a representar el salvador ya suficiente con todas las vergüenzas q tiene,seria una verguenza q vaya a representar el salvador ya suficiente con todas las verguenzas q tiene,Lenguaje Ofensivo,1,Crítica Fuerte,Persona Individual,NO,NO,NO,99,17,0,0,0,1
893,Facebook,2026-07-20,USER_893,"547 males que fueron neutralizados, que los portadores del mal mueran, es un daño colateral","547 males que fueron neutralizados, que los portadores del mal mueran, es un daño colateral",males que fueron neutralizados que los portadores del mal mueran es un dano colateral,Amenazas/Violencia,3,Celebración de Violencia,Detenidos,NO,NO,NO,91,15,0,0,0,1
1891,X,2026-07-08,USER_1891,"Que bueno ese pendejo fue a el Salvador y criticó todo, ahora que dirá?","Que bueno ese pendejo fue a el Salvador y criticó todo, ahora que dirá?",que bueno ese pendejo fue a el salvador y critico todo ahora que dira,Lenguaje Ofensivo,1,Insulto Directo,Persona Individual,SÍ,SÍ,SÍ,71,14,0,0,0,1
611,Facebook,2026-07-14,USER_611,eso es lo que Dios quiere que ayudes al necesitado,eso es lo que Dios quiere que ayudes al necesitado,eso es lo que dios quiere que ayudes al necesitado,No Tóxico,0,,,NO,NO,NO,50,10,0,0,0,0
2317,Facebook,2026-07-21,USER_2317,Como lloran estos mierdicanos pero cuando a ellos les cae la desgracia y otros países se burlan solo son lloraderas los saltamuros hdps jajajaj doble moral,Como lloran estos mierdicanos pero cuando a ellos les cae la desgracia y otros países se burlan solo son lloraderas los saltamuros hdps jajajaj doble moral,como lloran estos mierdicanos pero cuando a ellos les cae la desgracia y otros paises se burlan solo son lloraderas los saltamuros hdps jajajaj doble moral,Discurso de Odio,2,Xenofobia,Mexicanos,NO,NO,NO,155,26,0,0,0,0
2750,X,2026-06-29,USER_2750,"Claro que tengo argumentos y los he pasado. Y no, no tenemos nada que ver con los moros de mierda ni con vuestra cultura americana muttizada. Cultura sur europea/ latina, España e Italia os moggean en todo.","Claro que tengo argumentos y los he pasado. Y no, no tenemos nada que ver con los moros de mierda ni con vuestra cultura americana muttizada. Cultura sur europea/ latina, España e Italia os moggean en todo.",claro que tengo argumentos y los he pasado y no no tenemos nada que ver con los moros de mierda ni con vuestra cultura americana muttizada cultura sur europea latina espana e italia os moggean en todo,Discurso de Odio,2,Islamofobia,Personas musulmanas,NO,NO,NO,206,37,0,0,0,2
1611,X,2026-05-30,USER_1611,Hijos de puta bravos con los ratones y lame culos con los políticos HP que los mantienen aguantando hambre,Hijos de puta bravos con los ratones y lame culos con los políticos HP que los mantienen aguantando hambre,hijos de puta bravos con los ratones y lame culos con los politicos hp que los mantienen aguantando hambre,Lenguaje Ofensivo,1,Insulto Directo,,NO,SÍ,SÍ,106,19,0,0,0,2
2039,X,2026-06-14,USER_2039,"La vida es una torta de mierda, y cada día te comes una porción","La vida es una torta de mierda, y cada día te comes una porción",la vida es una torta de mierda y cada dia te comes una porcion,Lenguaje Ofensivo,1,Palabras Obscenas,,NO,NO,NO,63,14,0,0,0,1
1802,X,2026-06-07,USER_1802,Ese hdp gorgojo de mierda 💩 habla por qué tiene trompa y por qué no tiene responsabilidad sobre lo que dice… aquí en El Salvador cualquier gorgojo puede inventar o hablar mierdas de cualquier persona incluso de las hijas y esposa del presidente y sale inmune y eso está mal 🤌🏻,Ese hdp gorgojo de mierda :caca_con_ojos: habla por qué tiene trompa y por qué no tiene responsabilidad sobre lo que dice… aquí en El Salvador cualquier gorgojo puede inventar o hablar mierdas de cualquier persona incluso de las hijas y esposa del presidente y sale inmune y eso está mal :dedos_juntos_apuntando_hacia_arriba:,ese hdp gorgojo de mierda habla por que tiene trompa y por que no tiene responsabilidad sobre lo que dice aqui en el salvador cualquier gorgojo puede inventar o hablar mierdas de cualquier persona incluso de las hijas y esposa del presidente y sale inmune y eso esta mal,Lenguaje Ofensivo,1,Insulto Directo,Opositores Políticos,NO,NO,SÍ,276,51,2,0,0,2
811,Facebook,2026-07-18,USER_811,"DEJEN UN VOCERO, PARA QUE DIGAN DONDE SERA EL VELORIO PAR DE PENDEJOS. HAY LES SALUDAN","DEJEN UN VOCERO, PARA QUE DIGAN DONDE SERA EL VELORIO PAR DE PENDEJOS. HAY LES SALUDAN",dejen un vocero para que digan donde sera el velorio par de pendejos hay les saludan,Amenazas/Violencia,3,Celebración de Violencia,Grupo (interlocutores hondureños en disputa territorial),SÍ,NO,NO,86,16,0,0,0,1
1922,X,2026-06-14,USER_1922,Porque Bukele ha hecho más cosas por El Salvador que todos los de morena juntos. Que se quede lo que quiera. Morena que se largue y no vuelvan. Solo necesitamos gente que deje de ser imbécil y no se trague la manipulación de Sheinbaum...,Porque Bukele ha hecho más cosas por El Salvador que todos los de morena juntos. Que se quede lo que quiera. Morena que se largue y no vuelvan. Solo necesitamos gente que deje de ser imbécil y no se trague la manipulación de Sheinbaum...,porque bukele ha hecho mas cosas por el salvador que todos los de morena juntos que se quede lo que quiera morena que se largue y no vuelvan solo necesitamos gente que deje de ser imbecil y no se trague la manipulacion de sheinbaum,Lenguaje Ofensivo,1,Insulto Directo,Funcionarios Públicos,NO,NO,SÍ,237,44,0,0,0,2
3086,X,2026-06-02,USER_3086,"Son ellos son siempre ellos, en argentina hacen lo mismo, la puta madre que los parió! Judíos de mierda!","Son ellos son siempre ellos, en argentina hacen lo mismo, la puta madre que los parió! Judíos de mierda!",son ellos son siempre ellos en argentina hacen lo mismo la puta madre que los pario judios de mierda,Discurso de Odio,2,Antisemitismo,Personas judias,NO,NO,NO,104,19,0,0,0,2
1793,X,2026-06-07,USER_1793,Coman mierda. Los fichajes queremos,Coman mierda. Los fichajes queremos,coman mierda los fichajes queremos,Lenguaje Ofensivo,1,Palabras Obscenas,,NO,NO,NO,35,5,0,0,0,1
2665,X,2026-07-06,USER_2665,NO SE LA PUEDEN CREER EL GOLAZO Q LE METIERON LOS SUDACAS DE MIERDA,NO SE LA PUEDEN CREER EL GOLAZO Q LE METIERON LOS SUDACAS DE MIERDA,no se la pueden creer el golazo q le metieron los sudacas de mierda,Discurso de Odio,2,Xenofobia,Personas latinoamericanas,NO,NO,NO,67,14,0,0,0,1
2789,X,2026-07-10,USER_2789,"Alemania está contaminada por tantos negros mediocres, armenios, húngaros y hasta gitanos de mierda…. Totalmente contaminada incluso socialmente hablando. Y Guardiola les hizo daño con su juego aburrido de miles de toques laterales. Necesitan a Klopp para que regrese su esencia!","Alemania está contaminada por tantos negros mediocres, armenios, húngaros y hasta gitanos de mierda…. Totalmente contaminada incluso socialmente hablando. Y Guardiola les hizo daño con su juego aburrido de miles de toques laterales. Necesitan a Klopp para que regrese su esencia!",alemania esta contaminada por tantos negros mediocres armenios hungaros y hasta gitanos de mierda totalmente contaminada incluso socialmente hablando y guardiola les hizo dano con su juego aburrido de miles de toques laterales necesitan a klopp para que regrese su esencia,Discurso de Odio,2,Racismo,Personas gitanas,NO,NO,NO,279,41,0,0,0,3
321,X,2026-07-14,USER_321,"Se le fue la mano a los mareros y ustedes no están viviendo eso. Es hora de que les toque pagar por todos sus pecados y que sufran, lloren y no vivan tranquilos, así como hemos vivido los salvadoreños honrados.","Se le fue la mano a los mareros y ustedes no están viviendo eso. Es hora de que les toque pagar por todos sus pecados y que sufran, lloren y no vivan tranquilos, así como hemos vivido los salvadoreños honrados.",se le fue la mano a los mareros y ustedes no estan viviendo eso es hora de que les toque pagar por todos sus pecados y que sufran lloren y no vivan tranquilos asi como hemos vivido los salvadorenos honrados,Amenazas/Violencia,3,Deseo de Daño,Pandilleros/Mareros,NO,NO,NO,210,40,0,0,0,1
2948,X,2026-07-02,USER_2948,Estos venezolanos de mierda que hacen opinando de Colombia.,Estos venezolanos de mierda que hacen opinando de Colombia.,estos venezolanos de mierda que hacen opinando de colombia,Discurso de Odio,2,Xenofobia,Personas inmigrantes,NO,NO,NO,59,9,0,0,0,1
1539,Facebook,2026-07-26,USER_1539,Hay que aplicarsela de la misma manera a ver si le parece a este hijo de puta 😡😡maldito injemdro,Hay que aplicarsela de la misma manera a ver si le parece a este hijo de puta :cara_cabreada: :cara_cabreada: maldito injemdro,hay que aplicarsela de la misma manera a ver si le parece a este hijo de puta maldito injemdro,Amenazas/Violencia,3,Deseo de Dano,Persona Individual,NO,NO,NO,96,19,2,0,0,2
129,X,2026-07-13,USER_129,"#LiteraturaSV | Presentación del libro de narrativa breve «Daños colaterales», historias que giran en torno al Régimen de Excepción en #ElSalvador","#LiteraturaSV | Presentación del libro de narrativa breve «Daños colaterales», historias que giran en torno al Régimen de Excepción en #ElSalvador",literaturasv presentacion del libro de narrativa breve danos colaterales historias que giran en torno al regimen de excepcion en elsalvador,No Tóxico,0,,,NO,NO,SÍ,146,21,0,0,2,0
92,X,2026-07-13,USER_092,"Que delicia, para hacer unos #PIPIANES CON CREMA, o guisados, o en sopa... 󾌧󾮗 #RecetasSV #ElSalvador http:// fb.me/2AMcxuQVl","Que delicia, para hacer unos #PIPIANES CON CREMA, o guisados, o en sopa... 󾌧󾮗 #RecetasSV #ElSalvador http:// fb.me/2AMcxuQVl",que delicia para hacer unos pipianes con crema o guisados o en sopa recetassv elsalvador http fb me amcxuqvl,No Tóxico,0,,,NO,NO,NO,124,18,0,0,3,1
913,Facebook,2026-07-23,USER_913,Uno mas al cecot,Uno mas al cecot,uno mas al cecot,Amenazas/Violencia,3,Deseo de Daño,Detenido señalado,NO,NO,NO,16,4,0,0,0,0
962,Facebook,2026-07-24,USER_962,Luisa Fernanda y las muchas mas familias que siguen sufriendo por los actos que cometieron esos delincuentes? Ellos deben vivir el infierno en vida y muerte,Luisa Fernanda y las muchas mas familias que siguen sufriendo por los actos que cometieron esos delincuentes? Ellos deben vivir el infierno en vida y muerte,luisa fernanda y las muchas mas familias que siguen sufriendo por los actos que cometieron esos delincuentes ellos deben vivir el infierno en vida y muerte,Amenazas/Violencia,3,Deseo de Daño,Grupo,NO,NO,NO,156,26,0,0,0,0
2471,Facebook,2026-07-23,USER_2471,Corte de pelo de microbusero o busero,Corte de pelo de microbusero o busero,corte de pelo de microbusero o busero,Lenguaje Ofensivo,1,Clasismo,Microbuseros,NO,NO,NO,37,7,0,0,0,0
1098,Facebook,2026-06-22,USER_1098,bonitas patas tiene la loruga😳😳,bonitas patas tiene la loruga :cara_sonrojada: :cara_sonrojada:,bonitas patas tiene la loruga,Lenguaje Ofensivo,1,Palabras Obscenas,Persona Individual,NO,NO,NO,31,5,2,0,0,0
598,Facebook,2026-07-14,USER_598,Q elegancia ERicka Buen dia,Q elegancia ERicka Buen dia,q elegancia ericka buen dia,No Tóxico,0,,,NO,NO,NO,27,5,0,0,0,0
2698,X,2026-06-19,USER_2698,"Y entre tanta alegría tenes que hablar de la cantidad de negros de mierda que hay en esta ciudad. Es algo increíble, viene de familia es el gran problema. Es tan triste, un nene pidiéndole al papá que lo lleve a la caravana y no podes estar tranquilo.","Y entre tanta alegría tenes que hablar de la cantidad de negros de mierda que hay en esta ciudad. Es algo increíble, viene de familia es el gran problema. Es tan triste, un nene pidiéndole al papá que lo lleve a la caravana y no podes estar tranquilo.",y entre tanta alegria tenes que hablar de la cantidad de negros de mierda que hay en esta ciudad es algo increible viene de familia es el gran problema es tan triste un nene pidiendole al papa que lo lleve a la caravana y no podes estar tranquilo,Discurso de Odio,2,Racismo,Personas negras,NO,NO,NO,251,48,0,0,0,2
221,X,2026-07-14,USER_221,"TUIT SERIO: Empezamos a tomar pedidos con las Lasagnas de mi viejita para este fin de semana 11 y 12 de julio, mi viejita está ansiosa por cocinarles con mucho amor y sobre todo con todas las medidas de salud, envíos hasta la puerta de su casa desde $1.50 #RT #EmprendimientoSV","TUIT SERIO: Empezamos a tomar pedidos con las Lasagnas de mi viejita para este fin de semana 11 y 12 de julio, mi viejita está ansiosa por cocinarles con mucho amor y sobre todo con todas las medidas de salud, envíos hasta la puerta de su casa desde $1.50 #RT #EmprendimientoSV",tuit serio empezamos a tomar pedidos con las lasagnas de mi viejita para este fin de semana y de julio mi viejita esta ansiosa por cocinarles con mucho amor y sobre todo con todas las medidas de salud envios hasta la puerta de su casa desde rt emprendimientosv,No Tóxico,0,,,NO,NO,NO,277,51,0,0,2,1
711,Facebook,2026-07-14,USER_711,Ya le gustó el poder,Ya le gustó el poder,ya le gusto el poder,No Tóxico,0,,,NO,NO,SÍ,20,5,0,0,0,0
264,X,2026-07-14,USER_264,Por mi que los fusilen a esos mareros,Por mi que los fusilen a esos mareros,por mi que los fusilen a esos mareros,Amenazas/Violencia,3,Deseo de Daño,Pandilleros/Mareros,NO,NO,NO,37,8,0,0,0,2
830,Facebook,2026-07-19,USER_830,Al cecot por estafador....,Al cecot por estafador....,al cecot por estafador,Amenazas/Violencia,3,Deseo de Daño,Persona acusada de estafa,NO,NO,NO,26,4,0,0,0,0
2322,Facebook,2026-07-21,USER_2322,"Vaya.... Se nota que los izquierchangos no paran de tratar de llamar la atención, la politica ya les tiene freido el cerebro la verdad","Vaya.... Se nota que los izquierchangos no paran de tratar de llamar la atención, la politica ya les tiene freido el cerebro la verdad",vaya se nota que los izquierchangos no paran de tratar de llamar la atencion la politica ya les tiene freido el cerebro la verdad,Lenguaje Ofensivo,1,Insulto Directo,Izquierdistas,NO,NO,NO,134,24,0,0,0,0
1783,X,2026-06-07,USER_1783,Hasta cuándo vamos a soportar tanta p3ndejada de este escremento de la humanidad?,Hasta cuándo vamos a soportar tanta p3ndejada de este escremento de la humanidad?,hasta cuando vamos a soportar tanta p ndejada de este escremento de la humanidad,Lenguaje Ofensivo,1,Insulto Directo,Persona Individual,NO,NO,NO,81,13,0,0,0,0
2031,X,2026-06-14,USER_2031,"Jódete, enano de mierda","Jódete, enano de mierda",jodete enano de mierda,Lenguaje Ofensivo,1,Insulto Directo,Persona Individual,NO,NO,NO,23,4,0,0,0,1
2810,X,2026-06-18,USER_2810,Nadie en el Perú te quiere. No cometas el error de aliarte con estos judíos de mierda.,Nadie en el Perú te quiere. No cometas el error de aliarte con estos judíos de mierda.,nadie en el peru te quiere no cometas el error de aliarte con estos judios de mierda,Discurso de Odio,2,Antisemitismo,Personas judi­as,NO,NO,NO,86,17,0,0,0,2
13,X,2026-07-13,USER_013,"#Espectaculos Las expresiones artísticas y culturales de El Salvador están presentes en la Expo Feria Tapachula 2026, que se desarrolla del 5 al 15 de marzo en Tapachula. @cancilleriasv Mas información aquí: https:// shre.ink/A23b #ElSalvador #CulturaSV KG","#Espectaculos Las expresiones artísticas y culturales de El Salvador están presentes en la Expo Feria Tapachula 2026, que se desarrolla del 5 al 15 de marzo en Tapachula. @usuario Mas información aquí: https:// shre.ink/A23b #ElSalvador #CulturaSV KG",espectaculos las expresiones artisticas y culturales de el salvador estan presentes en la expo feria tapachula que se desarrolla del al de marzo en tapachula usuario mas informacion aqui https shre ink a b elsalvador culturasv kg,No Tóxico,0,,,NO,NO,NO,256,37,0,1,3,1
397,X,2026-07-14,USER_397,"de q se murieron ? si son mareros no me interesa q sea epidemia y se mueran todos ,son lacras ,carga para el pais así q para mi y para muchos no cuentan es como si no existieran","de q se murieron ? si son mareros no me interesa q sea epidemia y se mueran todos ,son lacras ,carga para el pais así q para mi y para muchos no cuentan es como si no existieran",de q se murieron si son mareros no me interesa q sea epidemia y se mueran todos son lacras carga para el pais asi q para mi y para muchos no cuentan es como si no existieran,Amenazas/Violencia,3,Deseo de Daño,Pandilleros/Mareros,NO,NO,NO,177,38,0,0,0,2
206,X,2026-07-14,USER_206,"#ElSalvador. Feliz semana desde San Fernando, Morazán. Bendecida semana #TurismoVivo #TurismoRuralSV @MorenaValdezSV","#ElSalvador. Feliz semana desde San Fernando, Morazán. Bendecida semana #TurismoVivo #TurismoRuralSV @usuario",elsalvador feliz semana desde san fernando morazan bendecida semana turismovivo turismoruralsv usuario,No Tóxico,0,,,NO,NO,NO,116,12,0,1,3,0
2410,Facebook,2026-07-23,USER_2410,"niveles de educación tan bajos como El Salvador, más pobres que El Salvador y con mucho terreno para robar, porque aquí ya no hay finca o lotificacion donde no metan mano.","niveles de educación tan bajos como El Salvador, más pobres que El Salvador y con mucho terreno para robar, porque aquí ya no hay finca o lotificacion donde no metan mano.",niveles de educacion tan bajos como el salvador mas pobres que el salvador y con mucho terreno para robar porque aqui ya no hay finca o lotificacion donde no metan mano,Discurso de Odio,2,Xenofobia,Salvadoreños,NO,NO,NO,171,31,0,0,0,2
2803,X,2026-06-05,USER_2803,"Increíblemente esto opina, pero son cómplices del amante de Judíos de mierda, hicieron todo muy mal para tener esta realidad Dirigentes millonarios compañeros con necesidades básicas insatisfechas","Increíblemente esto opina, pero son cómplices del amante de Judíos de mierda, hicieron todo muy mal para tener esta realidad Dirigentes millonarios compañeros con necesidades básicas insatisfechas",increiblemente esto opina pero son complices del amante de judios de mierda hicieron todo muy mal para tener esta realidad dirigentes millonarios companeros con necesidades basicas insatisfechas,Discurso de Odio,2,Antisemitismo,Personas judi­as,NO,NO,NO,196,27,0,0,0,2
451,X,2026-07-14,USER_451,#LoUltimo| Jugadores de la Selecta salvadoreña informan que si se enfrentarán esta noche a la selección de Canadá. #ElSalvador #SelectaSV,#LoUltimo| Jugadores de la Selecta salvadoreña informan que si se enfrentarán esta noche a la selección de Canadá. #ElSalvador #SelectaSV,loultimo jugadores de la selecta salvadorena informan que si se enfrentaran esta noche a la seleccion de canada elsalvador selectasv,No Tóxico,0,,Pandilleros/Mareros salvadoreños,NO,NO,SÍ,137,20,0,0,3,0
1289,Facebook,2026-07-12,USER_1289,Parásitos mal habidos 😒,Parásitos mal habidos :cara_de_desaprobación:,parasitos mal habidos,Lenguaje Ofensivo,1,Insulto Directo,Persona Individual,SÍ,SÍ,NO,23,4,1,0,0,1
849,Facebook,2026-07-19,USER_849,En el penal le van a explicar cómo se protagonizan ese tipo de videos !!!!! Me encantan los finales felices,En el penal le van a explicar cómo se protagonizan ese tipo de videos !!!!! Me encantan los finales felices,en el penal le van a explicar como se protagonizan ese tipo de videos me encantan los finales felices,Amenazas/Violencia,3,Celebración de Violencia,Detenido por pederastia,NO,NO,NO,107,20,0,0,0,0
2361,Facebook,2026-07-22,USER_2361,tiziano ferro tenía algo de razón jajja,tiziano ferro tenía algo de razón jajja,tiziano ferro tenia algo de razon jajja,No Tóxico,0,,Latinos,NO,SI,NO,39,7,0,0,0,0
2090,Facebook,2026-06-21,USER_2090,Ana Ribera Amaya vos as de ser hija de santa verdad hija de la gran puta aber si te gusta que te traten así mierdera así querés,Ana Ribera Amaya vos as de ser hija de santa verdad hija de la gran puta aber si te gusta que te traten así mierdera así querés,ana ribera amaya vos as de ser hija de santa verdad hija de la gran puta aber si te gusta que te traten asi mierdera asi queres,Lenguaje Ofensivo,1,Insulto Directo,Persona individual,NO,NO,NO,127,27,0,0,0,1
2736,X,2026-06-04,USER_2736,Quién ha dicho que yo apoye a los judíos de mierda? No todo es blanco o negro puto anormal,Quién ha dicho que yo apoye a los judíos de mierda? No todo es blanco o negro puto anormal,quien ha dicho que yo apoye a los judios de mierda no todo es blanco o negro puto anormal,Discurso de Odio,2,Antisemitismo,Personas judias,NO,NO,NO,90,19,0,0,0,3
2539,Facebook,2026-07-24,USER_2539,Nunca entenderé por qué le dan tanta atención a esa... Cosa... Con evidentes problemas mentales,Nunca entenderé por qué le dan tanta atención a esa... Cosa... Con evidentes problemas mentales,nunca entendere por que le dan tanta atencion a esa cosa con evidentes problemas mentales,Discurso de Odio,2,Capacitismo,Personas con discapacidad,NO,NO,NO,95,15,0,0,0,1
1864,X,2026-06-28,USER_1864,"JAJAJS ahora le vas a echar la culpa a Mbappe? Ridículo hijueputa, bruto de mierda, salvadoreño carechimba, deja de ser hincha de este equipo, burro","JAJAJS ahora le vas a echar la culpa a Mbappe? Ridículo hijueputa, bruto de mierda, salvadoreño carechimba, deja de ser hincha de este equipo, burro",jajajs ahora le vas a echar la culpa a mbappe ridiculo hijueputa bruto de mierda salvadoreno carechimba deja de ser hincha de este equipo burro,Lenguaje Ofensivo,1,Insulto Directo,Persona Individual,SÍ,NO,NO,148,25,0,0,0,5
2136,Facebook,2026-06-27,USER_2136,"Infantino ahorita le vale, esta disfrutando de su nena rosada","Infantino ahorita le vale, esta disfrutando de su nena rosada",infantino ahorita le vale esta disfrutando de su nena rosada,No Tóxico,0,,Personas argentinas,SI,SI,NO,61,10,0,0,0,0
2886,X,2026-06-27,USER_2886,Dos cosas malas no suman una buena. El hecho de reconocer que hay venezolanos de mierda no impide reconocer que hay chilenos de mierda.,Dos cosas malas no suman una buena. El hecho de reconocer que hay venezolanos de mierda no impide reconocer que hay chilenos de mierda.,dos cosas malas no suman una buena el hecho de reconocer que hay venezolanos de mierda no impide reconocer que hay chilenos de mierda,Discurso de Odio,2,Xenofobia,Personas venezolanas,NO,NO,NO,135,24,0,0,0,1
477,X,2026-07-14,USER_477,"Y mi hermano asesinado en el 2015 por las pandillas duerme en alguna fosa comun porque no hemos encontrado su cuerpo todavia. Ya basta de de empatia con los mareros, si no conoces la realidad de El Salvador.","Y mi hermano asesinado en el 2015 por las pandillas duerme en alguna fosa comun porque no hemos encontrado su cuerpo todavia. Ya basta de de empatia con los mareros, si no conoces la realidad de El Salvador.",y mi hermano asesinado en el por las pandillas duerme en alguna fosa comun porque no hemos encontrado su cuerpo todavia ya basta de de empatia con los mareros si no conoces la realidad de el salvador,No Tóxico,0,,Pandilleros/Mareros,NO,NO,NO,207,38,0,0,0,3
2259,Facebook,2026-06-02,USER_2259,Hojala y pierda argentina,Hojala y pierda argentina,hojala y pierda argentina,No Tóxico,0,,Personas argentinas,SI,SI,NO,25,4,0,0,0,0
935,Facebook,2026-07-24,USER_935,es mejor que le den en la nuca de un solo a ese malvado,es mejor que le den en la nuca de un solo a ese malvado,es mejor que le den en la nuca de un solo a ese malvado,Amenazas/Violencia,3,Incitación a la Violencia,Individuo,NO,NO,NO,55,14,0,0,0,0
3095,X,2026-07-27,USER_3095,Se gasta mucho más dinero en inmigrantes de mierda pedazo de perra,Se gasta mucho más dinero en inmigrantes de mierda pedazo de perra,se gasta mucho mas dinero en inmigrantes de mierda pedazo de perra,Discurso de Odio,2,Xenofobia,"Inmigrantes, mujeres",NO,NO,NO,66,12,0,0,0,3
2668,X,2026-06-29,USER_2668,"Ellos son una chusma repugnante, son una banda de pandilleros sudacas de mierda. Chusma de la mara salvatrucha.","Ellos son una chusma repugnante, son una banda de pandilleros sudacas de mierda. Chusma de la mara salvatrucha.",ellos son una chusma repugnante son una banda de pandilleros sudacas de mierda chusma de la mara salvatrucha,Discurso de Odio,2,Xenofobia,Personas latinoamericanas,NO,NO,NO,111,18,0,0,0,2
1226,Facebook,2026-06-26,USER_1226,Ojala leden una vergiada que ni caminar pueda,Ojala leden una vergiada que ni caminar pueda,ojala leden una vergiada que ni caminar pueda,Amenazas/Violencia,3,Deseo de Daño/Sufrimiento,,SÍ,NO,NO,45,8,0,0,0,0
954,Facebook,2026-07-24,USER_954,CURAS ..MOVIR ..VAMOS SE LES MURIO SU A BUELO .....A JOLA QUE LO DESAPAREZCAN QUE NO LO ENCUENTRE SU FAMILIA ...ASI COMO ESA MIERD...A...... DESAPARECIÓ A MUCHOS,CURAS ..MOVIR ..VAMOS SE LES MURIO SU A BUELO .....A JOLA QUE LO DESAPAREZCAN QUE NO LO ENCUENTRE SU FAMILIA ...ASI COMO ESA MIERD...A...... DESAPARECIÓ A MUCHOS,curas movir vamos se les murio su a buelo a jola que lo desaparezcan que no lo encuentre su familia asi como esa mierd a desaparecio a muchos,Amenazas/Violencia,3,Deseo de Daño,Individuo,NO,NO,SÍ,161,27,0,0,0,1
1991,X,2026-06-14,USER_1991,Siempre ganamos algo para ustedes mediocre.nunca ganamos en nada carajo como País.,Siempre ganamos algo para ustedes mediocre.nunca ganamos en nada carajo como País.,siempre ganamos algo para ustedes mediocre nunca ganamos en nada carajo como pais,Lenguaje Ofensivo,1,Insulto Directo,,NO,NO,SÍ,82,12,0,0,0,1
1378,Facebook,2026-06-25,USER_1378,Y tanto pendejo donando y viviendo alquilado o en casa de arrimados con su familia......y a ver ...ese quien es? Yo le veo talle de marica ....?,Y tanto pendejo donando y viviendo alquilado o en casa de arrimados con su familia......y a ver ...ese quien es? Yo le veo talle de marica ....?,y tanto pendejo donando y viviendo alquilado o en casa de arrimados con su familia y a ver ese quien es yo le veo talle de marica,Discurso de Odio,2,Homofobia,,SÍ,NO,NO,144,27,0,0,0,3
517,Facebook,2026-07-14,USER_517,En futbol las payasadas se pagan caro.,En futbol las payasadas se pagan caro.,en futbol las payasadas se pagan caro,No Tóxico,0,,,NO,NO,NO,38,7,0,0,0,0
2088,Facebook,2026-07-01,USER_2088,Esperan que crean en esa imagen. tan pendeja creen a la gente resistencia mas mierda,Esperan que crean en esa imagen. tan pendeja creen a la gente resistencia mas mierda,esperan que crean en esa imagen tan pendeja creen a la gente resistencia mas mierda,Lenguaje Ofensivo,1,Insulto Directo,Seguidores políticos,NO,NO,SI,84,15,0,0,0,2
2817,X,2026-06-08,USER_2817,"Que nadie se sorprenda, son gitanos de mierda haciendo cosas de gitanos de mierda como hicieron siempre. Como ahora estamos invadidos de mierda estos acaban pasando incluso desapercibidos Que vergüenza, hay gente a la que le parece gracioso esto","Que nadie se sorprenda, son gitanos de mierda haciendo cosas de gitanos de mierda como hicieron siempre. Como ahora estamos invadidos de mierda estos acaban pasando incluso desapercibidos Que vergüenza, hay gente a la que le parece gracioso esto",que nadie se sorprenda son gitanos de mierda haciendo cosas de gitanos de mierda como hicieron siempre como ahora estamos invadidos de mierda estos acaban pasando incluso desapercibidos que verguenza hay gente a la que le parece gracioso esto,Discurso de Odio,2,Racismo,Personas gitanas,NO,NO,NO,245,39,0,0,0,1
55,X,2026-07-13,USER_055,"Fotos y videos lucen mejor que nunca gracias al nuevo cableado subterráneo en el Centro Histórico de Suchitoto. Dale vida a tus imágenes con música, color y baile, preparados para que disfrutes cada momento. #DOM #Suchitoto","Fotos y videos lucen mejor que nunca gracias al nuevo cableado subterráneo en el Centro Histórico de Suchitoto. Dale vida a tus imágenes con música, color y baile, preparados para que disfrutes cada momento. #DOM #Suchitoto",fotos y videos lucen mejor que nunca gracias al nuevo cableado subterraneo en el centro historico de suchitoto dale vida a tus imagenes con musica color y baile preparados para que disfrutes cada momento dom suchitoto,No Tóxico,0,,,NO,NO,SÍ,223,36,0,0,2,1
152,X,2026-07-13,USER_152,Tus planes de playa con el mejor traje de baño. #swimwear #marcusunderwear #veranosv #elsalvadormen,Tus planes de playa con el mejor traje de baño. #swimwear #marcusunderwear #veranosv #elsalvadormen,tus planes de playa con el mejor traje de bano swimwear marcusunderwear veranosv elsalvadormen,No Tóxico,0,,,NO,NO,NO,99,14,0,0,4,1
2141,Facebook,2026-07-05,USER_2141,Infantino te está esperando en el hotel... Jajaja.. ya sabemos cómo va a terminar esta historia.. jajaja,Infantino te está esperando en el hotel... Jajaja.. ya sabemos cómo va a terminar esta historia.. jajaja,infantino te esta esperando en el hotel jajaja ya sabemos como va a terminar esta historia jajaja,No Tóxico,0,,Personas argentinas,SI,SI,NO,104,17,0,0,0,0
1498,Facebook,2026-07-26,USER_1498,Nombre lo asen Estrella del cine Nadamas dale un maldito tiro wuey,Nombre lo asen Estrella del cine Nadamas dale un maldito tiro wuey,nombre lo asen estrella del cine nadamas dale un maldito tiro wuey,Amenazas/Violencia,3,Incitacion a la Violencia,Persona Individual,NO,NO,SÍ,66,12,0,0,0,1
474,X,2026-07-14,USER_474,"Que continúe por lo menos dos meses más, luego pararlo por unos tres meses y luego volverlo a poner por otro mes. Los asesinos y maleantes ( mareros) son como la mala hierba y las plagas siempre vuelven, hay que tener control sobre ellas todo el tiempo.","Que continúe por lo menos dos meses más, luego pararlo por unos tres meses y luego volverlo a poner por otro mes. Los asesinos y maleantes ( mareros) son como la mala hierba y las plagas siempre vuelven, hay que tener control sobre ellas todo el tiempo.",que continue por lo menos dos meses mas luego pararlo por unos tres meses y luego volverlo a poner por otro mes los asesinos y maleantes mareros son como la mala hierba y las plagas siempre vuelven hay que tener control sobre ellas todo el tiempo,Amenazas/Violencia,3,Incitación a la Violencia,Pandilleros/Mareros,NO,NO,SÍ,253,47,0,0,0,1
1702,X,2026-06-02,USER_1702,"Qué puta mierda eh, si esto es real espero que se largué lo mas pronto posible, quiere quedar como el ""salvador"" después de borrarse media temporada. Esto confirmaría que es la rata y todo el vestuario se jodio gracias a el.","Qué puta mierda eh, si esto es real espero que se largué lo mas pronto posible, quiere quedar como el ""salvador"" después de borrarse media temporada. Esto confirmaría que es la rata y todo el vestuario se jodio gracias a el.",que puta mierda eh si esto es real espero que se largue lo mas pronto posible quiere quedar como el salvador despues de borrarse media temporada esto confirmaria que es la rata y todo el vestuario se jodio gracias a el,Lenguaje Ofensivo,1,Insulto Directo,,NO,NO,NO,224,41,0,0,0,4
2274,Facebook,2026-07-23,USER_2274,Nargentina,Nargentina,nargentina,No Tóxico,0,,Argentina,NO,NO,NO,10,1,0,0,0,1
713,Facebook,2026-07-14,USER_713,Estuvo reñida la competencia,Estuvo reñida la competencia,estuvo renida la competencia,No Tóxico,0,,,NO,NO,NO,28,4,0,0,0,0
2181,Facebook,2026-07-05,USER_2181,"A diferencia del resto del mundo, a mi si me da alegría que la selección de argentina gane.. creo que vivir en un país hundido en la miseria donde no hay comida, no hay oportunidades de trabajo, su moneda se devalúa día a día, no hay inversiones etc.. los triunfos deportivos son su única alegría, así que bien por ellos y ojalá argentina sea campeón mundial!!","A diferencia del resto del mundo, a mi si me da alegría que la selección de argentina gane.. creo que vivir en un país hundido en la miseria donde no hay comida, no hay oportunidades de trabajo, su moneda se devalúa día a día, no hay inversiones etc.. los triunfos deportivos son su única alegría, así que bien por ellos y ojalá argentina sea campeón mundial!!",a diferencia del resto del mundo a mi si me da alegria que la seleccion de argentina gane creo que vivir en un pais hundido en la miseria donde no hay comida no hay oportunidades de trabajo su moneda se devalua dia a dia no hay inversiones etc los triunfos deportivos son su unica alegria asi que bien por ellos y ojala argentina sea campeon mundial,Discurso de Odio,2,Estigmatización Nacional,Personas en situación de pobreza o precariedad,SI,SI,NO,360,66,0,0,0,0
1834,X,2026-06-07,USER_1834,"UNA MIERDA PARA SV, PASO #SV","UNA MIERDA PARA SV, PASO #SV",una mierda para sv paso sv,Lenguaje Ofensivo,1,Palabras Obscenas,,NO,NO,NO,28,6,0,0,1,1
3071,X,2026-06-15,USER_3071,Lo siento mucho por aquellos que estaban en el.lugsr equivocado pero viendo.lo que hacen en Palestina me alegro por los judíos de mierda,Lo siento mucho por aquellos que estaban en el.lugsr equivocado pero viendo.lo que hacen en Palestina me alegro por los judíos de mierda,lo siento mucho por aquellos que estaban en el lugsr equivocado pero viendo lo que hacen en palestina me alegro por los judios de mierda,Amenazas/Violencia,3,Celebración de Violencia,Personas judias,NO,NO,NO,136,23,0,0,0,1
2392,Facebook,2026-07-21,USER_2392,Desde cuando los Ecuachangos hablan español.,Desde cuando los Ecuachangos hablan español.,desde cuando los ecuachangos hablan espanol,Discurso de Odio,2,Xenofobia,Ecuatorianos,NO,SI,NO,44,6,0,0,0,0
2823,X,2026-06-01,USER_2823,Estos gitanos de mierda todos delincuentes tienen que investigarlos a absolutamente todos!!! Son una plaga que no laburan pero andan todos en un BMW y si los tenés de vecinos cagaste porque son una verga de personas!! En Floresta y Devoto están llenos de estos mugrientos,Estos gitanos de mierda todos delincuentes tienen que investigarlos a absolutamente todos!!! Son una plaga que no laburan pero andan todos en un BMW y si los tenés de vecinos cagaste porque son una verga de personas!! En Floresta y Devoto están llenos de estos mugrientos,estos gitanos de mierda todos delincuentes tienen que investigarlos a absolutamente todos son una plaga que no laburan pero andan todos en un bmw y si los tenes de vecinos cagaste porque son una verga de personas en floresta y devoto estan llenos de estos mugrientos,Discurso de Odio,2,Racismo,Personas gitanas,NO,NO,NO,271,46,0,0,0,3
1463,Facebook,2026-06-14,USER_1463,Malditos perros corruptos,Malditos perros corruptos,malditos perros corruptos,Lenguaje Ofensivo,1,Insulto Directo,Funcionarios Públicos,NO,NO,SÍ,25,3,0,0,0,1
86,X,2026-07-13,USER_086,PASTELITOS Salvadoreños hecho en casa. Gracias Eddie Aleman por enviarnos esta foto... :) #RecetasSV #ElSalvador... http:// fb.me/2qpw25m53,PASTELITOS Salvadoreños hecho en casa. Gracias Eddie Aleman por enviarnos esta foto... :) #RecetasSV #ElSalvador... http:// fb.me/2qpw25m53,pastelitos salvadorenos hecho en casa gracias eddie aleman por enviarnos esta foto recetassv elsalvador http fb me qpw m,No Tóxico,0,,,NO,NO,NO,139,17,0,0,2,0
792,Facebook,2026-07-18,USER_792,Muy poco necesitan más o que los esperamos que salgan y tomamos cuenta nosotros,Muy poco necesitan más o que los esperamos que salgan y tomamos cuenta nosotros,muy poco necesitan mas o que los esperamos que salgan y tomamos cuenta nosotros,Amenazas/Violencia,3,Amenaza Implícita,Individuo/Grupo (reos mencionados en el post),NO,NO,NO,79,14,0,0,0,0
1402,Facebook,2026-06-25,USER_1402,Solo son caca estos y todos los q se dicen ser tiktikers,Solo son caca estos y todos los q se dicen ser tiktikers,solo son caca estos y todos los q se dicen ser tiktikers,Lenguaje Ofensivo,1,Insulto Directo,Persona Individual,SÍ,NO,NO,56,12,0,0,0,1
3027,X,2026-07-09,USER_3027,"Los INDIOS (DE MIERDA); ""mira el cocodrilo se está comiendo al niño, pues ni pedo, ya reencardanará"".","Los INDIOS (DE MIERDA); ""mira el cocodrilo se está comiendo al niño, pues ni pedo, ya reencardanará"".",los indios de mierda mira el cocodrilo se esta comiendo al nino pues ni pedo ya reencardanara,Discurso de Odio,2,Racismo,Personas latinoamericanas,NO,NO,NO,101,17,0,0,0,3
1676,X,2026-06-02,USER_1676,Tu madre vos cara de verga,Tu madre vos cara de verga,tu madre vos cara de verga,Lenguaje Ofensivo,1,Insulto Directo,Persona Individual,NO,NO,NO,26,6,0,0,0,1
2889,X,2026-06-21,USER_2889,"Mi más profundo desprecio a todos los venezolanos de mierda que apoyan a VOX, dentro y fuera de España. Esta es la mierda que ustedes apoyan en su maldita ignorancia. Vox afirma que el Gobierno ""repudia y odia"" la tauromaquia y ""todo lo que tiene que ver con España"": ""Ya sabemos que tenemos un ministro de Cultura que odia la cultura española"" https:// shorturl.at/HvY9T","Mi más profundo desprecio a todos los venezolanos de mierda que apoyan a VOX, dentro y fuera de España. Esta es la mierda que ustedes apoyan en su maldita ignorancia. Vox afirma que el Gobierno ""repudia y odia"" la tauromaquia y ""todo lo que tiene que ver con España"": ""Ya sabemos que tenemos un ministro de Cultura que odia la cultura española"" https:// shorturl.at/HvY9T",mi mas profundo desprecio a todos los venezolanos de mierda que apoyan a vox dentro y fuera de espana esta es la mierda que ustedes apoyan en su maldita ignorancia vox afirma que el gobierno repudia y odia la tauromaquia y todo lo que tiene que ver con espana ya sabemos que tenemos un ministro de cultura que odia la cultura espanola https shorturl at hvy t,Discurso de Odio,2,Xenofobia,Personas venezolanas,NO,NO,NO,371,64,0,0,0,3
1643,X,2026-05-30,USER_1643,Y vos cerote que no te da pena también te deberías ir a la mierda sos un estorbo igual a ellos no aportan nada,Y vos cerote que no te da pena también te deberías ir a la mierda sos un estorbo igual a ellos no aportan nada,y vos cerote que no te da pena tambien te deberias ir a la mierda sos un estorbo igual a ellos no aportan nada,Lenguaje Ofensivo,1,Insulto Directo,Persona Individual,NO,NO,SÍ,110,24,0,0,0,2
539,Facebook,2026-07-14,USER_539,Hoy gana España a Francia,Hoy gana España a Francia,hoy gana espana a francia,No Tóxico,0,,,NO,NO,NO,25,5,0,0,0,0
363,X,2026-07-14,USER_363,Que siga el arroz con frijol para los mareros ojalá un día ver prendida en fuego la cárcel y mueran esa lacras.,Que siga el arroz con frijol para los mareros ojalá un día ver prendida en fuego la cárcel y mueran esa lacras.,que siga el arroz con frijol para los mareros ojala un dia ver prendida en fuego la carcel y mueran esa lacras,Amenazas/Violencia,3,Deseo de Daño,Pandilleros/Mareros,NO,NO,NO,111,22,0,0,0,3
1020,Facebook,2026-07-24,USER_1020,Daisy Álvarez wao Que maravilloso bendiciones,Daisy Álvarez wao Que maravilloso bendiciones,daisy alvarez wao que maravilloso bendiciones,No Tóxico,0,,,NO,NO,NO,45,6,0,0,0,0
1950,X,2026-06-14,USER_1950,hijo de puta no te hagas el tonto que llevas un tiempo siendo consciente de que le molas a otra y es mutuo,hijo de puta no te hagas el tonto que llevas un tiempo siendo consciente de que le molas a otra y es mutuo,hijo de puta no te hagas el tonto que llevas un tiempo siendo consciente de que le molas a otra y es mutuo,Lenguaje Ofensivo,1,Insulto Directo,Persona Individual,NO,NO,NO,106,23,0,0,0,2
1235,Facebook,2026-06-26,USER_1235,Xq no se muere ya ese maldito ps no se pierde nada si se muere,Xq no se muere ya ese maldito ps no se pierde nada si se muere,xq no se muere ya ese maldito ps no se pierde nada si se muere,Amenazas/Violencia,3,Deseo de Daño/Sufrimiento,Medios de Comunicación,NO,NO,NO,62,15,0,0,0,2
112,X,2026-07-13,USER_112,Cómo parte de nuestra #Renovacion con apoyo del programa #ElSalvadorEmprende por @CONAMYPESV y @Taiwan estamos... http:// fb.me/6quLvEWMD,Cómo parte de nuestra #Renovacion con apoyo del programa #ElSalvadorEmprende por @usuario y @usuario estamos... http:// fb.me/6quLvEWMD,como parte de nuestra renovacion con apoyo del programa elsalvadoremprende por usuario y usuario estamos http fb me qulvewmd,No Tóxico,0,,,NO,NO,SÍ,137,17,0,2,2,1
1133,Facebook,2026-06-25,USER_1133,A sacarse la mierda de nuevo,A sacarse la mierda de nuevo,a sacarse la mierda de nuevo,Lenguaje Ofensivo,1,Palabras Obscenas,,NO,NO,NO,28,6,0,0,0,1
1326,Facebook,2026-06-25,USER_1326,Ese mono cerote no puede manejar ni su vida mucho menos un vehículo.,Ese mono cerote no puede manejar ni su vida mucho menos un vehículo.,ese mono cerote no puede manejar ni su vida mucho menos un vehiculo,Lenguaje Ofensivo,1,Insulto Directo,Persona Individual,SÍ,NO,NO,68,13,0,0,0,1
3084,X,2026-07-10,USER_3084,Nadie quiere a esos judios de mierda,Nadie quiere a esos judios de mierda,nadie quiere a esos judios de mierda,Discurso de Odio,2,Antisemitismo,Personas judias,NO,NO,NO,36,7,0,0,0,1
2025,X,2026-06-14,USER_2025,Gracias Jose…si de algo saben los mexicanos es de perder…ya que en su puta vida ganaron nada… Que pais de mierda el tuyo Jose….,Gracias Jose…si de algo saben los mexicanos es de perder…ya que en su puta vida ganaron nada… Que pais de mierda el tuyo Jose….,gracias jose si de algo saben los mexicanos es de perder ya que en su puta vida ganaron nada que pais de mierda el tuyo jose,Discurso de Odio,2,Xenofobia,,NO,NO,SÍ,127,24,0,0,0,2
2208,Facebook,2026-05-29,USER_2208,Alberth Jrs pero como es el show de infantino se lo van a regalar,Alberth Jrs pero como es el show de infantino se lo van a regalar,alberth jrs pero como es el show de infantino se lo van a regalar,No Tóxico,0,,Personas argentinas,SI,SI,NO,65,14,0,0,0,0
2032,X,2026-06-14,USER_2032,😅😅😅😅😅😅😅😅😅😂😂😂😂😂 así es que se contesta a una mamerta mequetrefe carajo!! 😂😂😂😂😂,:cara_sonriendo_con_sudor_frío: :cara_sonriendo_con_sudor_frío: :cara_sonriendo_con_sudor_frío: :cara_sonriendo_con_sudor_frío: :cara_sonriendo_con_sudor_frío: :cara_sonriendo_con_sudor_frío: :cara_sonriendo_con_sudor_frío: :cara_sonriendo_con_sudor_frío: :cara_sonriendo_con_sudor_frío: :cara_llorando_de_risa: :cara_llorando_de_risa: :cara_llorando_de_risa: :cara_llorando_de_risa: :cara_llorando_de_risa: así es que se contesta a una mamerta mequetrefe carajo!! :cara_llorando_de_risa: :cara_llorando_de_risa: :cara_llorando_de_risa: :cara_llorando_de_risa: :cara_llorando_de_risa:,asi es que se contesta a una mamerta mequetrefe carajo,Lenguaje Ofensivo,1,Insulto Directo,Persona Individual,SÍ,NO,SÍ,77,12,19,0,0,0
2053,X,2026-06-14,USER_2053,Otra puta fetichista de los hombres musulmanes. Una puta sin hiyab defendiendo el hiyab. Manda huevos.,Otra puta fetichista de los hombres musulmanes. Una puta sin hiyab defendiendo el hiyab. Manda huevos.,otra puta fetichista de los hombres musulmanes una puta sin hiyab defendiendo el hiyab manda huevos,Lenguaje Ofensivo,1,Insulto Directo,Persona Individual,NO,NO,SÍ,102,16,0,0,0,1
247,X,2026-07-14,USER_247,Cuando en #ElSalvador haz como los salvadoreños #pupusas #loroco Mercado Santa Tecla,Cuando en #ElSalvador haz como los salvadoreños #pupusas #loroco Mercado Santa Tecla,cuando en elsalvador haz como los salvadorenos pupusas loroco mercado santa tecla,No Tóxico,0,,,NO,NO,NO,84,12,0,0,3,0
1453,Facebook,2026-06-14,USER_1453,Jajaja jajajaja te cag+#@astes mapachon jajaja no aguantas ni m perro,Jajaja jajajaja te cag+#@usuario mapachon jajaja no aguantas ni m perro,jajaja jajajaja te cag usuario mapachon jajaja no aguantas ni m perro,Lenguaje Ofensivo,1,Insulto Directo,Persona Individual,SÍ,NO,SÍ,69,11,0,1,0,1
2713,X,2026-06-06,USER_2713,"Indios de mierda, ignorantes hasta el tuetano y lo peor es q no quieren cambiar. Separemos este ex país no hay otra salida.","Indios de mierda, ignorantes hasta el tuetano y lo peor es q no quieren cambiar. Separemos este ex país no hay otra salida.",indios de mierda ignorantes hasta el tuetano y lo peor es q no quieren cambiar separemos este ex pais no hay otra salida,Discurso de Odio,2,Racismo,Personas indigenas,NO,NO,NO,123,23,0,0,0,3
11,X,2026-07-13,USER_011,"La salvadoreña Claudia Lars escribió este poemario fascinada por los viajes espaciales de soviéticos y estadounidenses. Tras la estela del Artemis II, vale la pena descargarlo desde Internet Archive, leerlo y analizarlo. #MujeresSV #CulturaSV @EfemeridesSV","La salvadoreña Claudia Lars escribió este poemario fascinada por los viajes espaciales de soviéticos y estadounidenses. Tras la estela del Artemis II, vale la pena descargarlo desde Internet Archive, leerlo y analizarlo. #MujeresSV #CulturaSV @usuario",la salvadorena claudia lars escribio este poemario fascinada por los viajes espaciales de sovieticos y estadounidenses tras la estela del artemis ii vale la pena descargarlo desde internet archive leerlo y analizarlo mujeressv culturasv usuario,No Tóxico,0,,,NO,NO,NO,256,35,0,1,2,0
242,X,2026-07-14,USER_242,Y con estos berrinches quieren llevar a un futbolista a la #SelectaSV e influenciar a otros jugadores para ser indisciplinado y amañar partidos? No mi ciela.,Y con estos berrinches quieren llevar a un futbolista a la #SelectaSV e influenciar a otros jugadores para ser indisciplinado y amañar partidos? No mi ciela.,y con estos berrinches quieren llevar a un futbolista a la selectasv e influenciar a otros jugadores para ser indisciplinado y amanar partidos no mi ciela,No Tóxico,0,,,SÍ,NO,NO,157,26,0,0,1,1
1640,X,2026-05-30,USER_1640,Un par de meses dice el pasmado vaya q el personaje de la bruta se le impregnó tanto a este baboso maceta,Un par de meses dice el pasmado vaya q el personaje de la bruta se le impregnó tanto a este baboso maceta,un par de meses dice el pasmado vaya q el personaje de la bruta se le impregno tanto a este baboso maceta,Lenguaje Ofensivo,1,Insulto Directo,Persona Individual,SÍ,NO,NO,105,22,0,0,0,2
1280,Facebook,2026-07-12,USER_1280,Busca trabajo no se as un paracito,Busca trabajo no se as un paracito,busca trabajo no se as un paracito,Lenguaje Ofensivo,1,Insulto Directo,Persona Individual,NO,NO,NO,34,7,0,0,0,0
2755,X,2026-06-21,USER_2755,TRAIGAN LA CABEZA DE CUCURELLA Y DE TODOS ESOS MOROS DE MIERDA.,TRAIGAN LA CABEZA DE CUCURELLA Y DE TODOS ESOS MOROS DE MIERDA.,traigan la cabeza de cucurella y de todos esos moros de mierda,Amenazas/Violencia,3,Amenaza Directa,Personas musulmanas,NO,NO,NO,63,12,0,0,0,1
1906,X,2026-07-08,USER_1906,"Tu madre fasista pendejo, seguí revolviendote en la mierda con este futbol de mierda de El Salvador, cerote rídiculo","Tu madre fasista pendejo, seguí revolviendote en la mierda con este futbol de mierda de El Salvador, cerote rídiculo",tu madre fasista pendejo segui revolviendote en la mierda con este futbol de mierda de el salvador cerote ridiculo,Lenguaje Ofensivo,1,Insulto Directo,Persona Individual,NO,NO,SÍ,116,19,0,0,0,5
237,X,2026-07-14,USER_237,Si gana la selecta les invito a pupusas con chocolate ¿De cuál va a querer amor? #Selecta #selectasv,Si gana la selecta les invito a pupusas con chocolate ¿De cuál va a querer amor? #Selecta #selectasv,si gana la selecta les invito a pupusas con chocolate de cual va a querer amor selecta selectasv,No Tóxico,0,,,NO,NO,NO,100,18,0,0,2,1
1308,Facebook,2026-07-11,USER_1308,Tu madre artarte mierda flojo,Tu madre artarte mierda flojo,tu madre artarte mierda flojo,Lenguaje Ofensivo,1,Insulto Directo,Persona Individual,NO,NO,NO,29,5,0,0,0,1
938,Facebook,2026-07-24,USER_938,Ya l hubieran dado gamezan esos majes no amagaban para despachar a otro,Ya l hubieran dado gamezan esos majes no amagaban para despachar a otro,ya l hubieran dado gamezan esos majes no amagaban para despachar a otro,Amenazas/Violencia,3,Deseo de Daño,Individuo,NO,NO,NO,71,13,0,0,0,0
2613,X,2026-07-12,USER_2613,Igual que los putos inmigrantes que destrozando todo,Igual que los putos inmigrantes que destrozando todo,igual que los putos inmigrantes que destrozando todo,Discurso de Odio,2,Xenofobia,Personas inmigrantes,NO,NO,NO,52,8,0,0,0,2
1889,X,2026-07-08,USER_1889,Que mierda,Que mierda,que mierda,Lenguaje Ofensivo,1,Palabras Obscenas,,NO,NO,NO,10,2,0,0,0,1
2792,X,2026-07-09,USER_2792,Déjame adivinar.... Solo con el título de la noticia hace ver al 100% sin equivocación que eran gitanos de mierda que habría que devolver a la india.....,Déjame adivinar.... Solo con el título de la noticia hace ver al 100% sin equivocación que eran gitanos de mierda que habría que devolver a la india.....,dejame adivinar solo con el titulo de la noticia hace ver al sin equivocacion que eran gitanos de mierda que habria que devolver a la india,Discurso de Odio,2,Racismo,Personas gitanas,NO,NO,NO,153,27,0,0,0,3
1541,Facebook,2026-07-26,USER_1541,Son de esos Hijos de Puta que se Creen La Gran cosa pero tienen El cerebro lleno De Mierda. hijos de Puta lo único que se merecen es la 💀,Son de esos Hijos de Puta que se Creen La Gran cosa pero tienen El cerebro lleno De Mierda. hijos de Puta lo único que se merecen es la :calavera:,son de esos hijos de puta que se creen la gran cosa pero tienen el cerebro lleno de mierda hijos de puta lo unico que se merecen es la,Amenazas/Violencia,3,Deseo de Dano,Persona Individual,NO,NO,NO,137,30,1,0,0,2
1007,Facebook,2026-07-24,USER_1007,Dejen que llueva sin parar por q se asustan está seco están fregando está lloviendo y están con sus cosas dejen que Dios haga ordene lo q el diga,Dejen que llueva sin parar por q se asustan está seco están fregando está lloviendo y están con sus cosas dejen que Dios haga ordene lo q el diga,dejen que llueva sin parar por q se asustan esta seco estan fregando esta lloviendo y estan con sus cosas dejen que dios haga ordene lo q el diga,No Tóxico,0,,,NO,NO,NO,145,29,0,0,0,1
862,Facebook,2026-07-19,USER_862,"Delen pena de muerte mejor, yo no creo q alguien que mate asu propia madre merezca vivir","Delen pena de muerte mejor, yo no creo q alguien que mate asu propia madre merezca vivir",delen pena de muerte mejor yo no creo q alguien que mate asu propia madre merezca vivir,Amenazas/Violencia,3,Deseo de Daño,Individuo (matricida),NO,NO,NO,88,17,0,0,0,0
15,X,2026-07-13,USER_015,"Nuestro aeropuerto internacional ya tiene el sello Family Friendly, entregado por la Primera Dama Gabriela de Bukele. #VisitElSalvador","Nuestro aeropuerto internacional ya tiene el sello Family Friendly, entregado por la Primera Dama Gabriela de Bukele. #VisitElSalvador",nuestro aeropuerto internacional ya tiene el sello family friendly entregado por la primera dama gabriela de bukele visitelsalvador,No Tóxico,0,,,NO,NO,SÍ,134,18,0,0,1,0
2002,X,2026-06-14,USER_2002,"Tú eres imbecil o que, obvio que los golpes en la cabeza te desgastan al momento de impactar y pues a roro no le impactaban por llevar ese casco de moto y a rivers si, mejor cállate la boca y aprende a ver bien ciego","Tú eres imbecil o que, obvio que los golpes en la cabeza te desgastan al momento de impactar y pues a roro no le impactaban por llevar ese casco de moto y a rivers si, mejor cállate la boca y aprende a ver bien ciego",tu eres imbecil o que obvio que los golpes en la cabeza te desgastan al momento de impactar y pues a roro no le impactaban por llevar ese casco de moto y a rivers si mejor callate la boca y aprende a ver bien ciego,Lenguaje Ofensivo,1,Insulto Directo,Persona Individual,NO,NO,NO,216,45,0,0,0,1
1504,Facebook,2026-07-26,USER_1504,NOOO Malditooo y Nooo le den comida asta que se mueraaa por que Esas Ratas ya Nooo pueden vivir en nuestro planeta,NOOO Malditooo y Nooo le den comida asta que se mueraaa por que Esas Ratas ya Nooo pueden vivir en nuestro planeta,nooo malditooo y nooo le den comida asta que se mueraaa por que esas ratas ya nooo pueden vivir en nuestro planeta,Amenazas/Violencia,3,Deseo de Dano,,NO,NO,SÍ,114,22,0,0,0,1
42,X,2026-07-13,USER_042,"¿A ti no te gusta que te lleguen a tirar basura en tu casa, verdad? Pues no ensucies el hogar de los demás! #NoMasBasura #PlayasElSalvador #2MinuteChallenge @EtnyaSv @HMAGarside @USAmbSV @HMAGarside","¿A ti no te gusta que te lleguen a tirar basura en tu casa, verdad? Pues no ensucies el hogar de los demás! #NoMasBasura #PlayasElSalvador #2MinuteChallenge @usuario @usuario @usuario @usuario",a ti no te gusta que te lleguen a tirar basura en tu casa verdad pues no ensucies el hogar de los demas nomasbasura playaselsalvador minutechallenge usuario usuario usuario usuario,No Tóxico,0,,,NO,NO,NO,198,30,0,4,3,1
1263,Facebook,2026-07-14,USER_1263,Bicho pndjo. Mejor deberia de ir a ver si le saca leche al burro,Bicho pndjo. Mejor deberia de ir a ver si le saca leche al burro,bicho pndjo mejor deberia de ir a ver si le saca leche al burro,Lenguaje Ofensivo,1,Insulto Directo,Persona Individual,SÍ,NO,NO,64,14,0,0,0,2
1333,Facebook,2026-06-25,USER_1333,Hay no gracias a Dios que no se la dieron a ponerlo en vergüenza uviera ido ridícula,Hay no gracias a Dios que no se la dieron a ponerlo en vergüenza uviera ido ridícula,hay no gracias a dios que no se la dieron a ponerlo en verguenza uviera ido ridicula,Lenguaje Ofensivo,1,Insulto Directo,Persona Individual,NO,NO,NO,84,17,0,0,0,0
559,Facebook,2026-07-14,USER_559,Listo me encantaría ser acreedora de lindo y rico premio y poder compartirlo con mi esposo e hijo gracias a LasVegas Steak House y Periódico Día a Día News bendiciones,Listo me encantaría ser acreedora de lindo y rico premio y poder compartirlo con mi esposo e hijo gracias a LasVegas Steak House y Periódico Día a Día News bendiciones,listo me encantaria ser acreedora de lindo y rico premio y poder compartirlo con mi esposo e hijo gracias a lasvegas steak house y periodico dia a dia news bendiciones,No Tóxico,0,,,NO,NO,NO,167,30,0,0,0,1
2218,Facebook,2026-06-28,USER_2218,Solo para recordarles que el último jugador que quiso comprarse con Cristiano Ronaldo terminó llorando y retirandose de la selección ... Tuvo que llegar Infantino para salvarle la carrera Saludos & Buenas Noches,Solo para recordarles que el último jugador que quiso comprarse con Cristiano Ronaldo terminó llorando y retirandose de la selección ... Tuvo que llegar Infantino para salvarle la carrera Saludos & Buenas Noches,solo para recordarles que el ultimo jugador que quiso comprarse con cristiano ronaldo termino llorando y retirandose de la seleccion tuvo que llegar infantino para salvarle la carrera saludos buenas noches,No Tóxico,0,,Personas argentinas,SI,SI,NO,211,33,0,0,0,1
123,X,2026-07-13,USER_123,Espectacular @carosandoval1 #BellezaSalvadoreña #Influencer #ModaSV #LifeStyle,Espectacular @usuario #BellezaSalvadoreña #Influencer #ModaSV #LifeStyle,espectacular usuario bellezasalvadorena influencer modasv lifestyle,No Tóxico,0,,,NO,NO,NO,78,6,0,1,4,0
1622,X,2026-05-30,USER_1622,"Ojala te fueras vos también semejante bueno para nada, solo para embolsarte los 6mil dolarucos servís y para hablar vulgaridades y pestes. #CholyRenuncia","Ojala te fueras vos también semejante bueno para nada, solo para embolsarte los 6mil dolarucos servís y para hablar vulgaridades y pestes. #CholyRenuncia",ojala te fueras vos tambien semejante bueno para nada solo para embolsarte los mil dolarucos servis y para hablar vulgaridades y pestes cholyrenuncia,Lenguaje Ofensivo,1,Insulto Directo,Funcionarios Públicos,NO,NO,SÍ,153,23,0,0,1,0
705,Facebook,2026-07-14,USER_705,Viva mi presidente Nayib Bukele por siempre.,Viva mi presidente Nayib Bukele por siempre.,viva mi presidente nayib bukele por siempre,No Tóxico,0,,,NO,NO,SÍ,44,7,0,0,0,0
663,Facebook,2026-07-14,USER_663,Les guste o no les guste a la oposición así es,Les guste o no les guste a la oposición así es,les guste o no les guste a la oposicion asi es,No Tóxico,0,,,NO,NO,SÍ,46,11,0,0,0,0
29,X,2026-07-13,USER_029,"Que alegría siento al ver a nuestra #diásporaSV de primera generación, sentirse orgullosos por representar a nuestra #SelectaSV femenina sub-17 , mucha suerte Briana. Gracias @VicPerez2010 , por apoyarnos a brindar el detalle a nuestra compatriota ¡#seguimos! https:// t.co/wfRylDpGJN","Que alegría siento al ver a nuestra #diásporaSV de primera generación, sentirse orgullosos por representar a nuestra #SelectaSV femenina sub-17 , mucha suerte Briana. Gracias @usuario , por apoyarnos a brindar el detalle a nuestra compatriota ¡#seguimos! https:// t.co/wfRylDpGJN",que alegria siento al ver a nuestra diasporasv de primera generacion sentirse orgullosos por representar a nuestra selectasv femenina sub mucha suerte briana gracias usuario por apoyarnos a brindar el detalle a nuestra compatriota seguimos https t co wfryldpgjn,No Tóxico,0,,,NO,NO,NO,284,39,0,1,3,0
1523,Facebook,2026-07-26,USER_1523,Que coma mucha mierda,Que coma mucha mierda,que coma mucha mierda,Lenguaje Ofensivo,1,Palabras Obscenas,Persona Individual,NO,NO,NO,21,4,0,0,0,1
1357,Facebook,2026-06-25,USER_1357,Para que hablar de parásitos vivientes mejor ablemos de personas que se ganan la vida trabajando en mano de obra o en el campo o incluso un rescatista de cruz roja héroes de los que casi nadie aplaude,Para que hablar de parásitos vivientes mejor ablemos de personas que se ganan la vida trabajando en mano de obra o en el campo o incluso un rescatista de cruz roja héroes de los que casi nadie aplaude,para que hablar de parasitos vivientes mejor ablemos de personas que se ganan la vida trabajando en mano de obra o en el campo o incluso un rescatista de cruz roja heroes de los que casi nadie aplaude,Lenguaje Ofensivo,1,Insulto Directo,Persona Individual,NO,NO,NO,200,38,0,0,0,1
2235,Facebook,2026-07-08,USER_2235,Argentina campeón Argentina Argentina bi campeón les guste o no les guste Argentina Argentina ya vengo a México y le dio con todo a los ingleses.,Argentina campeón Argentina Argentina bi campeón les guste o no les guste Argentina Argentina ya vengo a México y le dio con todo a los ingleses.,argentina campeon argentina argentina bi campeon les guste o no les guste argentina argentina ya vengo a mexico y le dio con todo a los ingleses,No Tóxico,0,,Personas argentinas,SI,SI,NO,145,26,0,0,0,1
78,X,2026-07-13,USER_078,I chose con todo mi corazón #comidasalvadoreña #elsalvador,I chose con todo mi corazón #comidasalvadoreña #elsalvador,i chose con todo mi corazon comidasalvadorena elsalvador,No Tóxico,0,,,NO,NO,NO,58,8,0,0,2,1
623,Facebook,2026-07-14,USER_623,"Bravo, alguien que ha luchado y alzado la voz sin temor, representando a la clase trabajadora, simplemente inspira y renueva esperanzas!!!","Bravo, alguien que ha luchado y alzado la voz sin temor, representando a la clase trabajadora, simplemente inspira y renueva esperanzas!!!",bravo alguien que ha luchado y alzado la voz sin temor representando a la clase trabajadora simplemente inspira y renueva esperanzas,No Tóxico,0,,,NO,NO,SÍ,138,21,0,0,0,0
703,Facebook,2026-07-14,USER_703,Donde queda el orgullo Kilian,Donde queda el orgullo Kilian,donde queda el orgullo kilian,No Tóxico,0,,,NO,NO,NO,29,5,0,0,0,0
1494,Facebook,2026-07-26,USER_1494,"Que hdp mas irresponsables, pero gracias a Dios que es mentira.","Que hdp mas irresponsables, pero gracias a Dios que es mentira.",que hdp mas irresponsables pero gracias a dios que es mentira,Lenguaje Ofensivo,1,Insulto Directo,,NO,SÍ,SÍ,63,11,0,0,0,1
753,Facebook,2026-07-14,USER_753,"Presi Nayib Bukele y uno se puede prestar como voluntario o es necesario pertenecer a dicha institución para colaborar o algo? Me gustaría colaborar o brindarme con voluntario en nombre de mi pais, estoy a la orden mi presi","Presi Nayib Bukele y uno se puede prestar como voluntario o es necesario pertenecer a dicha institución para colaborar o algo? Me gustaría colaborar o brindarme con voluntario en nombre de mi pais, estoy a la orden mi presi",presi nayib bukele y uno se puede prestar como voluntario o es necesario pertenecer a dicha institucion para colaborar o algo me gustaria colaborar o brindarme con voluntario en nombre de mi pais estoy a la orden mi presi,No Tóxico,0,,,NO,NO,SÍ,223,39,0,0,0,1
2443,Facebook,2026-07-23,USER_2443,Eres como una mariposa. De esas negras de las culeras,Eres como una mariposa. De esas negras de las culeras,eres como una mariposa de esas negras de las culeras,Discurso de Odio,2,Gordofobia,Personas morenas,NO,NO,NO,53,10,0,0,0,1
1452,Facebook,2026-06-14,USER_1452,Cobarde basura despues de andar de chismosa ahora sales corriendo pedazo de 💩 💩 💩 💩,Cobarde basura despues de andar de chismosa ahora sales corriendo pedazo de :caca_con_ojos: :caca_con_ojos: :caca_con_ojos: :caca_con_ojos:,cobarde basura despues de andar de chismosa ahora sales corriendo pedazo de,Lenguaje Ofensivo,1,Insulto Directo,Persona Individual,NO,NO,SÍ,83,16,4,0,0,1
1678,X,2026-06-02,USER_1678,"A la gran putaaaaa ,llorando x un bloque,k te.extraña eso, gobierno de antes lo hacían ,para hacer cualquier actividad en las escuelas,hoy solo son mierdas ,si les piden colaborar con algo . oposición como siempre mentirosas en contra del gobierno.... jajajaja 🤣","A la gran putaaaaa ,llorando x un bloque,k te.extraña eso, gobierno de antes lo hacían ,para hacer cualquier actividad en las escuelas,hoy solo son mierdas ,si les piden colaborar con algo . oposición como siempre mentirosas en contra del gobierno.... jajajaja :cara_revolviéndose_de_la_risa:",a la gran putaaaaa llorando x un bloque k te extrana eso gobierno de antes lo hacian para hacer cualquier actividad en las escuelas hoy solo son mierdas si les piden colaborar con algo oposicion como siempre mentirosas en contra del gobierno jajajaja,Lenguaje Ofensivo,1,Insulto Directo,,SÍ,NO,SÍ,262,42,1,0,0,2
796,Facebook,2026-07-18,USER_796,Directo al CECOT sin pérdida de tiempo ni Papeleo Inezesario,Directo al CECOT sin pérdida de tiempo ni Papeleo Inezesario,directo al cecot sin perdida de tiempo ni papeleo inezesario,Amenazas/Violencia,3,Deseo de Daño,Individuo/Grupo (detenido en publicación de la PNC),NO,NO,NO,60,10,0,0,0,0
1139,Facebook,2026-06-25,USER_1139,PAYASOS 🤡🤡🤡....... LAS PERSONAS Q' VEN ÉSTA PUTREFACCIÓN...CARECEN SENTIDO COMÚN..,PAYASOS :cara_de_payaso: :cara_de_payaso: :cara_de_payaso: ....... LAS PERSONAS Q' VEN ÉSTA PUTREFACCIÓN...CARECEN SENTIDO COMÚN..,payasos las personas q ven esta putrefaccion carecen sentido comun,Lenguaje Ofensivo,1,Insulto Directo,,NO,NO,NO,82,10,3,0,0,0
1358,Facebook,2026-06-25,USER_1358,Tiene sus huevos ese maje sebeq es arqueólogo descubre antiguidades,Tiene sus huevos ese maje sebeq es arqueólogo descubre antiguidades,tiene sus huevos ese maje sebeq es arqueologo descubre antiguidades,No Tóxico,0,,Persona Individual,NO,NO,NO,67,10,0,0,0,1
690,Facebook,2026-07-14,USER_690,España y argentina pomgale la firma,España y argentina pomgale la firma,espana y argentina pomgale la firma,No Tóxico,0,,,NO,NO,NO,35,6,0,0,0,0
1713,X,2026-06-02,USER_1713,"Ya activaron dice🤣🤣🤣🤣, lo decís por qué?, por qué así activaba ARENA sus negociaciones con los pandilleros para ganar elecciones o como es la cosa?, ustedes van avanzando pero para el entierro político, El salvador Jamás va a Olvidar las masacres, violaciones hasta a las personas quemadas en un microbús VIVAS por culpa de los gobiernos mierdas de ARENA, GATOS podemos ser, pero ya vez estos gatos siempre les van a recordar todo lo mierda que tú partido fue con este país gran cerote.","Ya activaron dice :cara_revolviéndose_de_la_risa: :cara_revolviéndose_de_la_risa: :cara_revolviéndose_de_la_risa: :cara_revolviéndose_de_la_risa: , lo decís por qué?, por qué así activaba ARENA sus negociaciones con los pandilleros para ganar elecciones o como es la cosa?, ustedes van avanzando pero para el entierro político, El salvador Jamás va a Olvidar las masacres, violaciones hasta a las personas quemadas en un microbús VIVAS por culpa de los gobiernos mierdas de ARENA, GATOS podemos ser, pero ya vez estos gatos siempre les van a recordar todo lo mierda que tú partido fue con este país gran cerote.",ya activaron dice lo decis por que por que asi activaba arena sus negociaciones con los pandilleros para ganar elecciones o como es la cosa ustedes van avanzando pero para el entierro politico el salvador jamas va a olvidar las masacres violaciones hasta a las personas quemadas en un microbus vivas por culpa de los gobiernos mierdas de arena gatos podemos ser pero ya vez estos gatos siempre les van a recordar todo lo mierda que tu partido fue con este pais gran cerote,Lenguaje Ofensivo,1,Insulto Directo,Grupos Políticos,SÍ,NO,SÍ,486,84,4,0,0,4
1832,X,2026-06-07,USER_1832,Como que por qué si es fanático del fútbol y si de por sí MX es maleta a él le tocó ser de Él Salvador que es la puta de México….,Como que por qué si es fanático del fútbol y si de por sí MX es maleta a él le tocó ser de Él Salvador que es la puta de México….,como que por que si es fanatico del futbol y si de por si mx es maleta a el le toco ser de el salvador que es la puta de mexico,Lenguaje Ofensivo,1,Insulto Directo,,SÍ,SÍ,NO,129,31,0,0,0,1
964,Facebook,2026-07-24,USER_964,"José N. Hernandéz Ojalá nunca te pase a ti , que Dios te ilumine o mejor aun te elimine por bocon","José N. Hernandéz Ojalá nunca te pase a ti , que Dios te ilumine o mejor aun te elimine por bocon",jose n hernandez ojala nunca te pase a ti que dios te ilumine o mejor aun te elimine por bocon,Amenazas/Violencia,3,Deseo de Daño,Individuo,NO,NO,NO,97,21,0,0,0,0
1489,Facebook,2026-07-26,USER_1489,Son mierdas de natural les gusta la violencia la muerte y violacion,Son mierdas de natural les gusta la violencia la muerte y violacion,son mierdas de natural les gusta la violencia la muerte y violacion,Lenguaje Ofensivo,1,Insulto Directo,,NO,NO,SÍ,67,12,0,0,0,0
348,X,2026-07-14,USER_348,"Coman mierda hijos de puta ! Cuántas madre , hijos niños y niñas dejaron de pasar navidad por qué metieron en las épocas violentas de nuestro país!! Provocados por malditos mareros y delincuentes comunes !! Que se pudran !!","Coman mierda hijos de puta ! Cuántas madre , hijos niños y niñas dejaron de pasar navidad por qué metieron en las épocas violentas de nuestro país!! Provocados por malditos mareros y delincuentes comunes !! Que se pudran !!",coman mierda hijos de puta cuantas madre hijos ninos y ninas dejaron de pasar navidad por que metieron en las epocas violentas de nuestro pais provocados por malditos mareros y delincuentes comunes que se pudran,Amenazas/Violencia,3,Deseo de Daño,Pandilleros/Mareros,NO,NO,NO,223,39,0,0,0,3
2851,X,2026-06-10,USER_2851,hija de rre mil putas. TUS DISCAPACITADOS DE MIERDA ESTAN PRENDIENDO CORDOBA.,hija de rre mil putas. TUS DISCAPACITADOS DE MIERDA ESTAN PRENDIENDO CORDOBA.,hija de rre mil putas tus discapacitados de mierda estan prendiendo cordoba,Discurso de Odio,2,Capacitismo,Personas con discapacidad,NO,NO,NO,77,12,0,0,0,2
847,Facebook,2026-07-19,USER_847,Y los ladrones cuando los metan en elcecot,Y los ladrones cuando los metan en elcecot,y los ladrones cuando los metan en elcecot,Amenazas/Violencia,3,Deseo de Daño,Ladrones/delincuentes,NO,NO,NO,42,8,0,0,0,1
2262,Facebook,2026-06-08,USER_2262,"No mms México no tiene ese nivel de cambios que metió Argentina, y los que medio podían hacerl un disparo de larga distancia y un centro decente quedaron en la banca. O los sacaron de cambio.","No mms México no tiene ese nivel de cambios que metió Argentina, y los que medio podían hacerl un disparo de larga distancia y un centro decente quedaron en la banca. O los sacaron de cambio.",no mms mexico no tiene ese nivel de cambios que metio argentina y los que medio podian hacerl un disparo de larga distancia y un centro decente quedaron en la banca o los sacaron de cambio,No Tóxico,0,,Personas argentinas,SI,SI,NO,191,36,0,0,0,0
2166,Facebook,2026-07-05,USER_2166,H.construcciones … CHILE existe para darte de comer y dejes de tener tanta hambre !,H.construcciones … CHILE existe para darte de comer y dejes de tener tanta hambre !,h construcciones chile existe para darte de comer y dejes de tener tanta hambre,Discurso de Odio,2,Clasismo,Personas en situación de pobreza o precariedad,SI,SI,NO,83,15,0,0,0,0
1119,Facebook,2026-06-24,USER_1119,Bete ala berga pues cerote mal parido culero as tu atu gusto pisado,Bete ala berga pues cerote mal parido culero as tu atu gusto pisado,bete ala berga pues cerote mal parido culero as tu atu gusto pisado,Lenguaje Ofensivo,1,Insulto Directo,Persona Individual,NO,NO,NO,67,13,0,0,0,3
540,Facebook,2026-07-14,USER_540,Suerte mi sangre el salvador,Suerte mi sangre el salvador,suerte mi sangre el salvador,No Tóxico,0,,,NO,NO,NO,28,5,0,0,0,0
2185,Facebook,2026-06-17,USER_2185,Así como Argentina está 25 escalones arriba de Portugal,Así como Argentina está 25 escalones arriba de Portugal,asi como argentina esta escalones arriba de portugal,No Tóxico,0,,Personas argentinas,SI,SI,NO,55,9,0,0,0,0
735,Facebook,2026-07-14,USER_735,"Por eso no hay que estar recogiendo hijos, ya grandes se olvidan de como estaban","Por eso no hay que estar recogiendo hijos, ya grandes se olvidan de como estaban",por eso no hay que estar recogiendo hijos ya grandes se olvidan de como estaban,No Tóxico,0,,,NO,NO,NO,80,15,0,0,0,0
797,Facebook,2026-07-18,USER_797,Ahora quela soque bièn topado al Morro,Ahora quela soque bièn topado al Morro,ahora quela soque bien topado al morro,Amenazas/Violencia,3,Incitación a la Violencia,Individuo (el 'Morro' referido en el post),NO,NO,NO,38,7,0,0,0,0
980,Facebook,2026-07-24,USER_980,Qe bueno ya no cortara mas vidas en el paiz buen trabajo,Qe bueno ya no cortara mas vidas en el paiz buen trabajo,qe bueno ya no cortara mas vidas en el paiz buen trabajo,Amenazas/Violencia,3,Celebración de Violencia,Individuo,NO,NO,NO,56,12,0,0,0,0
748,Facebook,2026-07-14,USER_748,"Imposible no amar a mi Presidente, ese cuerpo es muy pequeño para su gran corazón, Dios lo bendiga siempre, a el y su amada familia!!!!","Imposible no amar a mi Presidente, ese cuerpo es muy pequeño para su gran corazón, Dios lo bendiga siempre, a el y su amada familia!!!!",imposible no amar a mi presidente ese cuerpo es muy pequeno para su gran corazon dios lo bendiga siempre a el y su amada familia,No Tóxico,0,,,NO,NO,SÍ,135,25,0,0,0,0
296,X,2026-07-14,USER_296,"Aquí en la paz, Guadalupe la Zorra se formaron grupos de exterminio y se acabaron todos los mareros! Y todo volvió a la normalidad nuevamente! Es la única opción que hay! Prevenir y eliminar","Aquí en la paz, Guadalupe la Zorra se formaron grupos de exterminio y se acabaron todos los mareros! Y todo volvió a la normalidad nuevamente! Es la única opción que hay! Prevenir y eliminar",aqui en la paz guadalupe la zorra se formaron grupos de exterminio y se acabaron todos los mareros y todo volvio a la normalidad nuevamente es la unica opcion que hay prevenir y eliminar,Amenazas/Violencia,3,Apología de Violencia,Pandilleros/Mareros,NO,NO,NO,190,34,0,0,0,2
2113,Facebook,2026-05-28,USER_2113,Y ahora digan que mañana van a regalar la Argentina!,Y ahora digan que mañana van a regalar la Argentina!,y ahora digan que manana van a regalar la argentina,No Tóxico,0,,Personas argentinas,SI,SI,NO,52,10,0,0,0,0
2374,Facebook,2026-07-22,USER_2374,"ese se coma negras, pero no de hembras","ese se coma negras, pero no de hembras",ese se coma negras pero no de hembras,Discurso de Odio,2,Racismo,Personas LGBT,NO,NO,NO,38,8,0,0,0,1
1681,X,2026-06-02,USER_1681,Es la perrita mascota de los zurdos de mierda 💩,Es la perrita mascota de los zurdos de mierda :caca_con_ojos:,es la perrita mascota de los zurdos de mierda,Lenguaje Ofensivo,1,Insulto Directo,Persona Individual,NO,NO,SÍ,47,10,1,0,0,2
2697,X,2026-05-30,USER_2697,"Viendo un informe de Gustavo Grabia sobre los barras en el mundial me vuelvo a preguntar cómo es que todos esos negros de mierda pueden presenciarlo y nosotros, la gente de bien, no. Uno de los primeros que menciona es a Minuet, de Belgrano, que le debe su puesto de trabajo a la","Viendo un informe de Gustavo Grabia sobre los barras en el mundial me vuelvo a preguntar cómo es que todos esos negros de mierda pueden presenciarlo y nosotros, la gente de bien, no. Uno de los primeros que menciona es a Minuet, de Belgrano, que le debe su puesto de trabajo a la",viendo un informe de gustavo grabia sobre los barras en el mundial me vuelvo a preguntar como es que todos esos negros de mierda pueden presenciarlo y nosotros la gente de bien no uno de los primeros que menciona es a minuet de belgrano que le debe su puesto de trabajo a la,Discurso de Odio,2,Racismo,Personas negras,NO,NO,NO,279,53,0,0,0,2
2671,X,2026-06-19,USER_2671,Argentinos rechiflan el himno de Inglaterra todo el tiempo y estos sudacas de mierda eran los que decían que México hizo eso con todos sus rivales,Argentinos rechiflan el himno de Inglaterra todo el tiempo y estos sudacas de mierda eran los que decían que México hizo eso con todos sus rivales,argentinos rechiflan el himno de inglaterra todo el tiempo y estos sudacas de mierda eran los que decian que mexico hizo eso con todos sus rivales,Discurso de Odio,2,Xenofobia,Personas latinoamericanas,NO,NO,NO,146,26,0,0,0,2
1820,X,2026-06-07,USER_1820,"En El Salvador los asesinatos cuando se encerró de por vida a los delincuentes de mierda bajaron de 30 por dia a 30 en un año, pero segun vos, Bukele es un fracasado hijo de puta, porque le mataron 30 personas en un año, para vos es 0 o que sean los maximos posibles, sos tarada","En El Salvador los asesinatos cuando se encerró de por vida a los delincuentes de mierda bajaron de 30 por dia a 30 en un año, pero segun vos, Bukele es un fracasado hijo de puta, porque le mataron 30 personas en un año, para vos es 0 o que sean los maximos posibles, sos tarada",en el salvador los asesinatos cuando se encerro de por vida a los delincuentes de mierda bajaron de por dia a en un ano pero segun vos bukele es un fracasado hijo de puta porque le mataron personas en un ano para vos es o que sean los maximos posibles sos tarada,Lenguaje Ofensivo,1,Insulto Directo,Persona Individual,NO,NO,SÍ,278,56,0,0,0,4
3089,X,2026-06-18,USER_3089,Asco fucking judíos de mierda,Asco fucking judíos de mierda,asco fucking judios de mierda,Discurso de Odio,2,Antisemitismo,Personas judias,NO,NO,NO,29,5,0,0,0,1
1587,X,2026-05-24,USER_1587,"Éste viejo loco, como que cuesta $50,000 en una casa está pendejo si ahorita me cuesta mi casa es un cantón 500 me hace $500,000 de dos plantas, cómo la ves","Éste viejo loco, como que cuesta $50,000 en una casa está pendejo si ahorita me cuesta mi casa es un cantón 500 me hace $500,000 de dos plantas, cómo la ves",este viejo loco como que cuesta en una casa esta pendejo si ahorita me cuesta mi casa es un canton me hace de dos plantas como la ves,Lenguaje Ofensivo,1,Insulto Directo,Persona Individual,NO,NO,SÍ,156,31,0,0,0,1
1459,Facebook,2026-06-14,USER_1459,Como hay personas p$$$jas que defiendan a este gobierno corrupto man ???,Como hay personas p$$$jas que defiendan a este gobierno corrupto man ???,como hay personas p jas que defiendan a este gobierno corrupto man,Lenguaje Ofensivo,1,Insulto Directo,,NO,NO,SÍ,72,12,0,0,0,0
21,X,2026-07-13,USER_021,Botar basura en lugares no autorizados es una falta grave que te puede costar una tarjeta roja directa.. ¡y una multa de hasta $900! ​No arruines el partido de la limpieza. Sé un buen jugador y mantén nuestra ciudad impecable. ​#SivarSeguro #DenunciaCiudadana #SanSalvador,Botar basura en lugares no autorizados es una falta grave que te puede costar una tarjeta roja directa.. ¡y una multa de hasta $900! No arruines el partido de la limpieza. Sé un buen jugador y mantén nuestra ciudad impecable. #SivarSeguro #DenunciaCiudadana #SanSalvador,botar basura en lugares no autorizados es una falta grave que te puede costar una tarjeta roja directa y una multa de hasta no arruines el partido de la limpieza se un buen jugador y manten nuestra ciudad impecable sivarseguro denunciaciudadana sansalvador,No Tóxico,0,,,NO,SÍ,NO,272,43,0,0,3,1
1420,Facebook,2026-06-14,USER_1420,"Al verdadero propietario le deberían devolver la casa, saquen a esa vieja ladrona, que me imagino que más joven sabía lo que hacía el mierda de su hijo","Al verdadero propietario le deberían devolver la casa, saquen a esa vieja ladrona, que me imagino que más joven sabía lo que hacía el mierda de su hijo",al verdadero propietario le deberian devolver la casa saquen a esa vieja ladrona que me imagino que mas joven sabia lo que hacia el mierda de su hijo,Lenguaje Ofensivo,1,Insulto Directo,Persona Individual,NO,NO,NO,151,28,0,0,0,1
2388,Facebook,2026-07-22,USER_2388,Esta pendeja ni chimar a de poder??????,Esta pendeja ni chimar a de poder??????,esta pendeja ni chimar a de poder,Lenguaje Ofensivo,1,Insulto Directo,Mujeres,NO,NO,NO,39,7,0,0,0,1
208,X,2026-07-14,USER_208,"#ElSalvador el país de la ""chambonada"". #ElSalvadorAvanza","#ElSalvador el país de la ""chambonada"". #ElSalvadorAvanza",elsalvador el pais de la chambonada elsalvadoravanza,No Tóxico,0,,,SÍ,NO,SÍ,57,7,0,0,2,0
100,X,2026-07-13,USER_100,#NaturalezaSV | ¡Explora el cráter del volcán Ilamatepec! https:// goo.gl/14k4HW,#NaturalezaSV | ¡Explora el cráter del volcán Ilamatepec! https:// goo.gl/14k4HW,naturalezasv explora el crater del volcan ilamatepec https goo gl k hw,No Tóxico,0,,,NO,NO,SÍ,80,10,0,0,1,0
3046,X,2026-07-11,USER_3046,Mejor que vivir entre animales que se arrancan la cabeza todos los días. Mexicago. Son unos indios de mierda.,Mejor que vivir entre animales que se arrancan la cabeza todos los días. Mexicago. Son unos indios de mierda.,mejor que vivir entre animales que se arrancan la cabeza todos los dias mexicago son unos indios de mierda,Discurso de Odio,2,Racismo,Personas latinoamericanas,NO,NO,NO,109,19,0,0,0,2
2599,X,2026-05-29,USER_2599,"No es espiar las redes pedazo de nabo, es en primer lugar no dejar entrar a inmigrantes de mierda","No es espiar las redes pedazo de nabo, es en primer lugar no dejar entrar a inmigrantes de mierda",no es espiar las redes pedazo de nabo es en primer lugar no dejar entrar a inmigrantes de mierda,Discurso de Odio,2,Xenofobia,Personas inmigrantes,NO,NO,NO,97,19,0,0,0,2
2571,Facebook,2026-07-24,USER_2571,es mejor un ?????? al horno para limpiarse ahí,es mejor un ?????? al horno para limpiarse ahí,es mejor un al horno para limpiarse ahi,No Tóxico,0,,Judíos,NO,NO,NO,46,9,0,0,0,0
1879,X,2026-07-08,USER_1879,"Te voy a decir algo como salvadoreño que ve desde afuera, y desde su fútbol mierda:“ Cabo Verde fue extraordinario, pero lo de los ticos fue épico!!! Cuartos de final!!!! Equipazo”. De Panamá, solo podemos decir que son pura mierda, 🤣🤣igual que nosotros dos mundiales y nada!!","Te voy a decir algo como salvadoreño que ve desde afuera, y desde su fútbol mierda:"" Cabo Verde fue extraordinario, pero lo de los ticos fue épico!!! Cuartos de final!!!! Equipazo"". De Panamá, solo podemos decir que son pura mierda, :cara_revolviéndose_de_la_risa: :cara_revolviéndose_de_la_risa: igual que nosotros dos mundiales y nada!!",te voy a decir algo como salvadoreno que ve desde afuera y desde su futbol mierda cabo verde fue extraordinario pero lo de los ticos fue epico cuartos de final equipazo de panama solo podemos decir que son pura mierda igual que nosotros dos mundiales y nada,Lenguaje Ofensivo,1,Palabras Obscenas,,SÍ,SÍ,NO,276,47,2,0,0,1
2973,X,2026-07-04,USER_2973,"Que negros de mierda boludo, por estas lacras estamos como estamos, habría que mandarlos a laburar a la cordillera","Que negros de mierda boludo, por estas lacras estamos como estamos, habría que mandarlos a laburar a la cordillera",que negros de mierda boludo por estas lacras estamos como estamos habria que mandarlos a laburar a la cordillera,Discurso de Odio,2,Racismo,Personas negras o racializadas,NO,NO,NO,114,19,0,0,0,2
1286,Facebook,2026-07-12,USER_1286,Parásito jajaja sanguijuela,Parásito jajaja sanguijuela,parasito jajaja sanguijuela,Lenguaje Ofensivo,1,Insulto Directo,,NO,NO,SÍ,27,3,0,0,0,1
2828,X,2026-07-04,USER_2828,"Gitanos de mierda asco de raza al que nosotros los latinos, moros europeos españoles todo el mundo odian","Gitanos de mierda asco de raza al que nosotros los latinos, moros europeos españoles todo el mundo odian",gitanos de mierda asco de raza al que nosotros los latinos moros europeos espanoles todo el mundo odian,Discurso de Odio,2,Racismo,Personas gitanas,NO,NO,NO,104,18,0,0,0,1
640,Facebook,2026-07-14,USER_640,bamos con espania bamos bamos espania usd dan sorpresa,bamos con espania bamos bamos espania usd dan sorpresa,bamos con espania bamos bamos espania usd dan sorpresa,No Tóxico,0,,,NO,NO,NO,54,9,0,0,0,1
196,X,2026-07-14,USER_196,#ReciclajeSV | En tus manos está el apoyar con la reducción de desechos. Desde tu casa puedes hacer la diferencia y contribuir a conservar el medio ambiente.,#ReciclajeSV | En tus manos está el apoyar con la reducción de desechos. Desde tu casa puedes hacer la diferencia y contribuir a conservar el medio ambiente.,reciclajesv en tus manos esta el apoyar con la reduccion de desechos desde tu casa puedes hacer la diferencia y contribuir a conservar el medio ambiente,No Tóxico,0,,,NO,NO,SÍ,157,27,0,0,1,1
2434,Facebook,2026-07-23,USER_2434,Jajaajaa ese cul* de muela que pedo,Jajaajaa ese cul* de muela que pedo,jajaajaa ese cul de muela que pedo,Lenguaje Ofensivo,1,Palabras Obscenas,Personas con sobrepeso,NO,NO,NO,35,7,0,0,0,2
34,X,2026-07-13,USER_034,"#SelectaSV no caigan en juegos políticos, ahí si van a perder de por vida. Que no los jueguen, gente idiota.","#SelectaSV no caigan en juegos políticos, ahí si van a perder de por vida. Que no los jueguen, gente idiota.",selectasv no caigan en juegos politicos ahi si van a perder de por vida que no los jueguen gente idiota,Lenguaje Ofensivo,1,Insulto Directo,,NO,NO,SÍ,108,20,0,0,1,1
1009,Facebook,2026-07-24,USER_1009,Vaya si pierden mañana no vayan a salir como en el primer partido de spana qué decían empata España de Cucurela,Vaya si pierden mañana no vayan a salir como en el primer partido de spana qué decían empata España de Cucurela,vaya si pierden manana no vayan a salir como en el primer partido de spana que decian empata espana de cucurela,No Tóxico,0,,,NO,NO,NO,111,21,0,0,0,0
2183,Facebook,2026-06-19,USER_2183,"David Ayala aunque perdió Francia juega mejor que Argentina, si sales mal en un partido te vas, Pero no te creas que por no llegar lejos Alemania, Holanda y Brasil son malos jugando por ejemplo.","David Ayala aunque perdió Francia juega mejor que Argentina, si sales mal en un partido te vas, Pero no te creas que por no llegar lejos Alemania, Holanda y Brasil son malos jugando por ejemplo.",david ayala aunque perdio francia juega mejor que argentina si sales mal en un partido te vas pero no te creas que por no llegar lejos alemania holanda y brasil son malos jugando por ejemplo,No Tóxico,0,,Personas argentinas,SI,SI,NO,194,35,0,0,0,0
1400,Facebook,2026-06-25,USER_1400,Le molia bien la caca por eso volvío 🤣🤣🤣,Le molia bien la caca por eso volvío :cara_revolviéndose_de_la_risa: :cara_revolviéndose_de_la_risa: :cara_revolviéndose_de_la_risa:,le molia bien la caca por eso volvio,Lenguaje Ofensivo,1,Tono Agresivo,Persona Individual,NO,NO,NO,40,9,3,0,0,1
173,X,2026-07-13,USER_173,Festejemos el Día del Padre con amor y alegría. ¡Que se diviertan! #DiadelPadreSV,Festejemos el Día del Padre con amor y alegría. ¡Que se diviertan! #DiadelPadreSV,festejemos el dia del padre con amor y alegria que se diviertan diadelpadresv,No Tóxico,0,,,NO,NO,SÍ,81,13,0,0,1,1
2569,Facebook,2026-07-23,USER_2569,"estás bien pendejo judío, ya mejor cierra el pico un rato.","estás bien pendejo judío, ya mejor cierra el pico un rato.",estas bien pendejo judio ya mejor cierra el pico un rato,Discurso de Odio,2,Antisemitismo,Judíos,NO,NO,NO,58,11,0,0,0,1
1700,X,2026-06-02,USER_1700,"Si no hablas del Madrid no comes , Salvadoreño hijo de puta","Si no hablas del Madrid no comes , Salvadoreño hijo de puta",si no hablas del madrid no comes salvadoreno hijo de puta,Lenguaje Ofensivo,1,Insulto Directo,Persona Individual,NO,NO,NO,59,12,0,0,0,1
1710,X,2026-06-02,USER_1710,Y sigue el bruto pendejo este ignorante presidente municipal con sus mamadas. @nayibbukele que parte no entiende este pendejo. No es lo mismo combatir a narcos en un país que a pandilleros en un estado como el salvador. Pendejo.,Y sigue el bruto pendejo este ignorante presidente municipal con sus mamadas. @usuario que parte no entiende este pendejo. No es lo mismo combatir a narcos en un país que a pandilleros en un estado como el salvador. Pendejo.,y sigue el bruto pendejo este ignorante presidente municipal con sus mamadas usuario que parte no entiende este pendejo no es lo mismo combatir a narcos en un pais que a pandilleros en un estado como el salvador pendejo,Lenguaje Ofensivo,1,Insulto Directo,Funcionarios Públicos,NO,NO,SÍ,228,39,0,1,0,5
2670,X,2026-06-08,USER_2670,Lo dudo mucho: ARJENTINOS SUDACAS DE MIERDA,Lo dudo mucho: ARJENTINOS SUDACAS DE MIERDA,lo dudo mucho arjentinos sudacas de mierda,Discurso de Odio,2,Xenofobia,Personas latinoamericanas,NO,NO,NO,43,7,0,0,0,1
1325,Facebook,2026-06-25,USER_1325,Baya endejos sigan dandole pisto aesos vividores,Baya endejos sigan dandole pisto aesos vividores,baya endejos sigan dandole pisto aesos vividores,Lenguaje Ofensivo,1,Insulto Directo,Persona Individual,NO,NO,NO,48,7,0,0,0,1
392,X,2026-07-14,USER_392,Quiza me critiquen algunos pero si el virus llega a Los mareros de los centros penales no deberian de desgastar recursos en salvarles la vida por todo el daño causado al pueblo...perdon pero ellos no son prioridad. La prioridad es el Pueblo decente y trabajador.,Quiza me critiquen algunos pero si el virus llega a Los mareros de los centros penales no deberian de desgastar recursos en salvarles la vida por todo el daño causado al pueblo...perdon pero ellos no son prioridad. La prioridad es el Pueblo decente y trabajador.,quiza me critiquen algunos pero si el virus llega a los mareros de los centros penales no deberian de desgastar recursos en salvarles la vida por todo el dano causado al pueblo perdon pero ellos no son prioridad la prioridad es el pueblo decente y trabajador,Amenazas/Violencia,3,Deseo de Daño,Pandilleros/Mareros,NO,NO,NO,262,45,0,0,0,1
2390,Facebook,2026-07-22,USER_2390,Así como se juntan para gritar ole que se juntan para buscar a sus desaparecidos ??????,Así como se juntan para gritar ole que se juntan para buscar a sus desaparecidos ??????,asi como se juntan para gritar ole que se juntan para buscar a sus desaparecidos,Discurso de Odio,2,Xenofobia,Argentinos,NO,NO,NO,87,16,0,0,0,0
372,X,2026-07-14,USER_372,Claro hay que aplastarlos y pedir que la pena de muerte sea aprobada asi menos mareros presos menos gastos para el estado por que nos toca atodos pagar el gasto que estos generan,Claro hay que aplastarlos y pedir que la pena de muerte sea aprobada asi menos mareros presos menos gastos para el estado por que nos toca atodos pagar el gasto que estos generan,claro hay que aplastarlos y pedir que la pena de muerte sea aprobada asi menos mareros presos menos gastos para el estado por que nos toca atodos pagar el gasto que estos generan,Amenazas/Violencia,3,Incitación a la Violencia,Pandilleros/Mareros,NO,NO,NO,178,33,0,0,0,1
831,Facebook,2026-07-19,USER_831,Ponganla kieta y ban ver si vuelve otra vez,Ponganla kieta y ban ver si vuelve otra vez,ponganla kieta y ban ver si vuelve otra vez,Amenazas/Violencia,3,Amenaza Implícita,"Individuo (mujer referida en el hilo, 'Arana')",NO,NO,NO,43,9,0,0,0,0
288,X,2026-07-14,USER_288,"Corruptos, jefrs de mareros, yo voy a ir a hacer un grupo de EXTERMINIO de los jefes mareros","Corruptos, jefrs de mareros, yo voy a ir a hacer un grupo de EXTERMINIO de los jefes mareros",corruptos jefrs de mareros yo voy a ir a hacer un grupo de exterminio de los jefes mareros,Amenazas/Violencia,3,Amenaza Directa,Pandilleros/Mareros,NO,NO,NO,92,18,0,0,0,1
1951,X,2026-06-14,USER_1951,"Manda a tu ídolo marin al Querétaro o Juarez y no te mete más de 3 goles por torneo, chivas genera mucho, por eso esos números, pEro el cabron no tiene efectividad, falla más de las que mete y un cabrón así no sirve","Manda a tu ídolo marin al Querétaro o Juarez y no te mete más de 3 goles por torneo, chivas genera mucho, por eso esos números, pEro el cabron no tiene efectividad, falla más de las que mete y un cabrón así no sirve",manda a tu idolo marin al queretaro o juarez y no te mete mas de goles por torneo chivas genera mucho por eso esos numeros pero el cabron no tiene efectividad falla mas de las que mete y un cabron asi no sirve,Lenguaje Ofensivo,1,Insulto Directo,Persona Individual,NO,NO,NO,215,44,0,0,0,0
38,X,2026-07-13,USER_038,"Arte 100% Salvadoreño, hecho a mano #artesv #artesanias #ElSalvador #hablemosdearte #artesaniasdeElSalvador @culturasv @MITURElSalvador @MorenaValdezSV @suecallejas @nayibbukele #Retwittear #pinceladas #emprendedoressv #apoyolocal","Arte 100% Salvadoreño, hecho a mano #artesv #artesanias #ElSalvador #hablemosdearte #artesaniasdeElSalvador @usuario @usuario @usuario @usuario @usuario #Retwittear #pinceladas #emprendedoressv #apoyolocal",arte salvadoreno hecho a mano artesv artesanias elsalvador hablemosdearte artesaniasdeelsalvador usuario usuario usuario usuario usuario retwittear pinceladas emprendedoressv apoyolocal,No Tóxico,0,,,NO,NO,NO,230,20,0,5,9,0
1136,Facebook,2026-06-25,USER_1136,un mierda tener q estar viendo esto,un mierda tener q estar viendo esto,un mierda tener q estar viendo esto,Lenguaje Ofensivo,1,Palabras Obscenas,,NO,NO,NO,35,7,0,0,0,1
933,Facebook,2026-07-24,USER_933,Que se pudra en el SECOT,Que se pudra en el SECOT,que se pudra en el secot,Amenazas/Violencia,3,Deseo de Daño,Individuo,NO,NO,NO,24,6,0,0,0,0
2919,X,2026-07-12,USER_2919,"Estados Unidos ha entrado en el juego de los politiqueros venezolanos de mierda! Están cayendo en la trampa electoral, dónde los únicos beneficiados son los mismos políticos chavistas y las lacras de María Corina. Ojalá Estados Unidos se salga de esa via hedionda","Estados Unidos ha entrado en el juego de los politiqueros venezolanos de mierda! Están cayendo en la trampa electoral, dónde los únicos beneficiados son los mismos políticos chavistas y las lacras de María Corina. Ojalá Estados Unidos se salga de esa via hedionda",estados unidos ha entrado en el juego de los politiqueros venezolanos de mierda estan cayendo en la trampa electoral donde los unicos beneficiados son los mismos politicos chavistas y las lacras de maria corina ojala estados unidos se salga de esa via hedionda,Lenguaje Ofensivo,1,Descalificación Política,Personas inmigrantes,NO,NO,NO,263,43,0,0,0,1
1381,Facebook,2026-06-25,USER_1381,Gracias a esos p$d$j0& que le donaron jajajaja,Gracias a esos p$d$j0& que le donaron jajajaja,gracias a esos p d j que le donaron jajajaja,Lenguaje Ofensivo,1,Insulto Directo,,NO,NO,NO,46,8,0,0,0,0
512,Facebook,2026-07-14,USER_512,Gana Francia.,Gana Francia.,gana francia,No Tóxico,0,,,NO,NO,NO,13,2,0,0,0,0
328,X,2026-07-14,USER_328,Buenos dias a tod@s!! Menos a esos mareros comemierda mamahuevos!! Esos solo la muerte merecen!! Éxitos este martes!,Buenos dias a tod@usuario!! Menos a esos mareros comemierda mamahuevos!! Esos solo la muerte merecen!! Éxitos este martes!,buenos dias a tod usuario menos a esos mareros comemierda mamahuevos esos solo la muerte merecen exitos este martes,Amenazas/Violencia,3,Deseo de Daño,Pandilleros/Mareros,NO,NO,NO,116,18,0,1,0,1
789,Facebook,2026-07-18,USER_789,Que bueno fuera que con los mareros también lo hicieran asi,Que bueno fuera que con los mareros también lo hicieran asi,que bueno fuera que con los mareros tambien lo hicieran asi,Amenazas/Violencia,3,Deseo de Daño,Pandilleros/Mareros,NO,NO,NO,59,11,0,0,0,2
2215,Facebook,2026-07-11,USER_2215,Después de 40 años los ingleses siguen bailando atrás de la espalda del 10 de Argentina,Después de 40 años los ingleses siguen bailando atrás de la espalda del 10 de Argentina,despues de anos los ingleses siguen bailando atras de la espalda del de argentina,No Tóxico,0,,Personas argentinas,SI,SI,NO,87,16,0,0,0,0
1919,X,2026-06-14,USER_1919,Váyanse a la verga ra @NellySimon y @juanCarlosVFS se deshacen de porteras y traen troncos ✊🏼✊🏼✊🏼✊🏼,Váyanse a la verga ra @usuario y @usuario se deshacen de porteras y traen troncos :puño_en_alto: :puño_en_alto: :puño_en_alto: :puño_en_alto:,vayanse a la verga ra usuario y usuario se deshacen de porteras y traen troncos,Lenguaje Ofensivo,1,Insulto Directo,Persona Individual,NO,NO,SÍ,99,16,4,2,0,1
2331,Facebook,2026-07-21,USER_2331,"Son Los Hambrientinos Los Que Buscan En La Basura,Detestable Ser Increíble Que Un Hambrientino Quiera Humillar ???????? Llevan Todas Las De Perder.","Son Los Hambrientinos Los Que Buscan En La Basura,Detestable Ser Increíble Que Un Hambrientino Quiera Humillar ???????? Llevan Todas Las De Perder.",son los hambrientinos los que buscan en la basura detestable ser increible que un hambrientino quiera humillar llevan todas las de perder,Discurso de Odio,2,Xenofobia,Argentinos,NO,NO,NO,147,22,0,0,0,3
916,Facebook,2026-07-23,USER_916,No hijueputa pena de muerte o liberenlo ya,No hijueputa pena de muerte o liberenlo ya,no hijueputa pena de muerte o liberenlo ya,Amenazas/Violencia,3,Deseo de Daño,Detenido señalado,NO,NO,NO,42,8,0,0,0,1
1486,Facebook,2026-07-26,USER_1486,Fuera comunistas de mierda queremos a Bukele para toda la vida.,Fuera comunistas de mierda queremos a Bukele para toda la vida.,fuera comunistas de mierda queremos a bukele para toda la vida,Lenguaje Ofensivo,1,Insulto Directo,,NO,NO,SÍ,63,11,0,0,0,1
1846,X,2026-06-07,USER_1846,"Jajaja puta!!! Vaya pendejadas las que vengo a leer aquí, solo me falta leer algún cerote 65 IQ que te dé la razón y te defienda mientras le rebalsa de mierda la trompa.","Jajaja puta!!! Vaya pendejadas las que vengo a leer aquí, solo me falta leer algún cerote 65 IQ que te dé la razón y te defienda mientras le rebalsa de mierda la trompa.",jajaja puta vaya pendejadas las que vengo a leer aqui solo me falta leer algun cerote iq que te de la razon y te defienda mientras le rebalsa de mierda la trompa,Lenguaje Ofensivo,1,Insulto Directo,,SÍ,NO,NO,169,33,0,0,0,3
2174,Facebook,2026-06-27,USER_2174,Brandon Moliro argentina equipo chico!!,Brandon Moliro argentina equipo chico!!,brandon moliro argentina equipo chico,No Tóxico,0,,Personas argentinas,SI,SI,NO,39,5,0,0,0,0
205,X,2026-07-14,USER_205,"de libertad y orgullo salvadoreño Celebramos la independencia de El Salvador recordando la historia, la valentía y el espíritu de quienes nos dieron patria. ¡Sigamos construyendo juntos un futuro lleno de esperanza! #IndependenciaSV #ElSalvadorLibre","de libertad y orgullo salvadoreño Celebramos la independencia de El Salvador recordando la historia, la valentía y el espíritu de quienes nos dieron patria. ¡Sigamos construyendo juntos un futuro lleno de esperanza! #IndependenciaSV #ElSalvadorLibre",de libertad y orgullo salvadoreno celebramos la independencia de el salvador recordando la historia la valentia y el espiritu de quienes nos dieron patria sigamos construyendo juntos un futuro lleno de esperanza independenciasv elsalvadorlibre,No Tóxico,0,,,NO,NO,NO,249,34,0,0,2,0
647,Facebook,2026-07-14,USER_647,Y DESPUÉS QUE SEAN LAS CALLES DE LAS COLONIAS NO SOLO DEL CENTRO HISTÓRICO POR FAVOR,Y DESPUÉS QUE SEAN LAS CALLES DE LAS COLONIAS NO SOLO DEL CENTRO HISTÓRICO POR FAVOR,y despues que sean las calles de las colonias no solo del centro historico por favor,No Tóxico,0,,,NO,NO,NO,84,16,0,0,0,0
1706,X,2026-06-02,USER_1706,Vos tu madre 0te basura solo caca hablas,Vos tu madre 0te basura solo caca hablas,vos tu madre te basura solo caca hablas,Lenguaje Ofensivo,1,Insulto Directo,Persona Individual,NO,NO,NO,40,8,0,0,0,3
446,X,2026-07-14,USER_446,Excelente espero que la PNC siga así pandillero visto pandillero muerto,Excelente espero que la PNC siga así pandillero visto pandillero muerto,excelente espero que la pnc siga asi pandillero visto pandillero muerto,Amenazas/Violencia,3,Celebración de Violencia,Pandilleros,NO,NO,SÍ,71,11,0,0,0,2
2101,Facebook,2026-06-27,USER_2101,Crus Ramiro ahuevo que si oye no va faltar por ahi el ogt que te empieze a echar mierda así me paso a mi por decir que naci en el país mas chingon del mundo pero aunque les duela viva cabrones,Crus Ramiro ahuevo que si oye no va faltar por ahi el ogt que te empieze a echar mierda así me paso a mi por decir que naci en el país mas chingon del mundo pero aunque les duela viva cabrones,crus ramiro ahuevo que si oye no va faltar por ahi el ogt que te empieze a echar mierda asi me paso a mi por decir que naci en el pais mas chingon del mundo pero aunque les duela viva cabrones,Lenguaje Ofensivo,1,Tono Agresivo,Grupo de personas,NO,NO,NO,192,41,0,0,0,2
2678,X,2026-05-30,USER_2678,pónganse de acuerdo o somos lo más racista que hay o somos todos unos negros de mierda no pueden ser las dos cosas It's so funny watching Argentina play against an actual white country since they all think they're white Europeans like please look at England's team and fans then look at you guys like you mfs are Latino stop trying to figure out how your Spanish or Italian please,pónganse de acuerdo o somos lo más racista que hay o somos todos unos negros de mierda no pueden ser las dos cosas It's so funny watching Argentina play against an actual white country since they all think they're white Europeans like please look at England's team and fans then look at you guys like you mfs are Latino stop trying to figure out how your Spanish or Italian please,ponganse de acuerdo o somos lo mas racista que hay o somos todos unos negros de mierda no pueden ser las dos cosas it s so funny watching argentina play against an actual white country since they all think they re white europeans like please look at england s team and fans then look at you guys like you mfs are latino stop trying to figure out how your spanish or italian please,No Tóxico,0,,Personas negras,NO,NO,NO,380,70,0,0,0,2
1343,Facebook,2026-06-25,USER_1343,Esta vieja es Ridícula,Esta vieja es Ridícula,esta vieja es ridicula,Lenguaje Ofensivo,1,Insulto Directo,,NO,NO,NO,22,4,0,0,0,0
848,Facebook,2026-07-19,USER_848,Mejor que les mochen la mano derecha para que estén marcados,Mejor que les mochen la mano derecha para que estén marcados,mejor que les mochen la mano derecha para que esten marcados,Amenazas/Violencia,3,Deseo de Daño,Delincuentes/corruptos señalados,NO,NO,NO,60,11,0,0,0,0
2865,X,2026-07-12,USER_2865,"Hay que salir con armas hacer un listado de todos los políticos todos están en la misma traer inmigrantes de mierda y cagarse en los argentinos,incluidos jueces, hay que limpiar sin q tiemble el pulso no tiene que quedar ninguno de izquierda a derecha","Hay que salir con armas hacer un listado de todos los políticos todos están en la misma traer inmigrantes de mierda y cagarse en los argentinos,incluidos jueces, hay que limpiar sin q tiemble el pulso no tiene que quedar ninguno de izquierda a derecha",hay que salir con armas hacer un listado de todos los politicos todos estan en la misma traer inmigrantes de mierda y cagarse en los argentinos incluidos jueces hay que limpiar sin q tiemble el pulso no tiene que quedar ninguno de izquierda a derecha,Amenazas/Violencia,3,Incitación a la Violencia,Personas inmigrantes,NO,NO,NO,251,44,0,0,0,3
2892,X,2026-05-29,USER_2892,¿A cuántos venezolanos de mierda habrá financiado Aldama aquí en España? Yo he visto a unos cuantos escribiendo mierda en X. Aldama defraudó 182 millones de Euros y se va de rositas. Vaya bofetón a la confianza en la justicia.,¿A cuántos venezolanos de mierda habrá financiado Aldama aquí en España? Yo he visto a unos cuantos escribiendo mierda en X. Aldama defraudó 182 millones de Euros y se va de rositas. Vaya bofetón a la confianza en la justicia.,a cuantos venezolanos de mierda habra financiado aldama aqui en espana yo he visto a unos cuantos escribiendo mierda en x aldama defraudo millones de euros y se va de rositas vaya bofeton a la confianza en la justicia,Discurso de Odio,2,Xenofobia,Personas venezolanas,NO,NO,NO,226,40,0,0,0,1
365,X,2026-07-14,USER_365,Que tanto poder tiene los mareros que la policía no puede hacer nada no puede ser que todos los días mueran gente por extorsiones ya basta,Que tanto poder tiene los mareros que la policía no puede hacer nada no puede ser que todos los días mueran gente por extorsiones ya basta,que tanto poder tiene los mareros que la policia no puede hacer nada no puede ser que todos los dias mueran gente por extorsiones ya basta,No Tóxico,0,,Pandilleros/Mareros,NO,NO,NO,138,26,0,0,0,2
1600,X,2026-05-30,USER_1600,"Hay Salvadoreños que estan peleados con la innovacion y el modernismo. Piensan y Quieren que Nos adaptemos a ellos . Pero lo ironico es que Alaban la Forma y el funcionamiento de las infraesrructuras de los paises de adonde residen . Malinchistas, candiles de la calle.","Hay Salvadoreños que estan peleados con la innovacion y el modernismo. Piensan y Quieren que Nos adaptemos a ellos . Pero lo ironico es que Alaban la Forma y el funcionamiento de las infraesrructuras de los paises de adonde residen . Malinchistas, candiles de la calle.",hay salvadorenos que estan peleados con la innovacion y el modernismo piensan y quieren que nos adaptemos a ellos pero lo ironico es que alaban la forma y el funcionamiento de las infraesrructuras de los paises de adonde residen malinchistas candiles de la calle,Lenguaje Ofensivo,1,Insulto Directo,,NO,SÍ,SÍ,269,46,0,0,0,1
955,Facebook,2026-07-24,USER_955,Anonymous participant 218 Bueno pues Aqui ya hablo un terengo mas . Pero todos esos que se pudran en prision por enfermos mentales. Los pocos que defienden mareros es porque son delincuentes o Vivian de la delincuencia.,Anonymous participant 218 Bueno pues Aqui ya hablo un terengo mas . Pero todos esos que se pudran en prision por enfermos mentales. Los pocos que defienden mareros es porque son delincuentes o Vivian de la delincuencia.,anonymous participant bueno pues aqui ya hablo un terengo mas pero todos esos que se pudran en prision por enfermos mentales los pocos que defienden mareros es porque son delincuentes o vivian de la delincuencia,Amenazas/Violencia,3,Deseo de Daño,Grupo,NO,NO,NO,219,37,0,0,0,2
299,X,2026-07-14,USER_299,"Delen verga a esos bolos chucos y hagan un exterminio de mareros, dejense de joder, por eso se fue al traste el país, tanto inutil y corrupto q tuvimos de arena y flmn","Delen verga a esos bolos chucos y hagan un exterminio de mareros, dejense de joder, por eso se fue al traste el país, tanto inutil y corrupto q tuvimos de arena y flmn",delen verga a esos bolos chucos y hagan un exterminio de mareros dejense de joder por eso se fue al traste el pais tanto inutil y corrupto q tuvimos de arena y flmn,Amenazas/Violencia,3,Incitación a la Violencia,Pandilleros/Mareros,NO,NO,SÍ,167,33,0,0,0,4
2019,X,2026-06-14,USER_2019,"van a defender un legado de corrupción ,degeneracion,mentiras...son un descaro ustedes la caterva zurda de mierda","van a defender un legado de corrupción ,degeneracion,mentiras...son un descaro ustedes la caterva zurda de mierda",van a defender un legado de corrupcion degeneracion mentiras son un descaro ustedes la caterva zurda de mierda,Lenguaje Ofensivo,1,Insulto Directo,Funcionarios Públicos,NO,NO,SÍ,113,16,0,0,0,1
1586,X,2026-05-24,USER_1586,"Les están viendo la cara de pendejos, cómo va a valer un millón de dólares cada escuela. Se están robando el dinero en frente de nuestras narices"". Si te gusta mi contenido, sígueme 👍","Les están viendo la cara de pendejos, cómo va a valer un millón de dólares cada escuela. Se están robando el dinero en frente de nuestras narices"". Si te gusta mi contenido, sígueme :pulgar_hacia_arriba:",les estan viendo la cara de pendejos como va a valer un millon de dolares cada escuela se estan robando el dinero en frente de nuestras narices si te gusta mi contenido sigueme,Lenguaje Ofensivo,1,Insulto Directo,,NO,NO,SÍ,183,34,1,0,0,1
2186,Facebook,2026-06-05,USER_2186,"Bueno se ve que solo piensas individual , ninguna de esas dos elecciones le darían un título a Barcelona por que si eres español o argentino felicidades pero bercelona lo máximo que aspira es una champions y que crees ? Llevan 11 años sin ver una , bye bye te acabé","Bueno se ve que solo piensas individual , ninguna de esas dos elecciones le darían un título a Barcelona por que si eres español o argentino felicidades pero bercelona lo máximo que aspira es una champions y que crees ? Llevan 11 años sin ver una , bye bye te acabé",bueno se ve que solo piensas individual ninguna de esas dos elecciones le darian un titulo a barcelona por que si eres espanol o argentino felicidades pero bercelona lo maximo que aspira es una champions y que crees llevan anos sin ver una bye bye te acabe,No Tóxico,0,,Personas argentinas,SI,SI,NO,265,51,0,0,0,0
1256,Facebook,2026-07-14,USER_1256,Está cipote cerote si cae mal,Está cipote cerote si cae mal,esta cipote cerote si cae mal,Lenguaje Ofensivo,1,Insulto Directo,Persona Individual,SÍ,NO,SÍ,29,6,0,0,0,2
310,X,2026-07-14,USER_310,"Deberíamos de contratar a los mexicanos q lincharon al ruso para que vengan a linchar a los mareros, ya que no tenemos los huevos de hacerlo","Deberíamos de contratar a los mexicanos q lincharon al ruso para que vengan a linchar a los mareros, ya que no tenemos los huevos de hacerlo",deberiamos de contratar a los mexicanos q lincharon al ruso para que vengan a linchar a los mareros ya que no tenemos los huevos de hacerlo,Amenazas/Violencia,3,Incitación a la Violencia,Pandilleros/Mareros,NO,NO,NO,140,26,0,0,0,1
987,Facebook,2026-07-24,USER_987,Pudrase hjos de ptas perros como ese alcaldecito lanve platos mama huevo,Pudrase hjos de ptas perros como ese alcaldecito lanve platos mama huevo,pudrase hjos de ptas perros como ese alcaldecito lanve platos mama huevo,Amenazas/Violencia,3,Deseo de Daño,Individuo,NO,NO,NO,72,12,0,0,0,1
2329,Facebook,2026-07-22,USER_2329,JAJAJAJAJAJAJA Que Buen Chiste Te Soltaste Muerto De Hambre JAJAJAAJAJAJAJAJJAAJAJJA,JAJAJAJAJAJAJA Que Buen Chiste Te Soltaste Muerto De Hambre JAJAJAAJAJAJAJAJJAAJAJJA,jajajajajajaja que buen chiste te soltaste muerto de hambre jajajaajajajajajjaajajja,Lenguaje Ofensivo,1,Insulto Directo,Personas en situación de pobreza,NO,NO,NO,84,10,0,0,0,1
1999,X,2026-06-14,USER_1999,me la pela el playback con esos TEMAZOS yandel puede hacer lo que le salga de los cojones,me la pela el playback con esos TEMAZOS yandel puede hacer lo que le salga de los cojones,me la pela el playback con esos temazos yandel puede hacer lo que le salga de los cojones,Lenguaje Ofensivo,1,Palabras Obscenas,,NO,NO,NO,89,18,0,0,0,1
732,Facebook,2026-07-14,USER_732,Cuando no me puedo dormir veo bobadas como estas y me da sueño rápidamente,Cuando no me puedo dormir veo bobadas como estas y me da sueño rápidamente,cuando no me puedo dormir veo bobadas como estas y me da sueno rapidamente,No Tóxico,0,,,SÍ,NO,NO,74,14,0,0,0,0
185,X,2026-07-13,USER_185,Carmen de Blanco Desempeñó un rol muy importante en la Asociación de Bibliotecarios de El Salvador como presidenta en 1993 hasta 1994. #OrgulloABES #Bibliotecaria #MujerSalvadoreña #TODOSSOMOSABES,Carmen de Blanco Desempeñó un rol muy importante en la Asociación de Bibliotecarios de El Salvador como presidenta en 1993 hasta 1994. #OrgulloABES #Bibliotecaria #MujerSalvadoreña #TODOSSOMOSABES,carmen de blanco desempeno un rol muy importante en la asociacion de bibliotecarios de el salvador como presidenta en hasta orgulloabes bibliotecaria mujersalvadorena todossomosabes,No Tóxico,0,,,NO,NO,NO,196,26,0,0,4,0
2161,Facebook,2026-07-03,USER_2161,Fernando Antonio Téllez efectivamente eres del madrid con razón tanta lloradera por supuesta corrupción jajajajaja Si llamas robo lo de argentina en este mundial no sabes nada de futbol y recomendaría que mejor vayas a ver jugar padel.,Fernando Antonio Téllez efectivamente eres del madrid con razón tanta lloradera por supuesta corrupción jajajajaja Si llamas robo lo de argentina en este mundial no sabes nada de futbol y recomendaría que mejor vayas a ver jugar padel.,fernando antonio tellez efectivamente eres del madrid con razon tanta lloradera por supuesta corrupcion jajajajaja si llamas robo lo de argentina en este mundial no sabes nada de futbol y recomendaria que mejor vayas a ver jugar padel,Lenguaje Ofensivo,1,Sarcasmo hacia individuo,Personas argentinas,SI,SI,NO,235,38,0,0,0,1
910,Facebook,2026-07-23,USER_910,Patroclo Claucas porque maldito serà que él présidente Nayib Bukele te està buscando obtienne a tus familiares en El cecot esa no es forma de hablar de un présidente aunque no te guste hay un limite y un respeto,Patroclo Claucas porque maldito serà que él présidente Nayib Bukele te està buscando obtienne a tus familiares en El cecot esa no es forma de hablar de un présidente aunque no te guste hay un limite y un respeto,patroclo claucas porque maldito sera que el presidente nayib bukele te esta buscando obtienne a tus familiares en el cecot esa no es forma de hablar de un presidente aunque no te guste hay un limite y un respeto,Amenazas/Violencia,3,Amenaza Implícita,Otro comentarista,NO,NO,NO,211,39,0,0,0,2
3057,X,2026-06-30,USER_3057,Claro que no son iguales indios de mierda … ustedes no le ganan ni al equipo femenino de argentina …. La siguen teniendo adentro !!!!,Claro que no son iguales indios de mierda … ustedes no le ganan ni al equipo femenino de argentina …. La siguen teniendo adentro !!!!,claro que no son iguales indios de mierda ustedes no le ganan ni al equipo femenino de argentina la siguen teniendo adentro,Discurso de Odio,2,Racismo,Personas latinoamericanas,NO,NO,NO,133,25,0,0,0,2
2145,Facebook,2026-06-16,USER_2145,Esque cuando se trata de argentina el reglamento automáticamente se cancela,Esque cuando se trata de argentina el reglamento automáticamente se cancela,esque cuando se trata de argentina el reglamento automaticamente se cancela,No Tóxico,0,,Personas argentinas,SI,SI,NO,75,11,0,0,0,0
1356,Facebook,2026-06-25,USER_1356,Su esfuerzo para ser el Ridículo... Que se ponga a trabajar y deje de andar pidiendo 🥱🥱,Su esfuerzo para ser el Ridículo... Que se ponga a trabajar y deje de andar pidiendo :cara_de_bostezo: :cara_de_bostezo:,su esfuerzo para ser el ridiculo que se ponga a trabajar y deje de andar pidiendo,Lenguaje Ofensivo,1,Insulto Directo,Persona Individual,SÍ,NO,NO,87,17,2,0,0,1
2795,X,2026-07-01,USER_2795,"Estos países apoyan uds, países colonizadores que han matado a sus mismos antepasados, donde los llaman sudacas de mierda y solo les dan trabajo de lavaplatos! Y nosotros somos los taxistas! Que chistes que son!","Estos países apoyan uds, países colonizadores que han matado a sus mismos antepasados, donde los llaman sudacas de mierda y solo les dan trabajo de lavaplatos! Y nosotros somos los taxistas! Que chistes que son!",estos paises apoyan uds paises colonizadores que han matado a sus mismos antepasados donde los llaman sudacas de mierda y solo les dan trabajo de lavaplatos y nosotros somos los taxistas que chistes que son,No Tóxico,0,,Personas latinoamericanas,NO,NO,NO,211,35,0,0,0,1
454,X,2026-07-14,USER_454,"Así como están pagando el Karma los mareros en las cárceles y en el CECOT, así mismo van a pagar estos delincuentes de la tiendona, si no hacen lo que Nayib les ordena de bajar los precios, pues entonces que se mueran del hambre pobres diablos pobretones jajajaja @es7eve","Así como están pagando el Karma los mareros en las cárceles y en el CECOT, así mismo van a pagar estos delincuentes de la tiendona, si no hacen lo que Nayib les ordena de bajar los precios, pues entonces que se mueran del hambre pobres diablos pobretones jajajaja @usuario",asi como estan pagando el karma los mareros en las carceles y en el cecot asi mismo van a pagar estos delincuentes de la tiendona si no hacen lo que nayib les ordena de bajar los precios pues entonces que se mueran del hambre pobres diablos pobretones jajajaja usuario,Amenazas/Violencia,3,Deseo de Daño,Pandilleros/Mareros,NO,NO,SÍ,271,49,0,1,0,2
175,X,2026-07-13,USER_175,Inscribe a tu papá marcando el 2209-2887 o enviando tu tuit a nuestra cuenta. Hora de la rifa: 4:00 pm #DiadelPadreSV,Inscribe a tu papá marcando el 0000-0000 o enviando tu tuit a nuestra cuenta. Hora de la rifa: 4:00 pm #DiadelPadreSV,inscribe a tu papa marcando el o enviando tu tuit a nuestra cuenta hora de la rifa pm diadelpadresv,No Tóxico,0,,,NO,NO,NO,117,21,0,0,1,0
2717,X,2026-06-04,USER_2717,"Y diciéndonos a los morenos ""negros de mierda"" o ""indios de mierda"" que risa que los argentinos estén usando la carta de apoyar un país colonialista cuando ellos se la viven diciendo que son europeos y tratan de indios a todos en el continente","Y diciéndonos a los morenos ""negros de mierda"" o ""indios de mierda"" que risa que los argentinos estén usando la carta de apoyar un país colonialista cuando ellos se la viven diciendo que son europeos y tratan de indios a todos en el continente",y diciendonos a los morenos negros de mierda o indios de mierda que risa que los argentinos esten usando la carta de apoyar un pais colonialista cuando ellos se la viven diciendo que son europeos y tratan de indios a todos en el continente,No Tóxico,0,,Personas indigenas,NO,NO,NO,243,44,0,0,0,3
685,Facebook,2026-07-14,USER_685,Sisisisisi pero por el gooooool de España tío,Sisisisisi pero por el gooooool de España tío,sisisisisi pero por el gooooool de espana tio,No Tóxico,0,,,NO,NO,NO,45,8,0,0,0,0
3053,X,2026-06-03,USER_3053,Que bueno que los gobiernos chilenos y argentinos exterminaron a esos indios de mierda tehuelches y mapuches,Que bueno que los gobiernos chilenos y argentinos exterminaron a esos indios de mierda tehuelches y mapuches,que bueno que los gobiernos chilenos y argentinos exterminaron a esos indios de mierda tehuelches y mapuches,Amenazas/Violencia,3,Celebración de Violencia,Personas latinoamericanas,NO,NO,NO,108,17,0,0,0,2
142,X,2026-07-13,USER_142,"Nuestro mejor aliado, donde viven alrededor de 3 millones de salvadoreños. #diaspora #elsalvador #salvadoreñosenelmundo @NoticiasONU @nayibbukele","Nuestro mejor aliado, donde viven alrededor de 3 millones de salvadoreños. #diaspora #elsalvador #salvadoreñosenelmundo @usuario @usuario",nuestro mejor aliado donde viven alrededor de millones de salvadorenos diaspora elsalvador salvadorenosenelmundo usuario usuario,No Tóxico,0,,,NO,NO,SÍ,145,16,0,2,3,0
561,Facebook,2026-07-14,USER_561,"Sorprendente, teniendo un país tan turístico como Guatemala van a El Salvador, México Costa Rica y Guatemala son muy turísticos","Sorprendente, teniendo un país tan turístico como Guatemala van a El Salvador, México Costa Rica y Guatemala son muy turísticos",sorprendente teniendo un pais tan turistico como guatemala van a el salvador mexico costa rica y guatemala son muy turisticos,No Tóxico,0,,,NO,NO,NO,127,20,0,0,0,0
1797,X,2026-06-07,USER_1797,El silencio hubiese sido mas productivo que estas palabras llenas de mierda,El silencio hubiese sido mas productivo que estas palabras llenas de mierda,el silencio hubiese sido mas productivo que estas palabras llenas de mierda,Lenguaje Ofensivo,1,Palabras Obscenas,Persona Individual,NO,NO,NO,75,12,0,0,0,1
1680,X,2026-06-02,USER_1680,Solo vino a poner en vergüenza su país torpe está como.q le faltan diez $ p el dólar enserio,Solo vino a poner en vergüenza su país torpe está como.q le faltan diez $ p el dólar enserio,solo vino a poner en verguenza su pais torpe esta como q le faltan diez p el dolar enserio,Lenguaje Ofensivo,1,Insulto Directo,Persona Individual,NO,NO,NO,92,19,0,0,0,0
2115,Facebook,2026-07-11,USER_2115,El significado de FIFA ( Federación Internacional a Favor de Argentina),El significado de FIFA ( Federación Internacional a Favor de Argentina),el significado de fifa federacion internacional a favor de argentina,No Tóxico,0,,Personas argentinas,SI,SI,NO,71,11,0,0,0,0
2301,Facebook,2026-07-22,USER_2301,"Con razón no la dejaron entrar a honduras pensaron que era cazadora y como allá está llenos de monos , pensó que iban a cazarlos","Con razón no la dejaron entrar a honduras pensaron que era cazadora y como allá está llenos de monos , pensó que iban a cazarlos",con razon no la dejaron entrar a honduras pensaron que era cazadora y como alla esta llenos de monos penso que iban a cazarlos,Discurso de Odio,2,Racismo,Hondureños,NO,NO,NO,128,25,0,0,0,1
1204,Facebook,2026-06-26,USER_1204,Jajaja que buena vergüiza se anduvo pegando esa mujer literal solo con el plante ya sabemos que andaba haciendo jajaj,Jajaja que buena vergüiza se anduvo pegando esa mujer literal solo con el plante ya sabemos que andaba haciendo jajaj,jajaja que buena verguiza se anduvo pegando esa mujer literal solo con el plante ya sabemos que andaba haciendo jajaj,Lenguaje Ofensivo,1,Insulto Directo,Persona Individual,NO,NO,NO,117,20,0,0,0,1
782,Facebook,2026-07-18,USER_782,Hay falto la super chancla y el chilillo,Hay falto la super chancla y el chilillo,hay falto la super chancla y el chilillo,Amenazas/Violencia,3,Deseo de Daño,Menores (reclutados por pandillas),NO,NO,NO,40,8,0,0,0,0
434,X,2026-07-14,USER_434,"Ni pena de muerte ni cadena perpetua. Matarlos en la calle, marero visto marero muerto","Ni pena de muerte ni cadena perpetua. Matarlos en la calle, marero visto marero muerto",ni pena de muerte ni cadena perpetua matarlos en la calle marero visto marero muerto,Amenazas/Violencia,3,Incitación a la Violencia,Pandilleros/Mareros,NO,NO,NO,86,15,0,0,0,3
1332,Facebook,2026-06-25,USER_1332,Usted no me representa maistra pena ajena da maistra pidona,Usted no me representa maistra pena ajena da maistra pidona,usted no me representa maistra pena ajena da maistra pidona,Lenguaje Ofensivo,1,Insulto Directo,Persona Individual,SÍ,NO,NO,59,10,0,0,0,0
45,X,2026-07-13,USER_045,"Atardecer en El Zonte, belleza de paisaje natural #playasElSalvador https:// instagram.com/p/6GfH92AuTw/","Atardecer en El Zonte, belleza de paisaje natural #playasElSalvador https:// instagram.com/p/6GfH92AuTw/",atardecer en el zonte belleza de paisaje natural playaselsalvador https instagram com p gfh autw,No Tóxico,0,,,NO,NO,NO,104,11,0,0,1,0
970,Facebook,2026-07-24,USER_970,Jahaja viejo quiwres otra verguiada como la delas cien horas' todo honduras seria nuestra en la guerra perdieron ya estabamos para tomar tegucigalpa y la oea los salvo so no'no existieran.,Jahaja viejo quiwres otra verguiada como la delas cien horas' todo honduras seria nuestra en la guerra perdieron ya estabamos para tomar tegucigalpa y la oea los salvo so no'no existieran.,jahaja viejo quiwres otra verguiada como la delas cien horas todo honduras seria nuestra en la guerra perdieron ya estabamos para tomar tegucigalpa y la oea los salvo so no no existieran,Amenazas/Violencia,3,Deseo de Daño,Grupo,NO,NO,SÍ,188,31,0,0,0,0
1138,Facebook,2026-06-25,USER_1138,Solo gente con 💩 en la cabeza mira esas pndjdas,Solo gente con :caca_con_ojos: en la cabeza mira esas pndjdas,solo gente con en la cabeza mira esas pndjdas,Lenguaje Ofensivo,1,Insulto Directo,,NO,NO,NO,47,10,1,0,0,1
2399,Facebook,2026-07-22,USER_2399,un pinocho?* * un muñequito hecho de varios palos ????,un pinocho?* * un muñequito hecho de varios palos ????,un pinocho un munequito hecho de varios palos,No Tóxico,0,,Indígenas,NO,NO,NO,54,10,0,0,0,0
3075,X,2026-06-20,USER_3075,Y porque omites a los pvt0z judíos de MIERDA?,Y porque omites a los pvt0z judíos de MIERDA?,y porque omites a los pvt z judios de mierda,Discurso de Odio,2,Antisemitismo,Personas judias,NO,NO,NO,45,9,0,0,0,2
1597,X,2026-05-30,USER_1597,"No deis lo santo a los perros, ni echéis vuestras perlas delante de los cerdos, no sea que las pisoteen, y se vuelvan y os despedacen. - No hables a lo pendejo.","No deis lo santo a los perros, ni echéis vuestras perlas delante de los cerdos, no sea que las pisoteen, y se vuelvan y os despedacen. - No hables a lo pendejo.",no deis lo santo a los perros ni echeis vuestras perlas delante de los cerdos no sea que las pisoteen y se vuelvan y os despedacen no hables a lo pendejo,Lenguaje Ofensivo,1,Insulto Directo,,SÍ,SÍ,NO,160,32,0,0,0,2
1245,Facebook,2026-07-14,USER_1245,Una rampa mierda llena de monte...jajajaja a media autopista . Y al final ??? Ninguna,Una rampa mierda llena de monte...jajajaja a media autopista . Y al final ??? Ninguna,una rampa mierda llena de monte jajajaja a media autopista y al final ninguna,Lenguaje Ofensivo,1,Palabras Obscenas,,SÍ,NO,NO,85,15,0,0,0,1
2662,X,2026-07-12,USER_2662,"Sudacas de mierda, no necesito otro.","Sudacas de mierda, no necesito otro.",sudacas de mierda no necesito otro,Discurso de Odio,2,Xenofobia,Personas latinoamericanas,NO,NO,NO,36,6,0,0,0,1
1673,X,2026-06-02,USER_1673,Pobre basura de la oposición tienes razón si eres familia chino capirucho o de Ronal mil mañas,Pobre basura de la oposición tienes razón si eres familia chino capirucho o de Ronal mil mañas,pobre basura de la oposicion tienes razon si eres familia chino capirucho o de ronal mil manas,Lenguaje Ofensivo,1,Insulto Directo,Persona Individual,SÍ,NO,SÍ,94,17,0,0,0,1
2506,Facebook,2026-07-23,USER_2506,relajate coreano jajajaja no te vayas a morder la lengua jajajaja,relajate coreano jajajaja no te vayas a morder la lengua jajajaja,relajate coreano jajajaja no te vayas a morder la lengua jajajaja,Discurso de Odio,2,Racismo,Coreanos,NO,SI,NO,65,11,0,0,0,0
619,Facebook,2026-07-14,USER_619,"Rebeca Chavarria en Venezuela,están auxiliado todos los animalitos que esta desprotegidos, por causa del terremoto.","Rebeca Chavarria en Venezuela,están auxiliado todos los animalitos que esta desprotegidos, por causa del terremoto.",rebeca chavarria en venezuela estan auxiliado todos los animalitos que esta desprotegidos por causa del terremoto,No Tóxico,0,,,NO,NO,NO,115,15,0,0,0,0
2744,X,2026-06-18,USER_2744,Total este mundial qliao solo lo están usando como cortina de humo para ocultar que estos judíos de mierda de Israel está comprando Latinoamérica,Total este mundial qliao solo lo están usando como cortina de humo para ocultar que estos judíos de mierda de Israel está comprando Latinoamérica,total este mundial qliao solo lo estan usando como cortina de humo para ocultar que estos judios de mierda de israel esta comprando latinoamerica,Discurso de Odio,2,Antisemitismo,Personas judi­as,NO,NO,NO,145,24,0,0,0,1
2688,X,2026-06-21,USER_2688,"Negros de mierda, ojalá se caguen muriendo.","Negros de mierda, ojalá se caguen muriendo.",negros de mierda ojala se caguen muriendo,Amenazas/Violencia,3,Deseo de Daño,Personas negras,NO,NO,NO,43,7,0,0,0,2
2586,Facebook,2026-07-26,USER_2586,Quizás piensa que es mujer solo porque usa vestido,Quizás piensa que es mujer solo porque usa vestido,quizas piensa que es mujer solo porque usa vestido,Discurso de Odio,2,Transfobia,Personas LGBT,NO,NO,NO,50,9,0,0,0,1
781,Facebook,2026-07-18,USER_781,Deberian premiar a quien les hiso el favor,Deberian premiar a quien les hiso el favor,deberian premiar a quien les hiso el favor,Amenazas/Violencia,3,Celebración de Violencia,Individuo (víctima de ajuste de cuentas),SÍ,NO,NO,42,8,0,0,0,0
1304,Facebook,2026-07-11,USER_1304,La culpa no es nada mas de ese ridiculo si no tambien de todos sus seguidores al parecer les encanta que Los humillen,La culpa no es nada mas de ese ridiculo si no tambien de todos sus seguidores al parecer les encanta que Los humillen,la culpa no es nada mas de ese ridiculo si no tambien de todos sus seguidores al parecer les encanta que los humillen,Lenguaje Ofensivo,1,Insulto Directo,,SÍ,NO,NO,117,23,0,0,0,1
2566,Facebook,2026-07-21,USER_2566,Pero si Don Cangrejo también es judío. ¿No se acuerdan lo mucho que protegía su dinero?,Pero si Don Cangrejo también es judío. ¿No se acuerdan lo mucho que protegía su dinero?,pero si don cangrejo tambien es judio no se acuerdan lo mucho que protegia su dinero,Discurso de Odio,2,Antisemitismo,Judíos,NO,NO,NO,87,16,0,0,0,0
384,X,2026-07-14,USER_384,Si así agarramos a los mareros que paz tuvieramos pero estos cabrones no se terminan ahí los están engordando en las prisiones de que sirve un marero ya no tiene reinserción. Denles veneno o matenlos así estos no tienen lastima,Si así agarramos a los mareros que paz tuvieramos pero estos cabrones no se terminan ahí los están engordando en las prisiones de que sirve un marero ya no tiene reinserción. Denles veneno o matenlos así estos no tienen lastima,si asi agarramos a los mareros que paz tuvieramos pero estos cabrones no se terminan ahi los estan engordando en las prisiones de que sirve un marero ya no tiene reinsercion denles veneno o matenlos asi estos no tienen lastima,Amenazas/Violencia,3,Incitación a la Violencia,Pandilleros/Mareros,NO,NO,NO,227,40,0,0,0,2
2412,Facebook,2026-07-21,USER_2412,Pelea de inválidos,Pelea de inválidos,pelea de invalidos,Discurso de Odio,2,Capacitismo,Personas con discapacidad,NO,NO,NO,18,3,0,0,0,0
864,Facebook,2026-07-19,USER_864,Móntenles berga a los del can y a los alcaldes corruptos hombre mucho chingan no q el régimen es para q el pueblo ya viviera en paz y estos imbeciles son los q joden ahora ya dejen q la gente viva en paz,Móntenles berga a los del can y a los alcaldes corruptos hombre mucho chingan no q el régimen es para q el pueblo ya viviera en paz y estos imbeciles son los q joden ahora ya dejen q la gente viva en paz,montenles berga a los del can y a los alcaldes corruptos hombre mucho chingan no q el regimen es para q el pueblo ya viviera en paz y estos imbeciles son los q joden ahora ya dejen q la gente viva en paz,Amenazas/Violencia,3,Incitación a la Violencia,Agentes del CAM y alcaldes,NO,NO,SÍ,203,43,0,0,0,1
966,Facebook,2026-07-24,USER_966,George Yorchs así es pero creo que sufren mas sabiendo que nunca mas van a salir de esas celdas eso yo creo que los va matando paco a paco,George Yorchs así es pero creo que sufren mas sabiendo que nunca mas van a salir de esas celdas eso yo creo que los va matando paco a paco,george yorchs asi es pero creo que sufren mas sabiendo que nunca mas van a salir de esas celdas eso yo creo que los va matando paco a paco,Amenazas/Violencia,3,Celebración de Violencia,Grupo,NO,NO,SÍ,138,29,0,0,0,0
374,X,2026-07-14,USER_374,"Imagino que en Japón ese man q asesino al ministro lo van topar con la pena capital, y es un país q no tiene tal pena, y en El Salvador matan 100 y siguen con vida esos mareros, mucho que aprender esos diputados,","Imagino que en Japón ese man q asesino al ministro lo van topar con la pena capital, y es un país q no tiene tal pena, y en El Salvador matan 100 y siguen con vida esos mareros, mucho que aprender esos diputados,",imagino que en japon ese man q asesino al ministro lo van topar con la pena capital y es un pais q no tiene tal pena y en el salvador matan y siguen con vida esos mareros mucho que aprender esos diputados,No Tóxico,0,,Pandilleros/Mareros,NO,NO,SÍ,212,43,0,0,0,2
1413,Facebook,2026-06-14,USER_1413,Q te hicistes maldito malparido te vas a podrido en el cecot basura,Q te hicistes maldito malparido te vas a podrido en el cecot basura,q te hicistes maldito malparido te vas a podrido en el cecot basura,Amenazas/Violencia,3,Deseo de Daño/Sufrimiento,Persona Individual,NO,NO,SÍ,67,13,0,0,0,2
2075,Facebook,2026-07-11,USER_2075,Todos sin excepción son ESCORIA DE LA SOCIEDAD. igual que esa bola de cebo de soya city.,Todos sin excepción son ESCORIA DE LA SOCIEDAD. igual que esa bola de cebo de soya city.,todos sin excepcion son escoria de la sociedad igual que esa bola de cebo de soya city,Lenguaje Ofensivo,1,Insulto Directo,,NO,NO,NO,88,17,0,0,0,1
1884,X,2026-07-08,USER_1884,malditos corruptos de mierda,malditos corruptos de mierda,malditos corruptos de mierda,Lenguaje Ofensivo,1,Insulto Directo,Funcionarios Públicos,NO,NO,SÍ,28,4,0,0,0,1
2226,Facebook,2026-07-06,USER_2226,"Miguel Alfredo Pineda Infantino dejo el camino casi libre, ya casi por poco no la cuenta arjentina apezar de las selecciones de medio pelo que le acomodaron. En fin.","Miguel Alfredo Pineda Infantino dejo el camino casi libre, ya casi por poco no la cuenta arjentina apezar de las selecciones de medio pelo que le acomodaron. En fin.",miguel alfredo pineda infantino dejo el camino casi libre ya casi por poco no la cuenta arjentina apezar de las selecciones de medio pelo que le acomodaron en fin,No Tóxico,0,,Personas argentinas,SI,SI,NO,165,29,0,0,0,0
3045,X,2026-06-11,USER_3045,"En La Paz no todos somos unos indios de mierda, q manera de querer suplantarnos, gentuza está,","En La Paz no todos somos unos indios de mierda, q manera de querer suplantarnos, gentuza está,",en la paz no todos somos unos indios de mierda q manera de querer suplantarnos gentuza esta,No Tóxico,0,,Personas latinoamericanas,NO,NO,NO,94,17,0,0,0,2
870,Facebook,2026-07-19,USER_870,Q sepudran en el cecot,Q sepudran en el cecot,q sepudran en el cecot,Amenazas/Violencia,3,Deseo de Daño,Detenidos/señalados,NO,NO,NO,22,5,0,0,0,0
2288,Facebook,2026-07-22,USER_2288,Lastá pepenando a pura riata~,Lastá pepenando a pura riata~,lasta pepenando a pura riata,No Tóxico,0,,Personas en situación de pobreza,NO,NO,NO,29,5,0,0,0,0
283,X,2026-07-14,USER_283,Vieja mas pendeja esta.. si a vos te hubieran asesinado a un familiar.. No estuvieras escribiendo mierdas.. Los mareros.. No merecen vivir.. No merecen nada.. Porque matan gente inocente por no querer trabajar.. Y vivir del dinero de gente luchadora...,Vieja mas pendeja esta.. si a vos te hubieran asesinado a un familiar.. No estuvieras escribiendo mierdas.. Los mareros.. No merecen vivir.. No merecen nada.. Porque matan gente inocente por no querer trabajar.. Y vivir del dinero de gente luchadora...,vieja mas pendeja esta si a vos te hubieran asesinado a un familiar no estuvieras escribiendo mierdas los mareros no merecen vivir no merecen nada porque matan gente inocente por no querer trabajar y vivir del dinero de gente luchadora,Amenazas/Violencia,3,Deseo de Daño,Pandilleros/Mareros,NO,NO,NO,252,40,0,0,0,3
799,Facebook,2026-07-18,USER_799,El qué lo hizo mil gracias No lo condenen dejenlo que siga limpiando el país,El qué lo hizo mil gracias No lo condenen dejenlo que siga limpiando el país,el que lo hizo mil gracias no lo condenen dejenlo que siga limpiando el pais,Amenazas/Violencia,3,Celebración de Violencia,Delincuentes/criminales,NO,NO,NO,76,15,0,0,0,0
319,X,2026-07-14,USER_319,"Si, si mira como los pobrechitos mareros sufren, que sufran una fracción de lo que sus víctimas sufrieron y no están aquí para contarlo","Si, si mira como los pobrechitos mareros sufren, que sufran una fracción de lo que sus víctimas sufrieron y no están aquí para contarlo",si si mira como los pobrechitos mareros sufren que sufran una fraccion de lo que sus victimas sufrieron y no estan aqui para contarlo,Amenazas/Violencia,3,Celebración de Violencia,Pandilleros/Mareros,NO,NO,NO,135,24,0,0,0,1
2808,X,2026-06-22,USER_2808,Pero Judentina es una nación de judíos de mierda...,Pero Judentina es una nación de judíos de mierda...,pero judentina es una nacion de judios de mierda,Discurso de Odio,2,Antisemitismo,Personas judi­as,NO,NO,NO,51,9,0,0,0,1
2705,X,2026-06-09,USER_2705,Al pedo los liberamos negros de mierda,Al pedo los liberamos negros de mierda,al pedo los liberamos negros de mierda,Discurso de Odio,2,Racismo,Personas negras,NO,NO,NO,38,7,0,0,0,3
2578,Facebook,2026-07-26,USER_2578,Chapines serotes get out here,Chapines serotes get out here,chapines serotes get out here,Discurso de Odio,2,Xenofobia,Guatemaltecos,NO,NO,NO,29,5,0,0,0,0
1405,Facebook,2026-06-25,USER_1405,La chantal llora porque el lo detonó por primara ves y ala ajeja le gusto 😝,La chantal llora porque el lo detonó por primara ves y ala ajeja le gusto :cara_con_ojos_cerrados_y_lengua_fuera:,la chantal llora porque el lo detono por primara ves y ala ajeja le gusto,Lenguaje Ofensivo,1,Tono Agresivo,Persona Individual,NO,NO,NO,75,16,1,0,0,1
2297,Facebook,2026-07-22,USER_2297,Solo eso faltaba jajajaja jajajaja ?? nombre una inusual de la ONU a de ser el negro pintado este no está en esas ligadas de mafia solo las apoya de lejos como los zurdos hipocritas jajajaja,Solo eso faltaba jajajaja jajajaja ?? nombre una inusual de la ONU a de ser el negro pintado este no está en esas ligadas de mafia solo las apoya de lejos como los zurdos hipocritas jajajaja,solo eso faltaba jajajaja jajajaja nombre una inusual de la onu a de ser el negro pintado este no esta en esas ligadas de mafia solo las apoya de lejos como los zurdos hipocritas jajajaja,Discurso de Odio,2,Racismo,"Afrodescendientes, zurdos",NO,NO,NO,190,36,0,0,0,1
1126,Facebook,2026-06-25,USER_1126,No entiendo como les puede gustar esto es una porquería,No entiendo como les puede gustar esto es una porquería,no entiendo como les puede gustar esto es una porqueria,Lenguaje Ofensivo,1,Insulto Directo,,NO,NO,NO,55,10,0,0,0,0
1653,X,2026-05-30,USER_1653,"maje redactas como la mierda, de verdad estas bravo","maje redactas como la mierda, de verdad estas bravo",maje redactas como la mierda de verdad estas bravo,Lenguaje Ofensivo,1,Insulto Directo,Persona Individual,NO,NO,NO,51,9,0,0,0,2
882,Facebook,2026-07-20,USER_882,.muy buen trabajo paras la policia y las fuerzas armadas este sugeto directo al cecot por andsr de lincuiendo no quieren dejar lo malo siempre andan barios ni pirque sedan cuenta que hay cadena perpetua no dejan de andar en lo malo y porque estan en los manglares esporque en nada bueno andan ya ban adesir que son inosente y que los liberen y solo bean adonde asen sus reunuones y talbes ayi dormian planiaban las.fechorias sin lastima al cecot,.muy buen trabajo paras la policia y las fuerzas armadas este sugeto directo al cecot por andsr de lincuiendo no quieren dejar lo malo siempre andan barios ni pirque sedan cuenta que hay cadena perpetua no dejan de andar en lo malo y porque estan en los manglares esporque en nada bueno andan ya ban adesir que son inosente y que los liberen y solo bean adonde asen sus reunuones y talbes ayi dormian planiaban las.fechorias sin lastima al cecot,muy buen trabajo paras la policia y las fuerzas armadas este sugeto directo al cecot por andsr de lincuiendo no quieren dejar lo malo siempre andan barios ni pirque sedan cuenta que hay cadena perpetua no dejan de andar en lo malo y porque estan en los manglares esporque en nada bueno andan ya ban adesir que son inosente y que los liberen y solo bean adonde asen sus reunuones y talbes ayi dormian planiaban las fechorias sin lastima al cecot,Amenazas/Violencia,3,Deseo de Daño,Sujeto señalado como delincuente,NO,NO,NO,445,80,0,0,0,1
2098,Facebook,2026-07-06,USER_2098,Marco Pulido Amox se nota que te gustan los payasos y títeres,Marco Pulido Amox se nota que te gustan los payasos y títeres,marco pulido amox se nota que te gustan los payasos y titeres,Lenguaje Ofensivo,1,Crítica Fuerte,Persona individual,NO,NO,SI,61,12,0,0,0,0
1980,X,2026-06-14,USER_1980,Cállate puto de mierda 🤌,Cállate puto de mierda :dedos_juntos_apuntando_hacia_arriba:,callate puto de mierda,Lenguaje Ofensivo,1,Insulto Directo,Persona Individual,NO,NO,NO,24,5,1,0,0,2
2243,Facebook,2026-06-08,USER_2243,Ahora que ban a decir Infantino es el culpable,Ahora que ban a decir Infantino es el culpable,ahora que ban a decir infantino es el culpable,No Tóxico,0,,Personas argentinas,SI,SI,NO,46,9,0,0,0,0
2616,X,2026-06-28,USER_2616,Es mejor tenerlos de esclavos trabajando para negreros para que no puedan tener ni vivienda y luego los putos inmigrantes tengan hoteles regalados,Es mejor tenerlos de esclavos trabajando para negreros para que no puedan tener ni vivienda y luego los putos inmigrantes tengan hoteles regalados,es mejor tenerlos de esclavos trabajando para negreros para que no puedan tener ni vivienda y luego los putos inmigrantes tengan hoteles regalados,Discurso de Odio,2,Xenofobia,Personas inmigrantes,NO,NO,NO,146,23,0,0,0,2
2071,X,2026-07-08,USER_2071,"Por eso valieron verga, pinches mexichangos 🤣🤣🤣🤣🤣","Por eso valieron verga, pinches mexichangos :cara_revolviéndose_de_la_risa: :cara_revolviéndose_de_la_risa: :cara_revolviéndose_de_la_risa: :cara_revolviéndose_de_la_risa: :cara_revolviéndose_de_la_risa:",por eso valieron verga pinches mexichangos,Discurso de Odio,2,Xenofobia,Mexicanos,SÍ,NO,NO,49,7,5,0,0,2
662,Facebook,2026-07-14,USER_662,"La gente se queja de que ahora todo está más caro que no les alcanza para nada que es culpa del gobierno, pero prefiero eso a que no pueda llegar a la casa aunque sea a comerme una tortilla con sal o que tiendas o negocios hayan cerrado porque no les alcanzó para pagarle la renta las pandillas o que familias lloren a sus seres queridos qué los incendiaron en un micro bus solo por pura diversión. Mil veces votaré por usted porque le dio prioridad a la seguridad de la gente que trabaja y lucha por salir adelante","La gente se queja de que ahora todo está más caro que no les alcanza para nada que es culpa del gobierno, pero prefiero eso a que no pueda llegar a la casa aunque sea a comerme una tortilla con sal o que tiendas o negocios hayan cerrado porque no les alcanzó para pagarle la renta las pandillas o que familias lloren a sus seres queridos qué los incendiaron en un micro bus solo por pura diversión. Mil veces votaré por usted porque le dio prioridad a la seguridad de la gente que trabaja y lucha por salir adelante",la gente se queja de que ahora todo esta mas caro que no les alcanza para nada que es culpa del gobierno pero prefiero eso a que no pueda llegar a la casa aunque sea a comerme una tortilla con sal o que tiendas o negocios hayan cerrado porque no les alcanzo para pagarle la renta las pandillas o que familias lloren a sus seres queridos que los incendiaron en un micro bus solo por pura diversion mil veces votare por usted porque le dio prioridad a la seguridad de la gente que trabaja y lucha por salir adelante,No Tóxico,0,,,NO,NO,SÍ,515,99,0,0,0,2
2715,X,2026-06-22,USER_2715,"tienes razón en los de juntarse con ptos gitanos indios de mierda que dejan fumar porros a su sobrino de 10 años, pero ese video de la pelea es falso de un videoclip","tienes razón en los de juntarse con ptos gitanos indios de mierda que dejan fumar porros a su sobrino de 10 años, pero ese video de la pelea es falso de un videoclip",tienes razon en los de juntarse con ptos gitanos indios de mierda que dejan fumar porros a su sobrino de anos pero ese video de la pelea es falso de un videoclip,Discurso de Odio,2,Racismo,Personas indigenas,NO,NO,NO,165,33,0,0,0,3
1960,X,2026-06-14,USER_1960,Perdiste una isla que llevas años llorando imbécil 🤣,Perdiste una isla que llevas años llorando imbécil :cara_revolviéndose_de_la_risa:,perdiste una isla que llevas anos llorando imbecil,Lenguaje Ofensivo,1,Insulto Directo,Persona Individual,SÍ,NO,SÍ,52,9,1,0,0,1
1746,X,2026-06-07,USER_1746,En que hemos mejorado pendejo trol? Saqueos y robos como COSAVI o Credicash o robo de pensiones de trabajadores?,En que hemos mejorado pendejo trol? Saqueos y robos como COSAVI o Credicash o robo de pensiones de trabajadores?,en que hemos mejorado pendejo trol saqueos y robos como cosavi o credicash o robo de pensiones de trabajadores,Lenguaje Ofensivo,1,Insulto Directo,Persona Individual,NO,NO,SÍ,112,19,0,0,0,1
1742,X,2026-06-07,USER_1742,"Alguien le puede pasar fotos de tik tokers talando árboles a lo pendejo y depredando el hábitat de muchas especies, a esta honorable y culta salvadoreña 🤡🤡....","Alguien le puede pasar fotos de tik tokers talando árboles a lo pendejo y depredando el hábitat de muchas especies, a esta honorable y culta salvadoreña :cara_de_payaso: :cara_de_payaso: ....",alguien le puede pasar fotos de tik tokers talando arboles a lo pendejo y depredando el habitat de muchas especies a esta honorable y culta salvadorena,Lenguaje Ofensivo,1,Tono Agresivo,Funcionarios Públicos,SÍ,SÍ,SÍ,159,27,2,0,0,1
401,X,2026-07-14,USER_401,"Mareros de mierda ojala no los agarraran, para que gastar en comida para esos perrros","Mareros de mierda ojala no los agarraran, para que gastar en comida para esos perrros",mareros de mierda ojala no los agarraran para que gastar en comida para esos perrros,Amenazas/Violencia,3,Deseo de Daño,Pandilleros/Mareros,NO,NO,NO,85,15,0,0,0,3
775,Facebook,2026-07-18,USER_775,Cadena perpetua para los narcotraficantes de personas,Cadena perpetua para los narcotraficantes de personas,cadena perpetua para los narcotraficantes de personas,No Tóxico,0,,Traficantes de personas,NO,NO,NO,53,7,0,0,0,0
731,Facebook,2026-07-14,USER_731,"Ya aburren, cuento viejo. Mejor cuéntenme una de vaqueros.","Ya aburren, cuento viejo. Mejor cuéntenme una de vaqueros.",ya aburren cuento viejo mejor cuentenme una de vaqueros,No Tóxico,0,,,SÍ,NO,NO,58,9,0,0,0,0
1373,Facebook,2026-06-25,USER_1373,No es culpa de estos parásitos vividores. Es culpa de los y las idi@tas tomt@s que les dan donaciónes.,No es culpa de estos parásitos vividores. Es culpa de los y las idi@usuario tomt@usuario que les dan donaciónes.,no es culpa de estos parasitos vividores es culpa de los y las idi usuario tomt usuario que les dan donaciones,Lenguaje Ofensivo,1,Insulto Directo,Persona Individual,SÍ,NO,NO,102,19,0,2,0,1
2347,Facebook,2026-07-22,USER_2347,Tu que opinas Freddy Mercury: ??,Tu que opinas Freddy Mercury: ??,tu que opinas freddy mercury,No Tóxico,0,,Personas con VIH,SI,SI,NO,32,6,0,0,0,0
2447,Facebook,2026-07-21,USER_2447,Una monada????????????,Una monada????????????,una monada,Discurso de Odio,2,Racismo,Personas morenas,NO,NO,NO,22,2,0,0,0,0
3073,X,2026-06-21,USER_3073,"Sois tan inútiles… de contacto si, pero no de dar patadas para lesionar y empujones por la espalda… sois mongolos vaya… tu de los narigones judíos de mierda y de que puedas comer tres veces al día…","Sois tan inútiles… de contacto si, pero no de dar patadas para lesionar y empujones por la espalda… sois mongolos vaya… tu de los narigones judíos de mierda y de que puedas comer tres veces al día…",sois tan inutiles de contacto si pero no de dar patadas para lesionar y empujones por la espalda sois mongolos vaya tu de los narigones judios de mierda y de que puedas comer tres veces al dia,Discurso de Odio,2,Antisemitismo,Personas judias,NO,NO,NO,197,37,0,0,0,1
1986,X,2026-06-14,USER_1986,De la verga jajaja,De la verga jajaja,de la verga jajaja,No Tóxico,0,,,SÍ,NO,NO,18,4,0,0,0,1
1607,X,2026-05-30,USER_1607,"Solo eres una bichita cagada que empieza su adultes. Si ahora te quejas así, en gobiernos anteriores teniendo un buen uso de la razón y no de una niña en pañales estuvieras con diarrea crónica de la cólera con los gobiernos anteriores. 🤣","Solo eres una bichita cagada que empieza su adultes. Si ahora te quejas así, en gobiernos anteriores teniendo un buen uso de la razón y no de una niña en pañales estuvieras con diarrea crónica de la cólera con los gobiernos anteriores. :cara_revolviéndose_de_la_risa:",solo eres una bichita cagada que empieza su adultes si ahora te quejas asi en gobiernos anteriores teniendo un buen uso de la razon y no de una nina en panales estuvieras con diarrea cronica de la colera con los gobiernos anteriores,Lenguaje Ofensivo,1,Insulto Directo,Persona Individual,SÍ,SÍ,SÍ,237,43,1,0,0,1
2326,Facebook,2026-07-21,USER_2326,No Tienes Otra Respuesta? Se Te Acabaron Las Ideas Cómo También Se Te Acabó La Comida JAJAJA,No Tienes Otra Respuesta? Se Te Acabaron Las Ideas Cómo También Se Te Acabó La Comida JAJAJA,no tienes otra respuesta se te acabaron las ideas como tambien se te acabo la comida jajaja,Lenguaje Ofensivo,1,Insulto Directo,Personas en situación de pobreza,NO,NO,NO,92,17,0,0,0,0
340,X,2026-07-14,USER_340,Que ya no acudan a llamado cuando son mareros los heridos que se mueran.,Que ya no acudan a llamado cuando son mareros los heridos que se mueran.,que ya no acudan a llamado cuando son mareros los heridos que se mueran,Amenazas/Violencia,3,Deseo de Daño,Pandilleros/Mareros,NO,NO,NO,72,14,0,0,0,2
707,Facebook,2026-07-14,USER_707,Cuando surja el nuevo líder salvadoreño... Entonces dejará la presidencia... ES EL RETO,Cuando surja el nuevo líder salvadoreño... Entonces dejará la presidencia... ES EL RETO,cuando surja el nuevo lider salvadoreno entonces dejara la presidencia es el reto,No Tóxico,0,,,NO,NO,SÍ,87,13,0,0,0,0
2,X,2026-07-13,USER_002,Comparte tu arte y tu nacionalidad Aprovechando para compartir acá lo que hago y conocer más artistas salvadoreños por estos lares #pupusas,Comparte tu arte y tu nacionalidad Aprovechando para compartir acá lo que hago y conocer más artistas salvadoreños por estos lares #pupusas,comparte tu arte y tu nacionalidad aprovechando para compartir aca lo que hago y conocer mas artistas salvadorenos por estos lares pupusas,No Tóxico,0,,,NO,NO,NO,139,22,0,0,1,0
2994,X,2026-06-06,USER_2994,"No pueden con sus negros de mierda y sus musulmanes, los tienen culeados a estos europeos maricas","No pueden con sus negros de mierda y sus musulmanes, los tienen culeados a estos europeos maricas",no pueden con sus negros de mierda y sus musulmanes los tienen culeados a estos europeos maricas,Discurso de Odio,2,Racismo,Personas musulmanas,NO,NO,NO,97,17,0,0,0,4
642,Facebook,2026-07-14,USER_642,Viva España viva la Hispanidad,Viva España viva la Hispanidad,viva espana viva la hispanidad,No Tóxico,0,,,NO,NO,NO,30,5,0,0,0,0
28,X,2026-07-13,USER_028,"#EmprendimientoSv Sobre carretera ruta militar, frente a la policía nacional civil, Santa rosa de Lima, La unión.","#EmprendimientoSv Sobre carretera ruta militar, frente a la policía nacional civil, Santa rosa de Lima, La unión.",emprendimientosv sobre carretera ruta militar frente a la policia nacional civil santa rosa de lima la union,No Tóxico,0,,,NO,NO,NO,113,17,0,0,1,0
578,Facebook,2026-07-14,USER_578,Gracias Don Mauricio descanse en paz,Gracias Don Mauricio descanse en paz,gracias don mauricio descanse en paz,No Tóxico,0,,,NO,NO,NO,36,6,0,0,0,0
780,Facebook,2026-07-18,USER_780,Si fue en ajuste de cuentas dejenlo libre de alguna u otra forma tenia que pagar el hp,Si fue en ajuste de cuentas dejenlo libre de alguna u otra forma tenia que pagar el hp,si fue en ajuste de cuentas dejenlo libre de alguna u otra forma tenia que pagar el hp,Amenazas/Violencia,3,Celebración de Violencia,Individuo (víctima de ajuste de cuentas),SÍ,NO,NO,86,18,0,0,0,0
2230,Facebook,2026-06-06,USER_2230,Pues que Enzo no hizo lo mismo al principio del partido? Literal al argentino se le olvidó que Bellingham también entiende el español JAJAJAJAJAJS,Pues que Enzo no hizo lo mismo al principio del partido? Literal al argentino se le olvidó que Bellingham también entiende el español JAJAJAJAJAJS,pues que enzo no hizo lo mismo al principio del partido literal al argentino se le olvido que bellingham tambien entiende el espanol jajajajajajs,No Tóxico,0,,Personas argentinas,SI,SI,NO,146,24,0,0,0,0
426,X,2026-07-14,USER_426,"Un marero bueno es un marero MUERTO, eso no es de otra manera lastima que los estan encarcelando #ExterminarMarasYA","Un marero bueno es un marero MUERTO, eso no es de otra manera lastima que los estan encarcelando #ExterminarMarasYA",un marero bueno es un marero muerto eso no es de otra manera lastima que los estan encarcelando exterminarmarasya,Amenazas/Violencia,3,Incitación a la Violencia,Pandilleros/Mareros,NO,NO,NO,115,19,0,0,1,2
2731,X,2026-06-05,USER_2731,Hay qie ir a CHIAPAS y sacar a la chingada esos judios de mierda. https:// facebook.com/photo/?fbid=13 43519204600826&set=a.575082598111161 …,Hay qie ir a CHIAPAS y sacar a la chingada esos judios de mierda. https:// facebook.com/photo/?fbid=13 43519204600826&set=a.575082598111161 …,hay qie ir a chiapas y sacar a la chingada esos judios de mierda https facebook com photo fbid set a,Discurso de Odio,2,Antisemitismo,Personas judias,NO,NO,NO,141,18,0,0,0,2
265,X,2026-07-14,USER_265,Retweeted Troll chapin (@Troll_502Guate): #SFHacinados que los fusilen a los mareros,Retweeted Troll chapin (@usuario): #SFHacinados que los fusilen a los mareros,retweeted troll chapin usuario sfhacinados que los fusilen a los mareros,Amenazas/Violencia,3,Deseo de Daño,Pandilleros/Mareros,NO,NO,NO,84,11,0,1,1,2
1741,X,2026-06-07,USER_1741,Te vas ir al infierno hijueputa.,Te vas ir al infierno hijueputa.,te vas ir al infierno hijueputa,Lenguaje Ofensivo,1,Insulto Directo,Persona Individual,NO,NO,SÍ,32,6,0,0,0,1
2198,Facebook,2026-07-09,USER_2198,Brandon Chavez una vez fui ah argentina con comida y si me dijeron que si venia del futuro por que en su presente les hace falta las 3 comidas al dia,Brandon Chavez una vez fui ah argentina con comida y si me dijeron que si venia del futuro por que en su presente les hace falta las 3 comidas al dia,brandon chavez una vez fui ah argentina con comida y si me dijeron que si venia del futuro por que en su presente les hace falta las comidas al dia,Discurso de Odio,2,Estigmatización Nacional,Personas argentinas,SI,SI,NO,149,31,0,0,0,1
2917,X,2026-06-02,USER_2917,"Si, hay gente, Venezolanos o no que parece que disfrutan con ver al Venezolano en el piso, llevando patadas y miseria, no nos tumbara ese odio, jodanse, tenemos que para arriba, q se jodan esos extranjeros y ""venezolanos"" de mierda.","Si, hay gente, Venezolanos o no que parece que disfrutan con ver al Venezolano en el piso, llevando patadas y miseria, no nos tumbara ese odio, jodanse, tenemos que para arriba, q se jodan esos extranjeros y ""venezolanos"" de mierda.",si hay gente venezolanos o no que parece que disfrutan con ver al venezolano en el piso llevando patadas y miseria no nos tumbara ese odio jodanse tenemos que para arriba q se jodan esos extranjeros y venezolanos de mierda,Discurso de Odio,2,Xenofobia,Personas inmigrantes,NO,NO,NO,232,40,0,0,0,2
1785,X,2026-06-07,USER_1785,"Sobre todo no hay que deforestar, aquí les vale verga el desarrollo sostenible. También repito ¿Tan difícil es entender?","Sobre todo no hay que deforestar, aquí les vale verga el desarrollo sostenible. También repito ¿Tan difícil es entender?",sobre todo no hay que deforestar aqui les vale verga el desarrollo sostenible tambien repito tan dificil es entender,Lenguaje Ofensivo,1,Palabras Obscenas,,NO,NO,NO,120,19,0,0,0,1
1385,Facebook,2026-06-25,USER_1385,Gracias al vergo de hombres pendejos q con solo ver una falda regalan su dinero a estas vividoras y ellos después prestando para terminar el mes jajaja,Gracias al vergo de hombres pendejos q con solo ver una falda regalan su dinero a estas vividoras y ellos después prestando para terminar el mes jajaja,gracias al vergo de hombres pendejos q con solo ver una falda regalan su dinero a estas vividoras y ellos despues prestando para terminar el mes jajaja,Lenguaje Ofensivo,1,Insulto Directo,Persona Individual,NO,NO,NO,151,27,0,0,0,2
1341,Facebook,2026-06-25,USER_1341,Que pasmado el que pago por esto para que otros la vieran gratis osea,Que pasmado el que pago por esto para que otros la vieran gratis osea,que pasmado el que pago por esto para que otros la vieran gratis osea,Lenguaje Ofensivo,1,Insulto Directo,,NO,NO,NO,69,14,0,0,0,1
490,X,2026-07-14,USER_490,"Cuando harán una ley que los policías o soldados pueden proceder a la detención de cualquier mareros por solo ser mareros y que son decretado como terroristas, ya se sabe que estas son asecinos, extorcionadores etc. Por lo tanto se deben de sacar de las calles presos o muertos.","Cuando harán una ley que los policías o soldados pueden proceder a la detención de cualquier mareros por solo ser mareros y que son decretado como terroristas, ya se sabe que estas son asecinos, extorcionadores etc. Por lo tanto se deben de sacar de las calles presos o muertos.",cuando haran una ley que los policias o soldados pueden proceder a la detencion de cualquier mareros por solo ser mareros y que son decretado como terroristas ya se sabe que estas son asecinos extorcionadores etc por lo tanto se deben de sacar de las calles presos o muertos,Amenazas/Violencia,3,Incitación a la Violencia,Pandilleros/Mareros,NO,NO,SÍ,278,49,0,0,0,3
2460,Facebook,2026-07-23,USER_2460,Es el verdadero medio metro,Es el verdadero medio metro,es el verdadero medio metro,Lenguaje Ofensivo,1,Palabras Obscenas,Personas con enanismo,SI,NO,NO,27,5,0,0,0,0
1067,Facebook,2026-06-14,USER_1067,Que nos importa esos estupidos hjdpta patanes,Que nos importa esos estupidos hjdpta patanes,que nos importa esos estupidos hjdpta patanes,Lenguaje Ofensivo,1,Insulto Directo,,NO,NO,NO,45,7,0,0,0,0
2647,X,2026-06-16,USER_2647,"Tu país ni clasificó al mundial jajaajaj. Venezolanos de mierda, dios les mando un castigo divino con ese terremoto. Ojalá les mandé otro","Tu país ni clasificó al mundial jajaajaj. Venezolanos de mierda, dios les mando un castigo divino con ese terremoto. Ojalá les mandé otro",tu pais ni clasifico al mundial jajaajaj venezolanos de mierda dios les mando un castigo divino con ese terremoto ojala les mande otro,Amenazas/Violencia,3,Deseo de Daño,Personas venezolanas,NO,NO,NO,137,23,0,0,0,2
1904,X,2026-07-08,USER_1904,Te dijo la verdad pendejo. Desde El Salvador 🇸🇻. Viva la senadora .,Te dijo la verdad pendejo. Desde El Salvador :bandera_el_salvador: . Viva la senadora .,te dijo la verdad pendejo desde el salvador viva la senadora,Lenguaje Ofensivo,1,Insulto Directo,Persona Individual,NO,NO,SÍ,67,13,1,0,0,1
758,Facebook,2026-07-16,USER_758,Inyección Letal fuera lo mejor,Inyección Letal fuera lo mejor,inyeccion letal fuera lo mejor,Amenazas/Violencia,3,Deseo de Daño,Pandilleros/Mareros,NO,NO,NO,30,5,0,0,0,0
2921,X,2026-06-03,USER_2921,"Tienes razon querida. Malo viajar a dictaduras para decir luego que ""Si Venezuela es tan pobre porque el gobierno me invito a comer a un restaurante caro?? Jaque mate venezolanos de mierda ""","Tienes razon querida. Malo viajar a dictaduras para decir luego que ""Si Venezuela es tan pobre porque el gobierno me invito a comer a un restaurante caro?? Jaque mate venezolanos de mierda """,tienes razon querida malo viajar a dictaduras para decir luego que si venezuela es tan pobre porque el gobierno me invito a comer a un restaurante caro jaque mate venezolanos de mierda,Discurso de Odio,2,Xenofobia,Personas inmigrantes,NO,NO,NO,190,33,0,0,0,2
2072,Facebook,2026-07-11,USER_2072,Vaya para esas gentes imbéciles que le dan fama a estos pedazos de💩💩yo no se porque soportan que estas clases de basura los traten mal,Vaya para esas gentes imbéciles que le dan fama a estos pedazos de :caca_con_ojos: :caca_con_ojos: yo no se porque soportan que estas clases de basura los traten mal,vaya para esas gentes imbeciles que le dan fama a estos pedazos de yo no se porque soportan que estas clases de basura los traten mal,Lenguaje Ofensivo,1,Insulto Directo,,SÍ,SÍ,NO,134,25,2,0,0,2
993,Facebook,2026-07-24,USER_993,"Díaz López Zoraida tiene razón pero a cuerdecenque no todos los que están encerrados son pandilleros la mayoría son inocentes sin envestigar los capturaron y los secuestraron, ,,,pero los que an tomado malas deciciones y se hicieron delincuentes, esos no van a salir nunca están en el cecot, ellos que se pudran por aver hecho tanto daño pero que liberen a los inocentes Dios la bendiga niña Zoraida","Díaz López Zoraida tiene razón pero a cuerdecenque no todos los que están encerrados son pandilleros la mayoría son inocentes sin envestigar los capturaron y los secuestraron, ,,,pero los que an tomado malas deciciones y se hicieron delincuentes, esos no van a salir nunca están en el cecot, ellos que se pudran por aver hecho tanto daño pero que liberen a los inocentes Dios la bendiga niña Zoraida",diaz lopez zoraida tiene razon pero a cuerdecenque no todos los que estan encerrados son pandilleros la mayoria son inocentes sin envestigar los capturaron y los secuestraron pero los que an tomado malas deciciones y se hicieron delincuentes esos no van a salir nunca estan en el cecot ellos que se pudran por aver hecho tanto dano pero que liberen a los inocentes dios la bendiga nina zoraida,Amenazas/Violencia,3,Deseo de Daño,Grupo,NO,NO,NO,399,68,0,0,0,1
2598,X,2026-06-04,USER_2598,"Para los Argentinos si, para los inmigrantes de mierda también, aunque en breve les vamos a empezar a cobrar por venir a parasitar el sistema educativo.","Para los Argentinos si, para los inmigrantes de mierda también, aunque en breve les vamos a empezar a cobrar por venir a parasitar el sistema educativo.",para los argentinos si para los inmigrantes de mierda tambien aunque en breve les vamos a empezar a cobrar por venir a parasitar el sistema educativo,Discurso de Odio,2,Xenofobia,Personas inmigrantes,NO,NO,NO,152,26,0,0,0,3
2148,Facebook,2026-06-18,USER_2148,"Las Malvinas no son de Argentina menos de Inglaterra solo son de esta tierra, todos en la misma esfera donde alumbra la luz de sol y luna llena","Las Malvinas no son de Argentina menos de Inglaterra solo son de esta tierra, todos en la misma esfera donde alumbra la luz de sol y luna llena",las malvinas no son de argentina menos de inglaterra solo son de esta tierra todos en la misma esfera donde alumbra la luz de sol y luna llena,No Tóxico,0,,Personas argentinas,SI,SI,NO,143,28,0,0,0,0
1439,Facebook,2026-06-14,USER_1439,No pos vete muchísimo a la Berga viejo cvlero y cobarde,No pos vete muchísimo a la Berga viejo cvlero y cobarde,no pos vete muchisimo a la berga viejo cvlero y cobarde,Lenguaje Ofensivo,1,Insulto Directo,Persona Individual,NO,NO,SÍ,55,11,0,0,0,2
43,X,2026-07-13,USER_043,"Celebra el mes de la a mistad, disfruta de los mejores destinos de El Salvador, tu eliges el lugar y nosotros ponemos los detalles. +503 718190477 http:// ecotourspetate.com #PlayasElSalvador #ElZonte #PuroSurf #toursprivados #CenasRomanticas","Celebra el mes de la a mistad, disfruta de los mejores destinos de El Salvador, tu eliges el lugar y nosotros ponemos los detalles. +503 718190477 http:// ecotourspetate.com #PlayasElSalvador #ElZonte #PuroSurf #toursprivados #CenasRomanticas",celebra el mes de la a mistad disfruta de los mejores destinos de el salvador tu eliges el lugar y nosotros ponemos los detalles http ecotourspetate com playaselsalvador elzonte purosurf toursprivados cenasromanticas,No Tóxico,0,,,NO,NO,NO,242,33,0,0,5,0
1418,Facebook,2026-06-14,USER_1418,Cuanto vale el voto pues ofrescan un bien billete no dies pesos....dejen de mamadas,Cuanto vale el voto pues ofrescan un bien billete no dies pesos....dejen de mamadas,cuanto vale el voto pues ofrescan un bien billete no dies pesos dejen de mamadas,Lenguaje Ofensivo,1,Palabras Obscenas,Partidos Políticos,SÍ,SÍ,SÍ,83,14,0,0,0,0
122,X,2026-07-13,USER_122,Una jacket negra de cuero es parte de las prendas básicas en el buen vestir de nosotros los hombres. Encontré esta con un buen descuento en el BIG BLACK SALE de @simanelsalvador #manlifestyle #modasv #modaelsavador #manlife #jacket #black #BigBlackSale #AlmacenesSiman,Una jacket negra de cuero es parte de las prendas básicas en el buen vestir de nosotros los hombres. Encontré esta con un buen descuento en el BIG BLACK SALE de @usuario #manlifestyle #modasv #modaelsavador #manlife #jacket #black #BigBlackSale #AlmacenesSiman,una jacket negra de cuero es parte de las prendas basicas en el buen vestir de nosotros los hombres encontre esta con un buen descuento en el big black sale de usuario manlifestyle modasv modaelsavador manlife jacket black bigblacksale almacenessiman,No Tóxico,0,,,NO,NO,NO,268,40,0,1,8,2
669,Facebook,2026-07-14,USER_669,Feliz Navidad desde Brisbane,Feliz Navidad desde Brisbane,feliz navidad desde brisbane,No Tóxico,0,,,NO,NO,NO,28,4,0,0,0,0
1230,Facebook,2026-06-26,USER_1230,Deberian que darle una rata frita con salsa roja,Deberian que darle una rata frita con salsa roja,deberian que darle una rata frita con salsa roja,Amenazas/Violencia,3,Deseo de Daño/Sufrimiento,,NO,NO,NO,48,9,0,0,0,2
2734,X,2026-06-23,USER_2734,Aaaa pero la FIFA a los muslomonos y judios de mierda si les traga la lechita,Aaaa pero la FIFA a los muslomonos y judios de mierda si les traga la lechita,aaaa pero la fifa a los muslomonos y judios de mierda si les traga la lechita,Discurso de Odio,2,Islamofobia,Personas judias,NO,NO,NO,77,16,0,0,0,1
2684,X,2026-06-25,USER_2684,Te das cuenta por qué nos odian? Son unos negros de mierda,Te das cuenta por qué nos odian? Son unos negros de mierda,te das cuenta por que nos odian son unos negros de mierda,Discurso de Odio,2,Racismo,Personas negras,NO,NO,NO,58,12,0,0,0,2
952,Facebook,2026-07-24,USER_952,Eso pasa por no conocer alas perzonas hay honbres que no toleran mamadas y entonces es cuando las matan no con todo honbre se puede jugar,Eso pasa por no conocer alas perzonas hay honbres que no toleran mamadas y entonces es cuando las matan no con todo honbre se puede jugar,eso pasa por no conocer alas perzonas hay honbres que no toleran mamadas y entonces es cuando las matan no con todo honbre se puede jugar,Amenazas/Violencia,3,Celebración de Violencia,Individuo,NO,NO,NO,137,26,0,0,0,1
2316,Facebook,2026-07-23,USER_2316,Todo en uno y según los argensimios los mexicanos les tenemos envidia xD,Todo en uno y según los argensimios los mexicanos les tenemos envidia xD,todo en uno y segun los argensimios los mexicanos les tenemos envidia xd,Discurso de Odio,2,Racismo,Argentinos,NO,NO,NO,72,13,0,0,0,0
604,Facebook,2026-07-14,USER_604,Seguimos apoyando a nuestro presidente Nayib Bukele.,Seguimos apoyando a nuestro presidente Nayib Bukele.,seguimos apoyando a nuestro presidente nayib bukele,No Tóxico,0,,,NO,NO,SÍ,52,7,0,0,0,0
2156,Facebook,2026-06-10,USER_2156,Vamos Argentina bicampeón del mundo,Vamos Argentina bicampeón del mundo,vamos argentina bicampeon del mundo,No Tóxico,0,,Personas argentinas,SI,SI,NO,35,5,0,0,0,0
2834,X,2026-06-26,USER_2834,"El amor vence al odio, no sirve, Forrear no sirve. Pero viene Milei y dice: Los voy a matar de hambre a todos, pedasos de hijos de puta, discapacitados de mierda. Y gana por 40 puntos.","El amor vence al odio, no sirve, Forrear no sirve. Pero viene Milei y dice: Los voy a matar de hambre a todos, pedasos de hijos de puta, discapacitados de mierda. Y gana por 40 puntos.",el amor vence al odio no sirve forrear no sirve pero viene milei y dice los voy a matar de hambre a todos pedasos de hijos de puta discapacitados de mierda y gana por puntos,Discurso de Odio,2,Capacitismo,Personas con discapacidad,NO,NO,NO,184,36,0,0,0,3
1714,X,2026-06-02,USER_1714,"El único hijo de puta y lo peor que ha parido El Salvador, eres vos come mierda🖕🖕","El único hijo de puta y lo peor que ha parido El Salvador, eres vos come mierda :dedo_corazón_hacia_arriba: :dedo_corazón_hacia_arriba:",el unico hijo de puta y lo peor que ha parido el salvador eres vos come mierda,Lenguaje Ofensivo,1,Insulto Directo,Persona Individual,NO,NO,SÍ,81,17,2,0,0,2
2788,X,2026-07-13,USER_2788,"No hay pueblo en el mundo después de los mejichangos que nos tire más mierda que estos moros ibéricos hijos de putas. Gitanos de mierda, jamás me harán quererlos, siempre fueron unos desagradecidos y mala gente con nosotros.","No hay pueblo en el mundo después de los mejichangos que nos tire más mierda que estos moros ibéricos hijos de putas. Gitanos de mierda, jamás me harán quererlos, siempre fueron unos desagradecidos y mala gente con nosotros.",no hay pueblo en el mundo despues de los mejichangos que nos tire mas mierda que estos moros ibericos hijos de putas gitanos de mierda jamas me haran quererlos siempre fueron unos desagradecidos y mala gente con nosotros,Discurso de Odio,2,Racismo,Personas gitanas,NO,NO,NO,224,38,0,0,0,3
2373,Facebook,2026-07-22,USER_2373,las latinas y morenas estan mejor que las crudas,las latinas y morenas estan mejor que las crudas,las latinas y morenas estan mejor que las crudas,Lenguaje Ofensivo,1,Objetificación,Mujeres morenas/latinas,NO,NO,NO,48,9,0,0,0,0
361,X,2026-07-14,USER_361,"Reparto Las Cañas, operativo casa por casa. Ninguna escoria se podrá esconder. Hijos de mareros son quienes están queriendo robarle la paz a la gente honrada. Se los mandaremos al CECOT para que se pudran juntos.","Reparto Las Cañas, operativo casa por casa. Ninguna escoria se podrá esconder. Hijos de mareros son quienes están queriendo robarle la paz a la gente honrada. Se los mandaremos al CECOT para que se pudran juntos.",reparto las canas operativo casa por casa ninguna escoria se podra esconder hijos de mareros son quienes estan queriendo robarle la paz a la gente honrada se los mandaremos al cecot para que se pudran juntos,Amenazas/Violencia,3,Deseo de Daño,Pandilleros/Mareros,NO,NO,NO,212,36,0,0,0,2
1219,Facebook,2026-06-26,USER_1219,Son brutos estos viejos😂,Son brutos estos viejos :cara_llorando_de_risa:,son brutos estos viejos,Lenguaje Ofensivo,1,Insulto Directo,,NO,NO,NO,24,4,1,0,0,1
2630,X,2026-06-04,USER_2630,"""Regalando más dinero para inmigrantes de mierda"". La Aecid destina 500.000 euros a Marruecos para «salud sexual y reproductiva de migrantes Lo que nos faltaba por ver https:// theobjective.com/espana/2026-07 -11/aecid-500000-euros-marruecos-migrantes/ …","""Regalando más dinero para inmigrantes de mierda"". La Aecid destina 500.000 euros a Marruecos para «salud sexual y reproductiva de migrantes Lo que nos faltaba por ver https:// theobjective.com/espana/2026-07 -11/aecid-500000-euros-marruecos-migrantes/ …",regalando mas dinero para inmigrantes de mierda la aecid destina euros a marruecos para salud sexual y reproductiva de migrantes lo que nos faltaba por ver https theobjective com espana aecid euros marruecos migrantes,Discurso de Odio,2,Xenofobia,Personas inmigrantes,NO,NO,NO,254,31,0,0,0,2
2250,Facebook,2026-06-02,USER_2250,Golllll vamos Argentina,Golllll vamos Argentina,golllll vamos argentina,No Tóxico,0,,Personas argentinas,SI,SI,NO,23,3,0,0,0,0
2193,Facebook,2026-06-26,USER_2193,Luis Medina soy Argentino pero tiene razón lo que te digo acá el amigo,Luis Medina soy Argentino pero tiene razón lo que te digo acá el amigo,luis medina soy argentino pero tiene razon lo que te digo aca el amigo,No Tóxico,0,,Personas argentinas,SI,SI,NO,70,14,0,0,0,0
609,Facebook,2026-07-14,USER_609,No Olviden a Costa Rica por favor ..la dispara Salvadoreña somos muchos q ocupamos de Tag .,No Olviden a Costa Rica por favor ..la dispara Salvadoreña somos muchos q ocupamos de Tag .,no olviden a costa rica por favor la dispara salvadorena somos muchos q ocupamos de tag,No Tóxico,0,,,NO,NO,NO,91,17,0,0,0,0
1958,X,2026-06-14,USER_1958,pendejo pelotudo no aguantaría ni un dia en la guerra,pendejo pelotudo no aguantaría ni un dia en la guerra,pendejo pelotudo no aguantaria ni un dia en la guerra,Lenguaje Ofensivo,1,Insulto Directo,Persona Individual,NO,NO,NO,53,10,0,0,0,1
2975,X,2026-06-15,USER_2975,QUE LINDA EPOCA SIN NEGROS DE MIERDA,QUE LINDA EPOCA SIN NEGROS DE MIERDA,que linda epoca sin negros de mierda,Discurso de Odio,2,Racismo,Personas negras o racializadas,NO,NO,NO,36,7,0,0,0,2
253,X,2026-07-14,USER_253,"Hay que se maten entre ellos, El presidente Bukele no Les ha pedido Que implemente el modelo de seguridad de nuestro país. Si a nosotros por fin que nos importa. Lo siento por las vidas inocentes que Se seguirán perdiendo a manos de Los Mareros. Que defiendan los derechos","Hay que se maten entre ellos, El presidente Bukele no Les ha pedido Que implemente el modelo de seguridad de nuestro país. Si a nosotros por fin que nos importa. Lo siento por las vidas inocentes que Se seguirán perdiendo a manos de Los Mareros. Que defiendan los derechos",hay que se maten entre ellos el presidente bukele no les ha pedido que implemente el modelo de seguridad de nuestro pais si a nosotros por fin que nos importa lo siento por las vidas inocentes que se seguiran perdiendo a manos de los mareros que defiendan los derechos,Amenazas/Violencia,3,Deseo de Daño,Pandilleros/Mareros,NO,NO,SÍ,272,49,0,0,0,2
3048,X,2026-06-05,USER_3048,"Sudaca,vosotros los argentinos sois indios de mierda,no estáis para presumir nada","Sudaca,vosotros los argentinos sois indios de mierda,no estáis para presumir nada",sudaca vosotros los argentinos sois indios de mierda no estais para presumir nada,Discurso de Odio,2,Xenofobia,Personas latinoamericanas,NO,NO,NO,81,11,0,0,0,2
1211,Facebook,2026-06-26,USER_1211,Vieja mas bruta asi hay muchas viejas en mi cantona celan al marido hasta con la sombra y de rribete le paran cara a medio mundo los hombres aunque les pongan candado elque es infiel lo seguira ciendo aya la bruta que se deje y esas viejas son peligrosas,Vieja mas bruta asi hay muchas viejas en mi cantona celan al marido hasta con la sombra y de rribete le paran cara a medio mundo los hombres aunque les pongan candado elque es infiel lo seguira ciendo aya la bruta que se deje y esas viejas son peligrosas,vieja mas bruta asi hay muchas viejas en mi cantona celan al marido hasta con la sombra y de rribete le paran cara a medio mundo los hombres aunque les pongan candado elque es infiel lo seguira ciendo aya la bruta que se deje y esas viejas son peligrosas,Lenguaje Ofensivo,1,Insulto Directo,,SÍ,NO,NO,254,49,0,0,0,1
2798,X,2026-06-13,USER_2798,la cantidad innecesaria de negros de mierda que había en la aristides que onda,la cantidad innecesaria de negros de mierda que había en la aristides que onda,la cantidad innecesaria de negros de mierda que habia en la aristides que onda,Discurso de Odio,2,Racismo,Personas negras,NO,NO,NO,78,14,0,0,0,2
1833,X,2026-06-07,USER_1833,"Pero Palomo llora más que cualquier Salvadoreño promedio, hasta parece que un mexicano se cogió a su vieja 🤣🤣🤣","Pero Palomo llora más que cualquier Salvadoreño promedio, hasta parece que un mexicano se cogió a su vieja :cara_revolviéndose_de_la_risa: :cara_revolviéndose_de_la_risa: :cara_revolviéndose_de_la_risa:",pero palomo llora mas que cualquier salvadoreno promedio hasta parece que un mexicano se cogio a su vieja,Lenguaje Ofensivo,1,Insulto Directo,Persona Individual,SÍ,NO,NO,110,19,3,0,0,0
1301,Facebook,2026-07-11,USER_1301,Yo solo entro para decir que me vale jerga,Yo solo entro para decir que me vale jerga,yo solo entro para decir que me vale jerga,Lenguaje Ofensivo,1,Palabras Obscenas,,NO,NO,NO,42,9,0,0,0,0
1531,Facebook,2026-07-26,USER_1531,Demandalo. La ley contra la Violencia a la mujer te ampara. 1. Abuso de autoridad 2. Intimidacion 3. Daño sicologico. 4 Acoso laboral. 5. Amenazas...y sin anda hablando mierdas queriendo denigrarte...peor. Que te valga verga q aqui te digan q para q abriste las patas. Que nadie te haga sentir q sos la culpable. Cuando estos cerotes por meter el pico lo duermen a uno. Anda a la procuraduria a las ya. Al final del dia la criatura no tiene la culpa. Si necesitas apoyo con gusto. Yo no soy madre soltera pero puedo apoyarte. Aqui muchos en vez de apoyarte te van a tirar mierda por a asi de mierda son. Si lees esto te puedo dejar mi numero. Sola no estas. Te paso un contacto q tengo en el MINTRAB,Demandalo. La ley contra la Violencia a la mujer te ampara. 1. Abuso de autoridad 2. Intimidacion 3. Daño sicologico. 4 Acoso laboral. 5. Amenazas...y sin anda hablando mierdas queriendo denigrarte...peor. Que te valga verga q aqui te digan q para q abriste las patas. Que nadie te haga sentir q sos la culpable. Cuando estos cerotes por meter el pico lo duermen a uno. Anda a la procuraduria a las ya. Al final del dia la criatura no tiene la culpa. Si necesitas apoyo con gusto. Yo no soy madre soltera pero puedo apoyarte. Aqui muchos en vez de apoyarte te van a tirar mierda por a asi de mierda son. Si lees esto te puedo dejar mi numero. Sola no estas. Te paso un contacto q tengo en el MINTRAB,demandalo la ley contra la violencia a la mujer te ampara abuso de autoridad intimidacion dano sicologico acoso laboral amenazas y sin anda hablando mierdas queriendo denigrarte peor que te valga verga q aqui te digan q para q abriste las patas que nadie te haga sentir q sos la culpable cuando estos cerotes por meter el pico lo duermen a uno anda a la procuraduria a las ya al final del dia la criatura no tiene la culpa si necesitas apoyo con gusto yo no soy madre soltera pero puedo apoyarte aqui muchos en vez de apoyarte te van a tirar mierda por a asi de mierda son si lees esto te puedo dejar mi numero sola no estas te paso un contacto q tengo en el mintrab,No Tóxico,0,,,NO,NO,NO,699,132,0,0,0,4
245,X,2026-07-14,USER_245,#nayibbukele #educacionsv #maestros #trabajosv El sector de maestros es tratado con indiferencia ya que hasta la hora no ha sido depositado el aguinaldo correspondiente. Que pueden explicar de esto. Aplicará la ley si no cumplen la fecha?,#nayibbukele #educacionsv #maestros #trabajosv El sector de maestros es tratado con indiferencia ya que hasta la hora no ha sido depositado el aguinaldo correspondiente. Que pueden explicar de esto. Aplicará la ley si no cumplen la fecha?,nayibbukele educacionsv maestros trabajosv el sector de maestros es tratado con indiferencia ya que hasta la hora no ha sido depositado el aguinaldo correspondiente que pueden explicar de esto aplicara la ley si no cumplen la fecha,No Tóxico,0,,,NO,NO,SÍ,238,37,0,0,4,1
2104,Facebook,2026-06-04,USER_2104,Chile no es un vegetal que pica?,Chile no es un vegetal que pica?,chile no es un vegetal que pica,No Tóxico,0,,Personas chilenas,SI,NO,NO,32,7,0,0,0,0
601,Facebook,2026-07-14,USER_601,"Feliz inicio de semana, bendiciones .","Feliz inicio de semana, bendiciones .",feliz inicio de semana bendiciones,No Tóxico,0,,,NO,NO,NO,37,6,0,0,0,0
64,X,2026-07-13,USER_064,"El Divino Salvador del Mundo ya ha sido transfigurado, en uno de los momentos más simbólicos y emotivos de las fiestas agostinas. Una tradición que une, conmueve y renueva la esperanza de miles. Encuentra más en https:// bit.ly/4li8qQ1 #FiestasAgostinas #SanSalvador #Sv","El Divino Salvador del Mundo ya ha sido transfigurado, en uno de los momentos más simbólicos y emotivos de las fiestas agostinas. Una tradición que une, conmueve y renueva la esperanza de miles. Encuentra más en https:// bit.ly/4li8qQ1 #FiestasAgostinas #SanSalvador #Sv",el divino salvador del mundo ya ha sido transfigurado en uno de los momentos mas simbolicos y emotivos de las fiestas agostinas una tradicion que une conmueve y renueva la esperanza de miles encuentra mas en https bit ly li qq fiestasagostinas sansalvador sv,No Tóxico,0,,,NO,NO,NO,270,41,0,0,3,0
1063,Facebook,2026-06-14,USER_1063,Como los guanacos son toroes.quieren esclavos estas.bestias,Como los guanacos son toroes.quieren esclavos estas.bestias,como los guanacos son toroes quieren esclavos estas bestias,Discurso de Odio,2,Estigmatización Nacional,Persona Individual,NO,NO,NO,59,7,0,0,0,0
113,X,2026-07-13,USER_113,¿Deseas iniciar tu año emprendiendo una nueva idea de negocio? Proyección Social y Programas Especiales #cemprendematias #elsalvadoremprende,¿Deseas iniciar tu año emprendiendo una nueva idea de negocio? Proyección Social y Programas Especiales #cemprendematias #elsalvadoremprende,deseas iniciar tu ano emprendiendo una nueva idea de negocio proyeccion social y programas especiales cemprendematias elsalvadoremprende,No Tóxico,0,,,NO,NO,NO,140,17,0,0,2,0
2175,Facebook,2026-06-20,USER_2175,Brandon Moliro quien es argentina???,Brandon Moliro quien es argentina???,brandon moliro quien es argentina,No Tóxico,0,,Personas argentinas,SI,SI,NO,36,5,0,0,0,0
1558,X,2026-05-24,USER_1558,Maje si ustedes hacen esas acciones porque son miles mensuales los que se les paga. Mira mi cholero no les queda bien estar defendiendo lo indefendible,Maje si ustedes hacen esas acciones porque son miles mensuales los que se les paga. Mira mi cholero no les queda bien estar defendiendo lo indefendible,maje si ustedes hacen esas acciones porque son miles mensuales los que se les paga mira mi cholero no les queda bien estar defendiendo lo indefendible,Lenguaje Ofensivo,1,Tono Agresivo,Persona Individual,NO,NO,SÍ,151,26,0,0,0,3
295,X,2026-07-14,USER_295,Exterminio total de mareros y compañía...,Exterminio total de mareros y compañía...,exterminio total de mareros y compania,Amenazas/Violencia,3,Incitación a la Violencia,Pandilleros/Mareros,NO,NO,NO,41,6,0,0,0,1
2293,Facebook,2026-07-22,USER_2293,Ya salen todas las focas pedorras diciendo que es pariente de los que están en el cecot ?? no va a faltar la. Foca macarronera que etiquite a Bukulo,Ya salen todas las focas pedorras diciendo que es pariente de los que están en el cecot ?? no va a faltar la. Foca macarronera que etiquite a Bukulo,ya salen todas las focas pedorras diciendo que es pariente de los que estan en el cecot no va a faltar la foca macarronera que etiquite a bukulo,Lenguaje Ofensivo,1,Insulto Directo,Seguidores de Bukele,NO,NO,NO,148,29,0,0,0,2
2409,Facebook,2026-07-23,USER_2409,"-No habran la frontera, se metio un salvadoreño -Zhy apá","-No habran la frontera, se metio un salvadoreño -Zhy apá",no habran la frontera se metio un salvadoreno zhy apa,No Tóxico,0,,Salvadoreños,NO,NO,NO,56,10,0,0,0,0
1008,Facebook,2026-07-24,USER_1008,Honduras no tenía mar le dieron permiso Elsalvador y Nicaragua y hoy dice que es de ellos,Honduras no tenía mar le dieron permiso Elsalvador y Nicaragua y hoy dice que es de ellos,honduras no tenia mar le dieron permiso elsalvador y nicaragua y hoy dice que es de ellos,No Tóxico,0,,,NO,NO,NO,89,17,0,0,0,0
1800,X,2026-06-07,USER_1800,el q se hizo en el salvador es una mierda adios,el q se hizo en el salvador es una mierda adios,el q se hizo en el salvador es una mierda adios,Lenguaje Ofensivo,1,Palabras Obscenas,,NO,NO,NO,47,11,0,0,0,1
2080,Facebook,2026-06-25,USER_2080,Keasco da esa bieja ridicula,Keasco da esa bieja ridicula,keasco da esa bieja ridicula,Lenguaje Ofensivo,1,Insulto Directo,LGBTQ+,SÍ,NO,NO,28,5,0,0,0,0
111,X,2026-07-13,USER_111,El Salvador SUBE 4 posiciones n el Rk de América Latina sobre emprendimiento Fruto dl esfuerzo colectivo #ElSalvadorEmprende @GobSV_Comunica,El Salvador SUBE 4 posiciones n el Rk de América Latina sobre emprendimiento Fruto dl esfuerzo colectivo #ElSalvadorEmprende @usuario,el salvador sube posiciones n el rk de america latina sobre emprendimiento fruto dl esfuerzo colectivo elsalvadoremprende usuario,No Tóxico,0,,,NO,NO,SÍ,140,19,0,1,1,0
3013,X,2026-05-30,USER_3013,Porque las mujeres del reino unido siempre quieren detener la violencia que la empezó este tipo de negros de mierda?,Porque las mujeres del reino unido siempre quieren detener la violencia que la empezó este tipo de negros de mierda?,porque las mujeres del reino unido siempre quieren detener la violencia que la empezo este tipo de negros de mierda,Discurso de Odio,2,Racismo,Personas negras o racializadas,NO,NO,NO,116,20,0,0,0,3
948,Facebook,2026-07-24,USER_948,Dios si es es cierto te ruego que le hagas justicia y que se le mueran más familiares . En ell nombre de Jesús .,Dios si es es cierto te ruego que le hagas justicia y que se le mueran más familiares . En ell nombre de Jesús .,dios si es es cierto te ruego que le hagas justicia y que se le mueran mas familiares en ell nombre de jesus,Amenazas/Violencia,3,Deseo de Daño,Grupo,NO,NO,NO,112,25,0,0,0,1
465,X,2026-07-14,USER_465,"Hay que terminar con los mareros, no los engorden en las cárceles ,, estaremos mas seguro si están bajo tierra","Hay que terminar con los mareros, no los engorden en las cárceles ,, estaremos mas seguro si están bajo tierra",hay que terminar con los mareros no los engorden en las carceles estaremos mas seguro si estan bajo tierra,Amenazas/Violencia,3,Incitación a la Violencia,Pandilleros/Mareros,NO,NO,NO,110,20,0,0,0,2
1036,Facebook,2026-06-10,USER_1036,Gente cerota diciendo que esto no aporta nada ala sociedad o ala juventud. Cómo si el man fuera parte de algún movimiento social o parte de la política del país el yeid la verdad no me cae nada bien pero si algo puedo decir de ese pendejo es que se rebusca por Aser dinero 🫰🏻🤑 ese Maje se está embolsando fácil mente sus 60 mil dólares con ese evento es dinero que ningún Maje que lo está criticando aquí en los comentarios le va Adar. Y existe todo tipo de contenido que la gente consume así como unos vemos futbol otros ven series o algunas mujeres ven novelas hay gente que le gusta consumir contenido de YouTube Haci de fácil. Pero la gente vive confundida queriendo que algo de internet 🛜 sea bueno para la sociedad cuando las cosas buenas para la sociedad las asemos nosotros mismo como personas 👥. Por eso pienso que la gente que se clava es más pendeja que el mismo yeid mientras el ganando buena feria ustedes criticando sin facturar nada 😅🤣,Gente cerota diciendo que esto no aporta nada ala sociedad o ala juventud. Cómo si el man fuera parte de algún movimiento social o parte de la política del país el yeid la verdad no me cae nada bien pero si algo puedo decir de ese pendejo es que se rebusca por Aser dinero :mano_con_dedo_índice_y_pulgar_cruzados: :cara_con_lengua_de_dinero: ese Maje se está embolsando fácil mente sus 60 mil dólares con ese evento es dinero que ningún Maje que lo está criticando aquí en los comentarios le va Adar. Y existe todo tipo de contenido que la gente consume así como unos vemos futbol otros ven series o algunas mujeres ven novelas hay gente que le gusta consumir contenido de YouTube Haci de fácil. Pero la gente vive confundida queriendo que algo de internet :wifi: sea bueno para la sociedad cuando las cosas buenas para la sociedad las asemos nosotros mismo como personas :dos_siluetas_de_bustos: . Por eso pienso que la gente que se clava es más pendeja que el mismo yeid mientras el ganando buena feria ustedes criticando sin facturar nada :cara_sonriendo_con_sudor_frío: :cara_revolviéndose_de_la_risa:,gente cerota diciendo que esto no aporta nada ala sociedad o ala juventud como si el man fuera parte de algun movimiento social o parte de la politica del pais el yeid la verdad no me cae nada bien pero si algo puedo decir de ese pendejo es que se rebusca por aser dinero ese maje se esta embolsando facil mente sus mil dolares con ese evento es dinero que ningun maje que lo esta criticando aqui en los comentarios le va adar y existe todo tipo de contenido que la gente consume asi como unos vemos futbol otros ven series o algunas mujeres ven novelas hay gente que le gusta consumir contenido de youtube haci de facil pero la gente vive confundida queriendo que algo de internet sea bueno para la sociedad cuando las cosas buenas para la sociedad las asemos nosotros mismo como personas por eso pienso que la gente que se clava es mas pendeja que el mismo yeid mientras el ganando buena feria ustedes criticando sin facturar nada,Lenguaje Ofensivo,1,Insulto Directo,,SÍ,SÍ,NO,950,177,6,0,0,6
1658,X,2026-06-02,USER_1658,Vieja mentirosas,Vieja mentirosas,vieja mentirosas,Lenguaje Ofensivo,1,Insulto Directo,Persona Individual,NO,NO,SÍ,16,2,0,0,0,0
2623,X,2026-06-23,USER_2623,"Hijo de puta, Rajoy será todo lo que quieras y te aseguró que menos me gusta a mí que a tí, pero lo que dice lleva más razón que un santo y estamos hasta la polla de que nos metáis inmigrantes de mierda y de cada vez más perder la identidad de país.","Hijo de puta, Rajoy será todo lo que quieras y te aseguró que menos me gusta a mí que a tí, pero lo que dice lleva más razón que un santo y estamos hasta la polla de que nos metáis inmigrantes de mierda y de cada vez más perder la identidad de país.",hijo de puta rajoy sera todo lo que quieras y te aseguro que menos me gusta a mi que a ti pero lo que dice lleva mas razon que un santo y estamos hasta la polla de que nos metais inmigrantes de mierda y de cada vez mas perder la identidad de pais,Discurso de Odio,2,Xenofobia,Personas inmigrantes,NO,NO,NO,249,53,0,0,0,3
2839,X,2026-07-04,USER_2839,"Discapacitados de mierda, encima quieren traer mas retirados como rojo o copetti hijos de remil puta, renuncia angeleri y llevate al dt y al pf y todos los jubilados","Discapacitados de mierda, encima quieren traer mas retirados como rojo o copetti hijos de remil puta, renuncia angeleri y llevate al dt y al pf y todos los jubilados",discapacitados de mierda encima quieren traer mas retirados como rojo o copetti hijos de remil puta renuncia angeleri y llevate al dt y al pf y todos los jubilados,Discurso de Odio,2,Capacitismo,Personas con discapacidad,NO,NO,NO,165,29,0,0,0,2
352,X,2026-07-14,USER_352,100% militares que a los mal paridos de los asesinos mareros. Que se pudran esos hijos de puta. Esa mentalidad de que tienen miedo a los militares es estupido y son gentes que algo tienen. Si no debes nada por que tener miedo. “Que debes?”,"100% militares que a los mal paridos de los asesinos mareros. Que se pudran esos hijos de puta. Esa mentalidad de que tienen miedo a los militares es estupido y son gentes que algo tienen. Si no debes nada por que tener miedo. ""Que debes?""",militares que a los mal paridos de los asesinos mareros que se pudran esos hijos de puta esa mentalidad de que tienen miedo a los militares es estupido y son gentes que algo tienen si no debes nada por que tener miedo que debes,Amenazas/Violencia,3,Deseo de Daño,Pandilleros/Mareros,NO,NO,NO,239,45,0,0,0,3
638,Facebook,2026-07-14,USER_638,Muy bien España,Muy bien España,muy bien espana,No Tóxico,0,,,NO,NO,NO,15,3,0,0,0,0
1169,Facebook,2026-06-26,USER_1169,Por pasmadas hoy les ba a tronar en vez de dar gracias a Dios por el trabajo,Por pasmadas hoy les ba a tronar en vez de dar gracias a Dios por el trabajo,por pasmadas hoy les ba a tronar en vez de dar gracias a dios por el trabajo,Lenguaje Ofensivo,1,Insulto Directo,Persona Individual,SÍ,NO,NO,76,17,0,0,0,0
2267,Facebook,2026-06-16,USER_2267,"¡BUENAS!Quiero decir a la comunidad call centera la triste realidad de FUSION BPO SERVICES, El día de ayer cerró una de sus cuentas más antiguas que tenía, sin embargo como es costumbre nos comenzaron a transferir de cuentas a unos y otros fueron despedidos, y no solo eso sino que la mayoría de casos por no decir todos, NADIE se nos acercó para decir cuando comienza el training para la cuenta nueva. Aparte que quieren hacerce los locos con el pago de INDEMNIZACIÓN Y COMISIONES PENDIENTES. Ellos acusan que el cliente no paga y que ellos no pueden pagar, cuando sabemos que la indemnización y comisión viene de ellos, El don FRANCISCO, quien es una persona sin ética y que no hace ni mie.... Como todos los de su cargo, no quiere pagar NADA, como si de su bolsillo saliera el dinero. No basta las horribles instalaciones y el tufo a mota y que los manager anden viendo q nuevo qlo darse ( cosa que pasa mucho allí )sino este tipo de patrañas. Te dan LOA sin tiempo definido. Lo más chistoso es que tienen un verrrg de DEMANDAS y aún así siguen kgndla, No trabajen con INDIOS no pagan. Fusion CX - El Salvador Ministerio de Trabajo El Salvador","¡BUENAS!Quiero decir a la comunidad call centera la triste realidad de FUSION BPO SERVICES, El día de ayer cerró una de sus cuentas más antiguas que tenía, sin embargo como es costumbre nos comenzaron a transferir de cuentas a unos y otros fueron despedidos, y no solo eso sino que la mayoría de casos por no decir todos, NADIE se nos acercó para decir cuando comienza el training para la cuenta nueva. Aparte que quieren hacerce los locos con el pago de INDEMNIZACIÓN Y COMISIONES PENDIENTES. Ellos acusan que el cliente no paga y que ellos no pueden pagar, cuando sabemos que la indemnización y comisión viene de ellos, El don FRANCISCO, quien es una persona sin ética y que no hace ni mie.... Como todos los de su cargo, no quiere pagar NADA, como si de su bolsillo saliera el dinero. No basta las horribles instalaciones y el tufo a mota y que los manager anden viendo q nuevo qlo darse ( cosa que pasa mucho allí )sino este tipo de patrañas. Te dan LOA sin tiempo definido. Lo más chistoso es que tienen un verrrg de DEMANDAS y aún así siguen kgndla, No trabajen con INDIOS no pagan. Fusion CX - El Salvador Ministerio de Trabajo El Salvador",buenas quiero decir a la comunidad call centera la triste realidad de fusion bpo services el dia de ayer cerro una de sus cuentas mas antiguas que tenia sin embargo como es costumbre nos comenzaron a transferir de cuentas a unos y otros fueron despedidos y no solo eso sino que la mayoria de casos por no decir todos nadie se nos acerco para decir cuando comienza el training para la cuenta nueva aparte que quieren hacerce los locos con el pago de indemnizacion y comisiones pendientes ellos acusan que el cliente no paga y que ellos no pueden pagar cuando sabemos que la indemnizacion y comision viene de ellos el don francisco quien es una persona sin etica y que no hace ni mie como todos los de su cargo no quiere pagar nada como si de su bolsillo saliera el dinero no basta las horribles instalaciones y el tufo a mota y que los manager anden viendo q nuevo qlo darse cosa que pasa mucho alli sino este tipo de patranas te dan loa sin tiempo definido lo mas chistoso es que tienen un verrrg de demandas y aun asi siguen kgndla no trabajen con indios no pagan fusion cx el salvador ministerio de trabajo el salvador,Discurso de Odio,2,Racismo,Personas en situación de pobreza o precariedad,SI,SI,NO,1146,210,0,0,0,3
1059,Facebook,2026-06-10,USER_1059,Clausuren esa basura de programa,Clausuren esa basura de programa,clausuren esa basura de programa,Lenguaje Ofensivo,1,Insulto Directo,,NO,NO,NO,32,5,0,0,0,1
2110,Facebook,2026-06-11,USER_2110,Zona Concacaf y será peor si Argentina llega a obtener el título el domingo.,Zona Concacaf y será peor si Argentina llega a obtener el título el domingo.,zona concacaf y sera peor si argentina llega a obtener el titulo el domingo,No Tóxico,0,,Personas argentinas,SI,SI,NO,76,14,0,0,0,0
25,X,2026-07-13,USER_025,"Esta iniciativa impulsa el crecimiento de emprendimientos locales, fortaleciendo la economía y generando más oportunidades de empleo. ¡Seguimos apoyando el desarrollo empresarial en El Salvador! Más https:// shorturl.at/cWysS #EmprendimientoSV #ReactivaciónEconómica #PNUDSV","Esta iniciativa impulsa el crecimiento de emprendimientos locales, fortaleciendo la economía y generando más oportunidades de empleo. ¡Seguimos apoyando el desarrollo empresarial en El Salvador! Más https:// shorturl.at/cWysS #EmprendimientoSV #ReactivaciónEconómica #PNUDSV",esta iniciativa impulsa el crecimiento de emprendimientos locales fortaleciendo la economia y generando mas oportunidades de empleo seguimos apoyando el desarrollo empresarial en el salvador mas https shorturl at cwyss emprendimientosv reactivacioneconomica pnudsv,No Tóxico,0,,,NO,NO,NO,274,31,0,0,3,0
2749,X,2026-07-12,USER_2749,"El problema no son lo ilegales, sino todos los inmigrantes. Desde Julián Victoria a Garriga y su madre. No le vais a colar a nadie que os importa España cuando pensáis que cualquier puede ser español, judíos de mierda.","El problema no son lo ilegales, sino todos los inmigrantes. Desde Julián Victoria a Garriga y su madre. No le vais a colar a nadie que os importa España cuando pensáis que cualquier puede ser español, judíos de mierda.",el problema no son lo ilegales sino todos los inmigrantes desde julian victoria a garriga y su madre no le vais a colar a nadie que os importa espana cuando pensais que cualquier puede ser espanol judios de mierda,Discurso de Odio,2,Antisemitismo,Personas judi­as,NO,NO,NO,218,39,0,0,0,2
63,X,2026-07-13,USER_063,"¡El Tagadá no perdona! Saltos, risas y gritos son parte del combo en este clásico de las ferias. Ya sea que te subas o solo mires… el Tagadá siempre da show. Encuentra más en https:// bit.ly/4li8qQ1 #FiestasAgostinas #SanSalvador #Sivarland","¡El Tagadá no perdona! Saltos, risas y gritos son parte del combo en este clásico de las ferias. Ya sea que te subas o solo mires… el Tagadá siempre da show. Encuentra más en https:// bit.ly/4li8qQ1 #FiestasAgostinas #SanSalvador #Sivarland",el tagada no perdona saltos risas y gritos son parte del combo en este clasico de las ferias ya sea que te subas o solo mires el tagada siempre da show encuentra mas en https bit ly li qq fiestasagostinas sansalvador sivarland,No Tóxico,0,,,NO,NO,NO,240,39,0,0,3,0
613,Facebook,2026-07-14,USER_613,Son básicamente aviones charters!!!,Son básicamente aviones charters!!!,son basicamente aviones charters,No Tóxico,0,,,NO,NO,NO,35,4,0,0,0,0
1392,Facebook,2026-06-25,USER_1392,Mierdas huevonas mantenidos,Mierdas huevonas mantenidos,mierdas huevonas mantenidos,Lenguaje Ofensivo,1,Insulto Directo,Persona Individual,NO,NO,NO,27,3,0,0,0,0
330,X,2026-07-14,USER_330,@An0nymousGT pidamos la pena de muerte pronunciemos xq todos los mareros ya solo merecen la muerte mucha maldad de ellos,@usuario pidamos la pena de muerte pronunciemos xq todos los mareros ya solo merecen la muerte mucha maldad de ellos,usuario pidamos la pena de muerte pronunciemos xq todos los mareros ya solo merecen la muerte mucha maldad de ellos,Amenazas/Violencia,3,Deseo de Daño,Pandilleros/Mareros,NO,NO,NO,120,20,0,1,0,1
1237,Facebook,2026-06-26,USER_1237,Delen vidrio molido a ese mrda,Delen vidrio molido a ese mrda,delen vidrio molido a ese mrda,Amenazas/Violencia,3,Deseo de Daño/Sufrimiento,Medios de Comunicación,SÍ,NO,NO,30,6,0,0,0,0
1198,Facebook,2026-06-26,USER_1198,Ano arriba la tenían a ella 🤣🤣🤣,Ano arriba la tenían a ella :cara_revolviéndose_de_la_risa: :cara_revolviéndose_de_la_risa: :cara_revolviéndose_de_la_risa:,ano arriba la tenian a ella,Lenguaje Ofensivo,1,Palabras Obscenas,Persona Individual,NO,NO,NO,31,7,3,0,0,0
1946,X,2026-06-14,USER_1946,"Eres muy estúpido querido gringo, el ser humano instintivamente intenta escapar cuando es increpado repentinamente, por eso el proceso contra un NO CRIMINAL debe ser formal y pacífico 🥱 si quieres podemos probar un día contigo","Eres muy estúpido querido gringo, el ser humano instintivamente intenta escapar cuando es increpado repentinamente, por eso el proceso contra un NO CRIMINAL debe ser formal y pacífico :cara_de_bostezo: si quieres podemos probar un día contigo",eres muy estupido querido gringo el ser humano instintivamente intenta escapar cuando es increpado repentinamente por eso el proceso contra un no criminal debe ser formal y pacifico si quieres podemos probar un dia contigo,Lenguaje Ofensivo,1,Insulto Directo,Persona Individual,NO,NO,SÍ,226,36,1,0,0,0
81,X,2026-07-13,USER_081,¿Con qué acompañarías estos ricos “rollitos de verdura con carne de res”? ¡Continúa en nuestra sintonía! #LaChilena #ComidaSalvadoreña,"¿Con qué acompañarías estos ricos ""rollitos de verdura con carne de res""? ¡Continúa en nuestra sintonía! #LaChilena #ComidaSalvadoreña",con que acompanarias estos ricos rollitos de verdura con carne de res continua en nuestra sintonia lachilena comidasalvadorena,No Tóxico,0,,,NO,NO,NO,134,18,0,0,2,1
346,X,2026-07-14,USER_346,"Que revise las cifras a ver qué encuentra, ya nos estamos acostumbrando a no ver mareros HDP en las calles y ojalá se pudran en la cárcel!","Que revise las cifras a ver qué encuentra, ya nos estamos acostumbrando a no ver mareros HDP en las calles y ojalá se pudran en la cárcel!",que revise las cifras a ver que encuentra ya nos estamos acostumbrando a no ver mareros hdp en las calles y ojala se pudran en la carcel,Amenazas/Violencia,3,Deseo de Daño,Pandilleros/Mareros,NO,NO,SÍ,138,27,0,0,0,2
2074,Facebook,2026-07-11,USER_2074,Pues mentira no dijo solo gente falta apoya a ese tipo de personas mi3rd@,Pues mentira no dijo solo gente falta apoya a ese tipo de personas mi3rd@,pues mentira no dijo solo gente falta apoya a ese tipo de personas mi rd,Lenguaje Ofensivo,1,Insulto Directo,,NO,NO,SÍ,73,14,0,0,0,0
1331,Facebook,2026-06-25,USER_1331,Mejor k siga chupando en El garrobo Feliz jiiiiiiiiiiiiiiiiiiiii con el enano panzon k dice k baila,Mejor k siga chupando en El garrobo Feliz jiiiiiiiiiiiiiiiiiiiii con el enano panzon k dice k baila,mejor k siga chupando en el garrobo feliz jiiiiiiiiiiiiiiiiiiiii con el enano panzon k dice k baila,Lenguaje Ofensivo,1,Insulto Directo,Persona Individual,NO,NO,NO,99,17,0,0,0,1
3052,X,2026-06-16,USER_3052,"Pq los ingleses eliminaron a tus jugadores, mis jugadores eliminaron a los ingleses. Estamos lejos de ser como ustedes indios de mierda.","Pq los ingleses eliminaron a tus jugadores, mis jugadores eliminaron a los ingleses. Estamos lejos de ser como ustedes indios de mierda.",pq los ingleses eliminaron a tus jugadores mis jugadores eliminaron a los ingleses estamos lejos de ser como ustedes indios de mierda,Discurso de Odio,2,Racismo,Personas latinoamericanas,NO,NO,NO,136,22,0,0,0,2
2652,X,2026-07-06,USER_2652,"Sigo diciendo , pinches venezolanos de mierda malagradecidos","Sigo diciendo , pinches venezolanos de mierda malagradecidos",sigo diciendo pinches venezolanos de mierda malagradecidos,Discurso de Odio,2,Xenofobia,Personas venezolanas,NO,NO,NO,60,8,0,0,0,2
3051,X,2026-06-24,USER_3051,"Y como no la van a perder si nunca han tenido Guebos para nada, ni en la vida, ni en lo cultural, ni en el Fulbo. INDIOS DE MIERDA, MARIGUANEROS, DROGADICTOS","Y como no la van a perder si nunca han tenido Guebos para nada, ni en la vida, ni en lo cultural, ni en el Fulbo. INDIOS DE MIERDA, MARIGUANEROS, DROGADICTOS",y como no la van a perder si nunca han tenido guebos para nada ni en la vida ni en lo cultural ni en el fulbo indios de mierda mariguaneros drogadictos,Discurso de Odio,2,Racismo,Personas latinoamericanas,NO,NO,NO,157,31,0,0,0,2
1515,Facebook,2026-07-26,USER_1515,Gent3 más pendeja y después cuando quieras construir de dónde vas a sacar arena pedazo de mierda,Gent3 más pendeja y después cuando quieras construir de dónde vas a sacar arena pedazo de mierda,gent mas pendeja y despues cuando quieras construir de donde vas a sacar arena pedazo de mierda,Lenguaje Ofensivo,1,Insulto Directo,,NO,NO,NO,96,17,0,0,0,2
106,X,2026-07-13,USER_106,#SanMiguelSV Un acto considerado insólito e irresponsable quedó en evidencia cuando un taxista bloqueó una calle transitada en San Miguel. La acción generó retrasos y malestar entre automovilistas. Conductores exigen sanciones ejemplares para evitar que se repita.,#SanMiguelSV Un acto considerado insólito e irresponsable quedó en evidencia cuando un taxista bloqueó una calle transitada en San Miguel. La acción generó retrasos y malestar entre automovilistas. Conductores exigen sanciones ejemplares para evitar que se repita.,sanmiguelsv un acto considerado insolito e irresponsable quedo en evidencia cuando un taxista bloqueo una calle transitada en san miguel la accion genero retrasos y malestar entre automovilistas conductores exigen sanciones ejemplares para evitar que se repita,No Tóxico,0,,,NO,NO,NO,264,37,0,0,1,0
2880,X,2026-05-29,USER_2880,"No son sus hogares, son hogares de los irlandeses que los inmigrantes de mierda les quitaron","No son sus hogares, son hogares de los irlandeses que los inmigrantes de mierda les quitaron",no son sus hogares son hogares de los irlandeses que los inmigrantes de mierda les quitaron,Discurso de Odio,2,Xenofobia,Personas inmigrantes,NO,NO,NO,92,16,0,0,0,2
1933,X,2026-06-14,USER_1933,Hay que ser muy ignorante para aplaudir esto. Festejar que un inepto utilizo los recursos del País para su propio beneficio y volver mierda más el país. Ser de izquierda e ignorante es algo que se tiene que exterminar en Colombia.,Hay que ser muy ignorante para aplaudir esto. Festejar que un inepto utilizo los recursos del País para su propio beneficio y volver mierda más el país. Ser de izquierda e ignorante es algo que se tiene que exterminar en Colombia.,hay que ser muy ignorante para aplaudir esto festejar que un inepto utilizo los recursos del pais para su propio beneficio y volver mierda mas el pais ser de izquierda e ignorante es algo que se tiene que exterminar en colombia,Lenguaje Ofensivo,1,Tono Agresivo,Funcionarios Públicos,NO,NO,SÍ,230,41,0,0,0,3
2679,X,2026-06-29,USER_2679,Con negros de mierda como ustedes siempre !,Con negros de mierda como ustedes siempre !,con negros de mierda como ustedes siempre,Discurso de Odio,2,Racismo,Personas negras,NO,NO,NO,43,8,0,0,0,3
2284,Facebook,2026-07-21,USER_2284,"Literal apoyan a los que literalmente colonizaron el continente JAJJA y odian a un país que ayudó a que se libere el sur, tienen la cabecita lavada por USA y las redes niños","Literal apoyan a los que literalmente colonizaron el continente JAJJA y odian a un país que ayudó a que se libere el sur, tienen la cabecita lavada por USA y las redes niños",literal apoyan a los que literalmente colonizaron el continente jajja y odian a un pais que ayudo a que se libere el sur tienen la cabecita lavada por usa y las redes ninos,Lenguaje Ofensivo,1,Insulto Directo,Españoles,NO,SI,NO,173,33,0,0,0,0
322,X,2026-07-14,USER_322,VAMOS PRESIDENTE NONOES DEN NI COMIDA ALOS PRESOS MAREROS QUE SUFRAN¡¡ QUE MATAN A UN CIUDADANO COBRELES EL.TRIPLE ALOS PRESOS,VAMOS PRESIDENTE NONOES DEN NI COMIDA ALOS PRESOS MAREROS QUE SUFRAN¡¡ QUE MATAN A UN CIUDADANO COBRELES EL.TRIPLE ALOS PRESOS,vamos presidente nonoes den ni comida alos presos mareros que sufran que matan a un ciudadano cobreles el triple alos presos,Amenazas/Violencia,3,Deseo de Daño,Pandilleros/Mareros,NO,NO,SÍ,126,20,0,0,0,1
1909,X,2026-07-08,USER_1909,"Y lo peor es que le hacen un video el hp vendiéndolo como el salvador del medellín, por Dios","Y lo peor es que le hacen un video el hp vendiéndolo como el salvador del medellín, por Dios",y lo peor es que le hacen un video el hp vendiendolo como el salvador del medellin por dios,Lenguaje Ofensivo,1,Insulto Directo,Persona Individual,SÍ,NO,NO,92,19,0,0,0,0
2083,Facebook,2026-06-25,USER_2083,Que p3nd3jad∆∆∆∆∆∆∆∆∆∆∆∆ ya no allan como mendigar un centavos y los pndjos 😂✌🏾 q le siguen jajajajaj,Que p3nd3jad∆∆∆∆∆∆∆∆∆∆∆∆ ya no allan como mendigar un centavos y los pndjos :cara_llorando_de_risa: :mano_con_señal_de_victoria: q le siguen jajajajaj,que p nd jad ya no allan como mendigar un centavos y los pndjos q le siguen jajajajaj,Lenguaje Ofensivo,1,Insulto Directo,Pueblos Indígenas,NO,NO,NO,101,17,2,0,0,0
2289,Facebook,2026-07-23,USER_2289,"típico de un creyente más retrasado hijueputa como vos, van los domingos a la iglesia y le desean la muerte al prójimo el mismo día, semejante hijueputa basura","típico de un creyente más retrasado hijueputa como vos, van los domingos a la iglesia y le desean la muerte al prójimo el mismo día, semejante hijueputa basura",tipico de un creyente mas retrasado hijueputa como vos van los domingos a la iglesia y le desean la muerte al projimo el mismo dia semejante hijueputa basura,Lenguaje Ofensivo,1,Insulto Directo,Cristianos,NO,NO,NO,159,28,0,0,0,2
1291,Facebook,2026-07-12,USER_1291,"Hasta que al fin hacen algo bueno los salvadoreños, NO APOYAR A PARÁSITOS, me asombran, ya van usándo la materia gris👌🏻","Hasta que al fin hacen algo bueno los salvadoreños, NO APOYAR A PARÁSITOS, me asombran, ya van usándo la materia gris :señal_de_aprobación_con_la_mano:",hasta que al fin hacen algo bueno los salvadorenos no apoyar a parasitos me asombran ya van usando la materia gris,Lenguaje Ofensivo,1,Insulto Directo,,NO,NO,SÍ,119,21,1,0,0,1
1939,X,2026-06-14,USER_1939,"Si no sabes de fútbol callate lamputa boca simio es y será el mejor de la historia ,declarado y reconocido por los mejores futbolistas del ayer y hoy y tú quién mierda eres folla cabras? A quien le haz ganado fracasado?","Si no sabes de fútbol callate lamputa boca simio es y será el mejor de la historia ,declarado y reconocido por los mejores futbolistas del ayer y hoy y tú quién mierda eres folla cabras? A quien le haz ganado fracasado?",si no sabes de futbol callate lamputa boca simio es y sera el mejor de la historia declarado y reconocido por los mejores futbolistas del ayer y hoy y tu quien mierda eres folla cabras a quien le haz ganado fracasado,Lenguaje Ofensivo,1,Insulto Directo,Persona Individual,NO,NO,NO,219,41,0,0,0,1
1072,Facebook,2026-06-14,USER_1072,Sekeira coma mieeeerrr jajajajajajaa,Sekeira coma mieeeerrr jajajajajajaa,sekeira coma mieeeerrr jajajajajajaa,Lenguaje Ofensivo,1,Palabras Obscenas,Persona Individual,SÍ,NO,NO,36,4,0,0,0,0
586,Facebook,2026-07-14,USER_586,Tan guapa como siempre,Tan guapa como siempre,tan guapa como siempre,No Tóxico,0,,,NO,NO,NO,22,4,0,0,0,0
2207,Facebook,2026-06-11,USER_2207,"Pregunta seria y sin tirar hate por favor. Si Argentina gana el Mundial, se viene el 9no balón de oro?","Pregunta seria y sin tirar hate por favor. Si Argentina gana el Mundial, se viene el 9no balón de oro?",pregunta seria y sin tirar hate por favor si argentina gana el mundial se viene el no balon de oro,No Tóxico,0,,Personas argentinas,SI,SI,NO,102,20,0,0,0,0
2478,Facebook,2026-07-20,USER_2478,"las personas que leen la biblia se cree superior a otras, mira tuu","las personas que leen la biblia se cree superior a otras, mira tuu",las personas que leen la biblia se cree superior a otras mira tuu,No Tóxico,0,,Cristianos,NO,NO,NO,66,13,0,0,0,0
2355,Facebook,2026-07-23,USER_2355,Salio cara la batida de frijoles jajaja,Salio cara la batida de frijoles jajaja,salio cara la batida de frijoles jajaja,Lenguaje Ofensivo,1,Palabras Obscenas,Personas LGBT,NO,NO,NO,39,7,0,0,0,0
1018,Facebook,2026-07-24,USER_1018,del autor Rene pura uva I algunos integrantes del grupo bronco,del autor Rene pura uva I algunos integrantes del grupo bronco,del autor rene pura uva i algunos integrantes del grupo bronco,No Tóxico,0,,,NO,NO,NO,62,11,0,0,0,0
121,X,2026-07-13,USER_121,"Amigos, estás son ocasiones donde debemos aprovechar para mostrar looks atrevidos. Sino lograron encontrar su ropa, les dejamos dos ideas para salir radiante y moderno en el sismo. #modasv #fashion #Fashionblogger #ModaSismica #ModaSivar","Amigos, estás son ocasiones donde debemos aprovechar para mostrar looks atrevidos. Sino lograron encontrar su ropa, les dejamos dos ideas para salir radiante y moderno en el sismo. #modasv #fashion #Fashionblogger #ModaSismica #ModaSivar",amigos estas son ocasiones donde debemos aprovechar para mostrar looks atrevidos sino lograron encontrar su ropa les dejamos dos ideas para salir radiante y moderno en el sismo modasv fashion fashionblogger modasismica modasivar,No Tóxico,0,,,NO,NO,NO,237,33,0,0,5,0
1576,X,2026-05-24,USER_1576,Si la coloccha hubiera decidido chuparle los huevos a drogokele adonde cree uated q estaría mínimo fuera diputada ...piense ?,Si la coloccha hubiera decidido chuparle los huevos a drogokele adonde cree uated q estaría mínimo fuera diputada ...piense ?,si la coloccha hubiera decidido chuparle los huevos a drogokele adonde cree uated q estaria minimo fuera diputada piense,Lenguaje Ofensivo,1,Palabras Obscenas,Persona Individual,SÍ,SÍ,SÍ,125,20,0,0,0,0
1734,X,2026-06-04,USER_1734,Eso no es en el salvador... PENDEJO IGNORANTE 🤣🤣🤣🤣🤣,Eso no es en el salvador... PENDEJO IGNORANTE :cara_revolviéndose_de_la_risa: :cara_revolviéndose_de_la_risa: :cara_revolviéndose_de_la_risa: :cara_revolviéndose_de_la_risa: :cara_revolviéndose_de_la_risa:,eso no es en el salvador pendejo ignorante,Lenguaje Ofensivo,1,Insulto Directo,Persona Individual,SÍ,NO,NO,51,9,5,0,0,2
1102,Facebook,2026-06-24,USER_1102,Ya Batman necesitaba más polvo para sus narices,Ya Batman necesitaba más polvo para sus narices,ya batman necesitaba mas polvo para sus narices,Lenguaje Ofensivo,1,Crítica Fuerte,Funcionarios Públicos,SÍ,NO,SÍ,47,8,0,0,0,0
2770,X,2026-07-07,USER_2770,Si son los moros de mierda les dejan hacer lo que les salga de los huevos como siempre,Si son los moros de mierda les dejan hacer lo que les salga de los huevos como siempre,si son los moros de mierda les dejan hacer lo que les salga de los huevos como siempre,Discurso de Odio,2,Islamofobia,Personas musulmanas,NO,NO,NO,86,18,0,0,0,1
1490,Facebook,2026-07-26,USER_1490,Pendejos ridículos sigan soñando despiertos,Pendejos ridículos sigan soñando despiertos,pendejos ridiculos sigan sonando despiertos,Lenguaje Ofensivo,1,Insulto Directo,,SÍ,NO,SÍ,43,5,0,0,0,1
944,Facebook,2026-07-24,USER_944,Montale verga vas a ver como de repente le dan ganas de escuchar musica a volumen de gente xd,Montale verga vas a ver como de repente le dan ganas de escuchar musica a volumen de gente xd,montale verga vas a ver como de repente le dan ganas de escuchar musica a volumen de gente xd,Amenazas/Violencia,3,Incitación a la Violencia,Individuo,NO,NO,NO,93,19,0,0,0,1
1925,X,2026-06-14,USER_1925,HDP mas Imbecil este pelotudo de @inakiangulo se dice q es periodista y no sabe q El Salvador y Honduras son países diferentes con razón no hay árbitros españoles si son así como este pelotudo,HDP mas Imbecil este pelotudo de @usuario se dice q es periodista y no sabe q El Salvador y Honduras son países diferentes con razón no hay árbitros españoles si son así como este pelotudo,hdp mas imbecil este pelotudo de usuario se dice q es periodista y no sabe q el salvador y honduras son paises diferentes con razon no hay arbitros espanoles si son asi como este pelotudo,Lenguaje Ofensivo,1,Insulto Directo,Persona Individual,NO,NO,SÍ,192,35,0,1,0,3
404,X,2026-07-14,USER_404,A esos mareros hijos de puta deberían darles bocado y mataratas,A esos mareros hijos de puta deberían darles bocado y mataratas,a esos mareros hijos de puta deberian darles bocado y mataratas,Amenazas/Violencia,3,Incitación a la Violencia,Pandilleros/Mareros,NO,NO,NO,63,11,0,0,0,2
879,Facebook,2026-07-19,USER_879,Bueno sin pruebas pero lo Que está a la vista no nesecita anteojos si Que para el cecot carne Fresca.,Bueno sin pruebas pero lo Que está a la vista no nesecita anteojos si Que para el cecot carne Fresca.,bueno sin pruebas pero lo que esta a la vista no nesecita anteojos si que para el cecot carne fresca,Amenazas/Violencia,3,Deseo de Daño,Señalado como delincuente,NO,NO,NO,101,20,0,0,0,0
1026,Facebook,2026-07-24,USER_1026,Gabriel Ramirez hasta dormido se quedó el angelito jajja se la Va a comer toda ahora,Gabriel Ramirez hasta dormido se quedó el angelito jajja se la Va a comer toda ahora,gabriel ramirez hasta dormido se quedo el angelito jajja se la va a comer toda ahora,No Tóxico,0,,,NO,NO,NO,84,16,0,0,0,0
2554,Facebook,2026-07-24,USER_2554,Bien raro porque tu cara lenca pipíl dice otra versión. Pareces más aguacatero que firulay,Bien raro porque tu cara lenca pipíl dice otra versión. Pareces más aguacatero que firulay,bien raro porque tu cara lenca pipil dice otra version pareces mas aguacatero que firulay,Discurso de Odio,2,Racismo,Indígenas,NO,NO,NO,90,15,0,0,0,1
1669,X,2026-06-02,USER_1669,PUTA Y ENTONCES LES VAN A DEJAR TODO QUE LO AGA EL GOBIERNO PUTA PONGAN TAMBIEN USYEDEA NO JODAN,PUTA Y ENTONCES LES VAN A DEJAR TODO QUE LO AGA EL GOBIERNO PUTA PONGAN TAMBIEN USYEDEA NO JODAN,puta y entonces les van a dejar todo que lo aga el gobierno puta pongan tambien usyedea no jodan,Lenguaje Ofensivo,1,Palabras Obscenas,,NO,NO,SÍ,96,19,0,0,0,1
2870,X,2026-06-15,USER_2870,"Un libertario defendiendo inmigrantes de mierda... no estaban muy lejos de los kirchneristas eh, como se les cae la careta cada vez más a ustedes.","Un libertario defendiendo inmigrantes de mierda... no estaban muy lejos de los kirchneristas eh, como se les cae la careta cada vez más a ustedes.",un libertario defendiendo inmigrantes de mierda no estaban muy lejos de los kirchneristas eh como se les cae la careta cada vez mas a ustedes,Discurso de Odio,2,Xenofobia,Personas inmigrantes,NO,NO,NO,146,25,0,0,0,2
1103,Facebook,2026-06-24,USER_1103,Ya va andar bien pedo el wichito q no le falla,Ya va andar bien pedo el wichito q no le falla,ya va andar bien pedo el wichito q no le falla,Lenguaje Ofensivo,1,Tono Agresivo,Funcionarios Públicos,SÍ,NO,SÍ,46,11,0,0,0,1
2916,X,2026-05-31,USER_2916,"Dije ""letrinoamericanos"", osea todos los inmigrantes de mierda.","Dije ""letrinoamericanos"", osea todos los inmigrantes de mierda.",dije letrinoamericanos osea todos los inmigrantes de mierda,Discurso de Odio,2,Xenofobia,Personas inmigrantes,NO,NO,NO,63,8,0,0,0,2
968,Facebook,2026-07-24,USER_968,Pero perdón por mi palabra pero yo tengo la razón si su familia los mamás y los papás no educaron a sus hijos no es problema del gobierno fueron ustedes mismos que dejaron que sus hijos andarán en la calle molestando a otra gente yo por la culpa de ellos yo perdí un amigo y un hermano para mí así que para mí que sufran donde ellos están en la cárcel donde se merece estar,Pero perdón por mi palabra pero yo tengo la razón si su familia los mamás y los papás no educaron a sus hijos no es problema del gobierno fueron ustedes mismos que dejaron que sus hijos andarán en la calle molestando a otra gente yo por la culpa de ellos yo perdí un amigo y un hermano para mí así que para mí que sufran donde ellos están en la cárcel donde se merece estar,pero perdon por mi palabra pero yo tengo la razon si su familia los mamas y los papas no educaron a sus hijos no es problema del gobierno fueron ustedes mismos que dejaron que sus hijos andaran en la calle molestando a otra gente yo por la culpa de ellos yo perdi un amigo y un hermano para mi asi que para mi que sufran donde ellos estan en la carcel donde se merece estar,Amenazas/Violencia,3,Deseo de Daño,Grupo,NO,NO,NO,373,75,0,0,0,0
1582,X,2026-05-24,USER_1582,Crees que se va ir? si aquí lo tienen bien pagado por pasar lamiendo huevos del gobierno,Crees que se va ir? si aquí lo tienen bien pagado por pasar lamiendo huevos del gobierno,crees que se va ir si aqui lo tienen bien pagado por pasar lamiendo huevos del gobierno,Lenguaje Ofensivo,1,Insulto Directo,Persona Individual,SÍ,NO,SÍ,88,17,0,0,0,0
2112,Facebook,2026-07-10,USER_2112,"Enzo Herrera adermicina, estoy seguro de que esta noticia es solo el comienzo de grandes logros para la selección argentina, ¡felicitaciones!","Enzo Herrera adermicina, estoy seguro de que esta noticia es solo el comienzo de grandes logros para la selección argentina, ¡felicitaciones!",enzo herrera adermicina estoy seguro de que esta noticia es solo el comienzo de grandes logros para la seleccion argentina felicitaciones,No Tóxico,0,,Personas argentinas,SI,SI,NO,141,21,0,0,0,0
1056,Facebook,2026-06-10,USER_1056,Cae más bien la mami nena malcriada la señora pero es mejor que ver a estupidonsqui,Cae más bien la mami nena malcriada la señora pero es mejor que ver a estupidonsqui,cae mas bien la mami nena malcriada la senora pero es mejor que ver a estupidonsqui,Lenguaje Ofensivo,1,Insulto Directo,Persona Individual,SÍ,SÍ,NO,83,16,0,0,0,0
2950,X,2026-06-29,USER_2950,GOOOOOOOOOOOOOLLLLLLLLLL LA CONCHA DE TU HERMANA VENEZOLANOS DE MIERDA!!!!!!! VAMOS GORDO,GOOOOOOOOOOOOOLLLLLLLLLL LA CONCHA DE TU HERMANA VENEZOLANOS DE MIERDA!!!!!!! VAMOS GORDO,gooooooooooooollllllllll la concha de tu hermana venezolanos de mierda vamos gordo,Discurso de Odio,2,Xenofobia,Personas inmigrantes,NO,NO,NO,89,11,0,0,0,1
1674,X,2026-06-02,USER_1674,Estos gorgojos hdp no hayan que hablar .,Estos gorgojos hdp no hayan que hablar .,estos gorgojos hdp no hayan que hablar,Lenguaje Ofensivo,1,Insulto Directo,,NO,NO,SÍ,40,8,0,0,0,2
1663,X,2026-06-02,USER_1663,"🤣🤣🤣 majes pasmados, piensan que la gente en Twitter no tiene hijos en escuelas o que? 🤦 Pon en qué escuela es para que te pele la cara la gente de la misma escuela a ver si es cierto",":cara_revolviéndose_de_la_risa: :cara_revolviéndose_de_la_risa: :cara_revolviéndose_de_la_risa: majes pasmados, piensan que la gente en Twitter no tiene hijos en escuelas o que? :persona_con_la_mano_en_la_frente: Pon en qué escuela es para que te pele la cara la gente de la misma escuela a ver si es cierto",majes pasmados piensan que la gente en twitter no tiene hijos en escuelas o que pon en que escuela es para que te pele la cara la gente de la misma escuela a ver si es cierto,Amenazas/Violencia,3,Amenaza Implicita,,SÍ,NO,SÍ,182,39,4,0,0,0
2470,Facebook,2026-07-23,USER_2470,Q spsicologo loq pare la ues pura mierda. Vasura,Q spsicologo loq pare la ues pura mierda. Vasura,q spsicologo loq pare la ues pura mierda vasura,Lenguaje Ofensivo,1,Insulto Directo,Estudiantes de la UES,NO,NO,NO,48,9,0,0,0,2
1968,X,2026-06-14,USER_1968,"No hijo de puta troll, también gente pensante","No hijo de puta troll, también gente pensante",no hijo de puta troll tambien gente pensante,Lenguaje Ofensivo,1,Insulto Directo,Persona Individual,NO,NO,SÍ,45,8,0,0,0,1
1971,X,2026-06-14,USER_1971,"Yamal desde la fase grupos que boquea y despues no hace un carajo en los partidos, hay mas clips de él boqueando en la conferencia de prensa que jugadas en la cancha.","Yamal desde la fase grupos que boquea y despues no hace un carajo en los partidos, hay mas clips de él boqueando en la conferencia de prensa que jugadas en la cancha.",yamal desde la fase grupos que boquea y despues no hace un carajo en los partidos hay mas clips de el boqueando en la conferencia de prensa que jugadas en la cancha,Lenguaje Ofensivo,1,Palabras Obscenas,Persona Individual,NO,NO,NO,166,32,0,0,0,0
216,X,2026-07-14,USER_216,"#Nacionales El Puerto de Acajutla recibió al crucero Eurodam, cuyos pasajeros ya recorren distintos puntos turísticos del país. @miturelsalvador Mas información aquí: https:// shre.ink/LpeN #ElSalvador #TurismoSV #Acajutla #Sonsonate #Crucero #Viajeros #Seguridad KG","#Nacionales El Puerto de Acajutla recibió al crucero Eurodam, cuyos pasajeros ya recorren distintos puntos turísticos del país. @usuario Mas información aquí: https:// shre.ink/LpeN #ElSalvador #TurismoSV #Acajutla #Sonsonate #Crucero #Viajeros #Seguridad KG",nacionales el puerto de acajutla recibio al crucero eurodam cuyos pasajeros ya recorren distintos puntos turisticos del pais usuario mas informacion aqui https shre ink lpen elsalvador turismosv acajutla sonsonate crucero viajeros seguridad kg,No Tóxico,0,,,NO,NO,NO,266,32,0,1,8,0
410,X,2026-07-14,USER_410,"Quien detiene a la #BancadaCyan para declarar TERRORISTAS a los PANDILLEROS, solo un pacto entre el gobierno y los delincuentes evita que sean exterminados con las leyes en mano y crear leyes transitorias para derrotar la delincuencia pandilleríl.","Quien detiene a la #BancadaCyan para declarar TERRORISTAS a los PANDILLEROS, solo un pacto entre el gobierno y los delincuentes evita que sean exterminados con las leyes en mano y crear leyes transitorias para derrotar la delincuencia pandilleríl.",quien detiene a la bancadacyan para declarar terroristas a los pandilleros solo un pacto entre el gobierno y los delincuentes evita que sean exterminados con las leyes en mano y crear leyes transitorias para derrotar la delincuencia pandilleril,Amenazas/Violencia,3,Incitación a la Violencia,Pandilleros/Mareros,NO,NO,SÍ,247,38,0,0,1,3
2018,X,2026-06-14,USER_2018,"Cerrá el orto, vendido de mierda, esta todo muy clavito, no aclares nada, mucho menos al corrupto de Lula, amigo de la chorra","Cerrá el orto, vendido de mierda, esta todo muy clavito, no aclares nada, mucho menos al corrupto de Lula, amigo de la chorra",cerra el orto vendido de mierda esta todo muy clavito no aclares nada mucho menos al corrupto de lula amigo de la chorra,Lenguaje Ofensivo,1,Insulto Directo,Persona Individual,NO,NO,SÍ,125,23,0,0,0,1
2680,X,2026-06-16,USER_2680,"Andate vos Laura. El vallado se nota que es totalmente por seguridad, y cuando reprime es porque están los negros de mierda haciendo quilombo. Asique cállate un rato y si te molesta la seguridad, múdate a la matanza!","Andate vos Laura. El vallado se nota que es totalmente por seguridad, y cuando reprime es porque están los negros de mierda haciendo quilombo. Asique cállate un rato y si te molesta la seguridad, múdate a la matanza!",andate vos laura el vallado se nota que es totalmente por seguridad y cuando reprime es porque estan los negros de mierda haciendo quilombo asique callate un rato y si te molesta la seguridad mudate a la matanza,Discurso de Odio,2,Racismo,Personas negras,NO,NO,NO,216,38,0,0,0,3
395,X,2026-07-14,USER_395,"Se lo merecen. Asesinaron niños, niñas, señoras, etc. son una escoria esos mareros. Felicitaciones a Bukele","Se lo merecen. Asesinaron niños, niñas, señoras, etc. son una escoria esos mareros. Felicitaciones a Bukele",se lo merecen asesinaron ninos ninas senoras etc son una escoria esos mareros felicitaciones a bukele,Amenazas/Violencia,3,Celebración de Violencia,Pandilleros/Mareros,NO,NO,SÍ,107,16,0,0,0,2
358,X,2026-07-14,USER_358,"Por eso era lo vergon del exterminio qué no dudaba en ir a sacar esos hdmp , mareros culeros , es de toparlos y dejaron buen ejemplo como mensaje para esas putas Ratas inservibles e inútiles para la sociedad.","Por eso era lo vergon del exterminio qué no dudaba en ir a sacar esos hdmp , mareros culeros , es de toparlos y dejaron buen ejemplo como mensaje para esas putas Ratas inservibles e inútiles para la sociedad.",por eso era lo vergon del exterminio que no dudaba en ir a sacar esos hdmp mareros culeros es de toparlos y dejaron buen ejemplo como mensaje para esas putas ratas inservibles e inutiles para la sociedad,Amenazas/Violencia,3,Apología de Violencia,Pandilleros/Mareros,NO,NO,NO,208,39,0,0,0,2
201,X,2026-07-14,USER_201,"Desde el IICA Representación El Salvador celebramos con orgullo los 204 años de independencia patria. Sigamos construyendo juntos un futuro de innovación, sostenibilidad y desarrollo para el país. #IndependenciaSV #ElSalvador","Desde el IICA Representación El Salvador celebramos con orgullo los 204 años de independencia patria. Sigamos construyendo juntos un futuro de innovación, sostenibilidad y desarrollo para el país. #IndependenciaSV #ElSalvador",desde el iica representacion el salvador celebramos con orgullo los anos de independencia patria sigamos construyendo juntos un futuro de innovacion sostenibilidad y desarrollo para el pais independenciasv elsalvador,No Tóxico,0,,,NO,NO,NO,225,30,0,0,2,1
3090,X,2026-07-15,USER_3090,Boluda atómica. Lo único grande que hace tu presidente es el agujero en donde nos está metiendo. Y encima trajo a todos los judíos de mierda a quedarse con lo nuestro. Vieja sorete.,Boluda atómica. Lo único grande que hace tu presidente es el agujero en donde nos está metiendo. Y encima trajo a todos los judíos de mierda a quedarse con lo nuestro. Vieja sorete.,boluda atomica lo unico grande que hace tu presidente es el agujero en donde nos esta metiendo y encima trajo a todos los judios de mierda a quedarse con lo nuestro vieja sorete,Discurso de Odio,2,Antisemitismo,Personas judias,NO,NO,NO,181,33,0,0,0,2
1338,Facebook,2026-06-25,USER_1338,Que bien come el perro... digo el yerno.,Que bien come el perro... digo el yerno.,que bien come el perro digo el yerno,Lenguaje Ofensivo,1,Insulto Directo,Persona Individual,NO,NO,NO,40,8,0,0,0,1
223,X,2026-07-14,USER_223,"Nuestro equipo de trabajo es lo más importante del emprendimiento, porque si ellos están bien, cuidarán a mis clientes, Sofía Aparicio, fundadora de April Store #EmprendimientoSV @AL_invest5 @UEenElSalvador","Nuestro equipo de trabajo es lo más importante del emprendimiento, porque si ellos están bien, cuidarán a mis clientes, Sofía Aparicio, fundadora de April Store #EmprendimientoSV @usuario @usuario",nuestro equipo de trabajo es lo mas importante del emprendimiento porque si ellos estan bien cuidaran a mis clientes sofia aparicio fundadora de april store emprendimientosv usuario usuario,No Tóxico,0,,,NO,NO,NO,206,28,0,2,1,1
1762,X,2026-06-07,USER_1762,"La finca El Espino la han venido depredador, arena, que tanta mierda hablan esta focas comenzó a dar permisos para construir, y continúa este partido corrupto de nuevas ideas construyendo en área protegida. No le anden haciendo caso a este cerote que ni vive en El Salvador y que no siente la pija de calor ni la falta de agua","La finca El Espino la han venido depredador, arena, que tanta mierda hablan esta focas comenzó a dar permisos para construir, y continúa este partido corrupto de nuevas ideas construyendo en área protegida. No le anden haciendo caso a este cerote que ni vive en El Salvador y que no siente la pija de calor ni la falta de agua",la finca el espino la han venido depredador arena que tanta mierda hablan esta focas comenzo a dar permisos para construir y continua este partido corrupto de nuevas ideas construyendo en area protegida no le anden haciendo caso a este cerote que ni vive en el salvador y que no siente la pija de calor ni la falta de agua,Lenguaje Ofensivo,1,Insulto Directo,Grupos Políticos,NO,NO,SÍ,326,60,0,0,0,4
907,Facebook,2026-07-23,USER_907,Mándenles al juez celestial,Mándenles al juez celestial,mandenles al juez celestial,Amenazas/Violencia,3,Deseo de Daño,Detenidos/pandilleros,NO,NO,NO,27,4,0,0,0,0
2507,Facebook,2026-07-22,USER_2507,ya llegó el mulato resentido ??,ya llegó el mulato resentido ??,ya llego el mulato resentido,Discurso de Odio,2,Racismo,Personas morenas,NO,NO,NO,31,6,0,0,0,0
437,X,2026-07-14,USER_437,"El unico marero bueno es el marero muerto, esos tipos no tienen Humanidad","El unico marero bueno es el marero muerto, esos tipos no tienen Humanidad",el unico marero bueno es el marero muerto esos tipos no tienen humanidad,Amenazas/Violencia,3,Incitación a la Violencia,Pandilleros/Mareros,NO,NO,NO,73,13,0,0,0,2
2814,X,2026-07-02,USER_2814,El fan de los judíos de mierda y la inglesa hija de puta no le puede decir cipayos a nadie,El fan de los judíos de mierda y la inglesa hija de puta no le puede decir cipayos a nadie,el fan de los judios de mierda y la inglesa hija de puta no le puede decir cipayos a nadie,Discurso de Odio,2,Antisemitismo,Personas judi­as,NO,NO,NO,90,20,0,0,0,2
551,Facebook,2026-07-14,USER_551,Soy de Guatemala he tenido el gusto de ir a el Salvador a varios lugares espero volver a ir otra ves saludos,Soy de Guatemala he tenido el gusto de ir a el Salvador a varios lugares espero volver a ir otra ves saludos,soy de guatemala he tenido el gusto de ir a el salvador a varios lugares espero volver a ir otra ves saludos,No Tóxico,0,,,NO,NO,NO,108,22,0,0,0,0
1863,X,2026-06-28,USER_1863,Ahh ofendió a tu gordo inútil de mierda. Solo un imbécil puede decir que El Salvador no está mejor que nosotros,Ahh ofendió a tu gordo inútil de mierda. Solo un imbécil puede decir que El Salvador no está mejor que nosotros,ahh ofendio a tu gordo inutil de mierda solo un imbecil puede decir que el salvador no esta mejor que nosotros,Discurso de Odio,2,Gordofobia,Persona Individual,NO,NO,SÍ,111,21,0,0,0,2
600,Facebook,2026-07-14,USER_600,Mis respetos muy buenos periodistas,Mis respetos muy buenos periodistas,mis respetos muy buenos periodistas,No Tóxico,0,,,NO,NO,NO,35,5,0,0,0,0
1314,Facebook,2026-06-25,USER_1314,Yala cagan con bb leche el solo quería ir tragar lechita es todo vale berga,Yala cagan con bb leche el solo quería ir tragar lechita es todo vale berga,yala cagan con bb leche el solo queria ir tragar lechita es todo vale berga,Lenguaje Ofensivo,1,Palabras Obscenas,Persona Individual,SÍ,NO,NO,75,15,0,0,0,2
889,Facebook,2026-07-20,USER_889,Ong hay trabajo a que traer a esa vieja chismosa al cecot x lo menos 2 añito,Ong hay trabajo a que traer a esa vieja chismosa al cecot x lo menos 2 añito,ong hay trabajo a que traer a esa vieja chismosa al cecot x lo menos anito,Amenazas/Violencia,3,Deseo de Daño,Mujer señalada (chismosa),NO,NO,NO,76,17,0,0,0,0
2054,X,2026-06-14,USER_2054,El islam mata a los gilipollas como tú. Sois una putas fitichistas de mierda. En la cabeza tenéis mierda de hombres musulmanes no neuronas!,El islam mata a los gilipollas como tú. Sois una putas fitichistas de mierda. En la cabeza tenéis mierda de hombres musulmanes no neuronas!,el islam mata a los gilipollas como tu sois una putas fitichistas de mierda en la cabeza teneis mierda de hombres musulmanes no neuronas,Discurso de Odio,2,Islamofobia,Persona Individual,NO,NO,SÍ,139,24,0,0,0,3
1155,Facebook,2026-06-25,USER_1155,Esta buenno por jetona,Esta buenno por jetona,esta buenno por jetona,Lenguaje Ofensivo,1,Insulto Directo,Persona Individual,SÍ,NO,NO,22,4,0,0,0,0
1051,Facebook,2026-06-10,USER_1051,Si este maje tiene plante de culero hoy es Loko y culero,Si este maje tiene plante de culero hoy es Loko y culero,si este maje tiene plante de culero hoy es loko y culero,Lenguaje Ofensivo,1,Insulto Directo,Persona Individual,NO,NO,NO,56,12,0,0,0,2
2026,X,2026-06-14,USER_2026,encima aparece hoyoverse con su skin de mierda deja ya ando con bronca suficiente,encima aparece hoyoverse con su skin de mierda deja ya ando con bronca suficiente,encima aparece hoyoverse con su skin de mierda deja ya ando con bronca suficiente,Lenguaje Ofensivo,1,Palabras Obscenas,,NO,NO,NO,81,14,0,0,0,2
1377,Facebook,2026-06-25,USER_1377,Ami me vale verg@ jaajaj gran noticia ya podre vivir tranquila,Ami me vale verg@ jaajaj gran noticia ya podre vivir tranquila,ami me vale verg jaajaj gran noticia ya podre vivir tranquila,Lenguaje Ofensivo,1,Palabras Obscenas,Persona Individual,NO,NO,NO,62,11,0,0,0,1
556,Facebook,2026-07-14,USER_556,Paso pero mojado ....,Paso pero mojado ....,paso pero mojado,No Tóxico,0,,,NO,NO,NO,21,4,0,0,0,0
2825,X,2026-06-15,USER_2825,Parecen dos gitanos de mierda no tienen media ostia pero como es un señor mayor se vienen arriba los muy CATETOS.,Parecen dos gitanos de mierda no tienen media ostia pero como es un señor mayor se vienen arriba los muy CATETOS.,parecen dos gitanos de mierda no tienen media ostia pero como es un senor mayor se vienen arriba los muy catetos,Discurso de Odio,2,Racismo,Personas gitanas,NO,NO,NO,113,21,0,0,0,1
3025,X,2026-06-27,USER_3025,"Bueno eso de vivir en un piso es que sos pobre, yo tengo casa con patio grande. Tenes muchos prejuicios, no todos los argentinos son como esos indios de mierda que te cruzaste, saludos.","Bueno eso de vivir en un piso es que sos pobre, yo tengo casa con patio grande. Tenes muchos prejuicios, no todos los argentinos son como esos indios de mierda que te cruzaste, saludos.",bueno eso de vivir en un piso es que sos pobre yo tengo casa con patio grande tenes muchos prejuicios no todos los argentinos son como esos indios de mierda que te cruzaste saludos,Discurso de Odio,2,Racismo,Personas latinoamericanas,NO,NO,NO,185,34,0,0,0,3
455,X,2026-07-14,USER_455,Váyanse a la mierda yaa! Ustedes son la suciedad d este mundo Un grupúsculo de mediocres! Fracasados! Fantoche reunidos en un circo barato ! Descansen en paz hdps MIERDAS No t hagas LA PENDEJADA MALDITA DEFENSORA DE MAREROS HELL YEAHH HDP,Váyanse a la mierda yaa! Ustedes son la suciedad d este mundo Un grupúsculo de mediocres! Fracasados! Fantoche reunidos en un circo barato ! Descansen en paz hdps MIERDAS No t hagas LA PENDEJADA MALDITA DEFENSORA DE MAREROS HELL YEAHH HDP,vayanse a la mierda yaa ustedes son la suciedad d este mundo un grupusculo de mediocres fracasados fantoche reunidos en un circo barato descansen en paz hdps mierdas no t hagas la pendejada maldita defensora de mareros hell yeahh hdp,Amenazas/Violencia,3,Deseo de Daño,Individuo (defensor de mareros),SÍ,NO,NO,238,41,0,0,0,4
2888,X,2026-06-08,USER_2888,"¡País de vendidos y ladrones! Venezuela fue destruida por los propios venezolanos de mierda. No permitiremos ahora que saboteen la reconstrucción. Venezuela revelará una deuda de 240.000 millones de dólares en la mayor reestructuración del mundo, según Financial Times https:// acortar.link/fEVQ7u","¡País de vendidos y ladrones! Venezuela fue destruida por los propios venezolanos de mierda. No permitiremos ahora que saboteen la reconstrucción. Venezuela revelará una deuda de 240.000 millones de dólares en la mayor reestructuración del mundo, según Financial Times https:// acortar.link/fEVQ7u",pais de vendidos y ladrones venezuela fue destruida por los propios venezolanos de mierda no permitiremos ahora que saboteen la reconstruccion venezuela revelara una deuda de millones de dolares en la mayor reestructuracion del mundo segun financial times https acortar link fevq u,Discurso de Odio,2,Xenofobia,Personas venezolanas,NO,NO,NO,297,41,0,0,0,2
2570,Facebook,2026-07-24,USER_2570,"Maldito seas, Estado ilegítimo de Israel ??","Maldito seas, Estado ilegítimo de Israel ??",maldito seas estado ilegitimo de israel,Lenguaje Ofensivo,1,Crítica Fuerte,Israel,NO,NO,NO,43,7,0,0,0,1
2028,X,2026-06-14,USER_2028,"PUT0S ASESIN0S DE MIERDA, AHORA A CHUPARLA PEDAZO DE CERDO","PUT0S ASESIN0S DE MIERDA, AHORA A CHUPARLA PEDAZO DE CERDO",put s asesin s de mierda ahora a chuparla pedazo de cerdo,Lenguaje Ofensivo,1,Insulto Directo,Persona Individual,NO,NO,NO,58,10,0,0,0,2
1712,X,2026-06-02,USER_1712,El Salvador que el hijueputa de @nayibbukele quiere ocultar a pura propaganda,El Salvador que el hijueputa de @usuario quiere ocultar a pura propaganda,el salvador que el hijueputa de usuario quiere ocultar a pura propaganda,Lenguaje Ofensivo,1,Insulto Directo,Funcionarios Públicos,NO,NO,SÍ,77,12,0,1,0,1
788,Facebook,2026-07-18,USER_788,Perfecto y hoy que lo usen igual a él en el penal,Perfecto y hoy que lo usen igual a él en el penal,perfecto y hoy que lo usen igual a el en el penal,Amenazas/Violencia,3,Deseo de Daño,Individuo (condenado por abuso a menores),NO,NO,NO,49,12,0,0,0,0
2835,X,2026-06-04,USER_2835,Es verdad esto chicos ustedes vieron division palermo y son todos unos discapacitados de mierda A lo mejor permitir estas pelotudeces en la tele sea un error. Para analizar. Abz!,Es verdad esto chicos ustedes vieron division palermo y son todos unos discapacitados de mierda A lo mejor permitir estas pelotudeces en la tele sea un error. Para analizar. Abz!,es verdad esto chicos ustedes vieron division palermo y son todos unos discapacitados de mierda a lo mejor permitir estas pelotudeces en la tele sea un error para analizar abz,Discurso de Odio,2,Capacitismo,Personas con discapacidad,NO,NO,NO,178,30,0,0,0,1
1847,X,2026-06-07,USER_1847,"Y como sabes que son los mismos mapaches? Tienes su DUI? Te consta que ningún animal perdió su hábitat en esos 55000 m2 deforestados en contra de la mayoría de salvadoreños que SI vivimos aquí? Puta, lo que uno tiene que venir a leer aquí. No es de awb tratar de tapar cagadas.","Y como sabes que son los mismos mapaches? Tienes su DUI? Te consta que ningún animal perdió su hábitat en esos 55000 m2 deforestados en contra de la mayoría de salvadoreños que SI vivimos aquí? Puta, lo que uno tiene que venir a leer aquí. No es de awb tratar de tapar cagadas.",y como sabes que son los mismos mapaches tienes su dui te consta que ningun animal perdio su habitat en esos m deforestados en contra de la mayoria de salvadorenos que si vivimos aqui puta lo que uno tiene que venir a leer aqui no es de awb tratar de tapar cagadas,Lenguaje Ofensivo,1,Palabras Obscenas,,SÍ,NO,SÍ,277,53,0,0,0,1
1438,Facebook,2026-06-14,USER_1438,Una cosa es ser pendejo y otra es hablar pendejadas,Una cosa es ser pendejo y otra es hablar pendejadas,una cosa es ser pendejo y otra es hablar pendejadas,Lenguaje Ofensivo,1,Insulto Directo,Persona Individual,SÍ,SÍ,SÍ,51,10,0,0,0,1
1672,X,2026-06-02,USER_1672,Está apestosa está trastornada,Está apestosa está trastornada,esta apestosa esta trastornada,Lenguaje Ofensivo,1,Insulto Directo,Persona Individual,NO,NO,SÍ,30,4,0,0,0,0
2066,X,2026-07-08,USER_2066,"siempre te encuentro ofendiendo a méxico JAJJAJAJAJ, te duele que ya no seas parte de nuestra nación? o por qué tienes que andar chupándole la verga a estados unidos puto “salvadoreño”","siempre te encuentro ofendiendo a méxico JAJJAJAJAJ, te duele que ya no seas parte de nuestra nación? o por qué tienes que andar chupándole la verga a estados unidos puto ""salvadoreño""",siempre te encuentro ofendiendo a mexico jajjajajaj te duele que ya no seas parte de nuestra nacion o por que tienes que andar chupandole la verga a estados unidos puto salvadoreno,Discurso de Odio,2,Xenofobia,"Salvadoreños, LGBTQ+",SÍ,NO,SÍ,184,31,0,0,0,2
304,X,2026-07-14,USER_304,Prepárense pandilleros mierderos... Les vamos a caer en el momento que menos se lo esperen. La misión es exterminarlos. Uds no merecen vivir ni convivir con este pueblo trabajador.,Prepárense pandilleros mierderos... Les vamos a caer en el momento que menos se lo esperen. La misión es exterminarlos. Uds no merecen vivir ni convivir con este pueblo trabajador.,preparense pandilleros mierderos les vamos a caer en el momento que menos se lo esperen la mision es exterminarlos uds no merecen vivir ni convivir con este pueblo trabajador,Amenazas/Violencia,3,Incitación a la Violencia,Pandilleros/Mareros,NO,NO,NO,180,29,0,0,0,3
1202,Facebook,2026-06-26,USER_1202,"No nos demos paja, le andaba dando molote a la cuca esa chera","No nos demos paja, le andaba dando molote a la cuca esa chera",no nos demos paja le andaba dando molote a la cuca esa chera,Lenguaje Ofensivo,1,Palabras Obscenas,Persona Individual,NO,NO,NO,61,13,0,0,0,1
2479,Facebook,2026-07-23,USER_2479,"yo se i la lei mucho tiempo y por muchos años adore al dios asesino,ladron,pedofilo y narcisista mas grande de la historia de la biblia,dios si diosito jehova es el asesino mas grande mencionado ennla biblia,y todos ustedes lo adoran","yo se i la lei mucho tiempo y por muchos años adore al dios asesino,ladron,pedofilo y narcisista mas grande de la historia de la biblia,dios si diosito jehova es el asesino mas grande mencionado ennla biblia,y todos ustedes lo adoran",yo se i la lei mucho tiempo y por muchos anos adore al dios asesino ladron pedofilo y narcisista mas grande de la historia de la biblia dios si diosito jehova es el asesino mas grande mencionado ennla biblia y todos ustedes lo adoran,Discurso de Odio,2,Religiofobia,Cristianos,NO,NO,NO,233,40,0,0,0,1
1610,X,2026-05-30,USER_1610,Esque ahora ya no pego está cipota y le quieren dar fama al bicho llorón y mentiroso que dice que contaba muertos y era torturado. Otro payaso 🤡,Esque ahora ya no pego está cipota y le quieren dar fama al bicho llorón y mentiroso que dice que contaba muertos y era torturado. Otro payaso :cara_de_payaso:,esque ahora ya no pego esta cipota y le quieren dar fama al bicho lloron y mentiroso que dice que contaba muertos y era torturado otro payaso,Lenguaje Ofensivo,1,Insulto Directo,Persona Individual,SÍ,NO,SÍ,144,28,1,0,0,2
485,X,2026-07-14,USER_485,Camarada yo soy Salvadoreño y he sufrido en. Carne propia extorsiónes que salían del penal de Ciudad Barrios. Gracias a Dios hoy los mareros están recibiendo su merecido. Si usted no puede interpretar es problema suyo.,Camarada yo soy Salvadoreño y he sufrido en. Carne propia extorsiónes que salían del penal de Ciudad Barrios. Gracias a Dios hoy los mareros están recibiendo su merecido. Si usted no puede interpretar es problema suyo.,camarada yo soy salvadoreno y he sufrido en carne propia extorsiones que salian del penal de ciudad barrios gracias a dios hoy los mareros estan recibiendo su merecido si usted no puede interpretar es problema suyo,Amenazas/Violencia,3,Celebración de Violencia,Pandilleros/Mareros,NO,NO,NO,218,36,0,0,0,1
2930,X,2026-06-30,USER_2930,Que asco dan los venezolanos de mierda,Que asco dan los venezolanos de mierda,que asco dan los venezolanos de mierda,Discurso de Odio,2,Xenofobia,Personas inmigrantes,NO,NO,NO,38,7,0,0,0,1
2607,X,2026-06-17,USER_2607,No me metan en esa colada indios de mierda . Aguante argentina desde Colombia,No me metan en esa colada indios de mierda . Aguante argentina desde Colombia,no me metan en esa colada indios de mierda aguante argentina desde colombia,Discurso de Odio,2,Racismo,Personas indi­genas,NO,NO,NO,77,14,0,0,0,2
1830,X,2026-06-07,USER_1830,"Sabrá el muy pendejo que esos $170 millones que tanto se la pasa ladrando, se los güeviaron los del fmln? Pobre idiota, siempre termina defendiendo criminales.","Sabrá el muy pendejo que esos $170 millones que tanto se la pasa ladrando, se los güeviaron los del fmln? Pobre idiota, siempre termina defendiendo criminales.",sabra el muy pendejo que esos millones que tanto se la pasa ladrando se los gueviaron los del fmln pobre idiota siempre termina defendiendo criminales,Lenguaje Ofensivo,1,Insulto Directo,Persona Individual,NO,NO,SÍ,159,26,0,0,0,2
534,Facebook,2026-07-14,USER_534,Nombe pa q las quitan si eso le hace el dia a una ir con musicon,Nombe pa q las quitan si eso le hace el dia a una ir con musicon,nombe pa q las quitan si eso le hace el dia a una ir con musicon,No Tóxico,0,,,NO,NO,NO,64,16,0,0,0,1
376,X,2026-07-14,USER_376,"APRENDAN MAREROS. Los Salvadoreños queremos un país libre de críminales, y los pandilleros q no dejaran de delinquir, que la ley les de su merecido/ De hecho pedimos pena capital. Los apoyamos en absoluto @PNCSV @Director_PNC @FGR_SV .","APRENDAN MAREROS. Los Salvadoreños queremos un país libre de críminales, y los pandilleros q no dejaran de delinquir, que la ley les de su merecido/ De hecho pedimos pena capital. Los apoyamos en absoluto @usuario @usuario @usuario .",aprendan mareros los salvadorenos queremos un pais libre de criminales y los pandilleros q no dejaran de delinquir que la ley les de su merecido de hecho pedimos pena capital los apoyamos en absoluto usuario usuario usuario,Amenazas/Violencia,3,Deseo de Daño,Pandilleros/Mareros,NO,NO,SÍ,235,38,0,3,0,2
2130,Facebook,2026-05-29,USER_2130,"Cristian Hincapie ah el q dijo eso fue Cole , tremendo hablador ese tipo , pero lo importante es que argentina está en la final","Cristian Hincapie ah el q dijo eso fue Cole , tremendo hablador ese tipo , pero lo importante es que argentina está en la final",cristian hincapie ah el q dijo eso fue cole tremendo hablador ese tipo pero lo importante es que argentina esta en la final,No Tóxico,0,,Personas argentinas,SI,SI,NO,127,25,0,0,0,0
1412,Facebook,2026-06-14,USER_1412,Esto es puro chambre gorgojos maricones,Esto es puro chambre gorgojos maricones,esto es puro chambre gorgojos maricones,Discurso de Odio,2,Homofobia,Opositores Políticos,NO,NO,SÍ,39,6,0,0,0,2
445,X,2026-07-14,USER_445,Urge ley antimaras donde no hay pena de cárcel para que el mate a uno de esos malditos que pandillero visto pandillero muerto así de simple https:// x.com/BCardona_gtv/s tatus/919072559777435649 …,Urge ley antimaras donde no hay pena de cárcel para que el mate a uno de esos malditos que pandillero visto pandillero muerto así de simple https:// x.com/BCardona_gtv/s tatus/919072559777435649 …,urge ley antimaras donde no hay pena de carcel para que el mate a uno de esos malditos que pandillero visto pandillero muerto asi de simple https x com bcardona_gtv s tatus,Amenazas/Violencia,3,Incitación a la Violencia,Pandilleros,NO,NO,SÍ,196,30,0,0,0,2
774,Facebook,2026-07-18,USER_774,Topemos al morro,Topemos al morro,topemos al morro,Amenazas/Violencia,3,Incitación a la Violencia,Individuo (implicado en tráfico de personas),NO,NO,NO,16,3,0,0,0,0
2597,X,2026-05-31,USER_2597,"Después de ver todo el desprecio que nos hacen a Argentina, de parte de los hermanos latinoamericanos, ojalá NUNCA MÁS vengan los inmigrantes de mierda a buscar salud y educación gratuita a nuestra hermosa Nación","Después de ver todo el desprecio que nos hacen a Argentina, de parte de los hermanos latinoamericanos, ojalá NUNCA MÁS vengan los inmigrantes de mierda a buscar salud y educación gratuita a nuestra hermosa Nación",despues de ver todo el desprecio que nos hacen a argentina de parte de los hermanos latinoamericanos ojala nunca mas vengan los inmigrantes de mierda a buscar salud y educacion gratuita a nuestra hermosa nacion,Discurso de Odio,2,Xenofobia,Personas inmigrantes,NO,NO,NO,212,35,0,0,0,2
743,Facebook,2026-07-14,USER_743,"Muy vien, sr presidente, los cuerpos cansados no rinden de igual manera nesecitan relevo","Muy vien, sr presidente, los cuerpos cansados no rinden de igual manera nesecitan relevo",muy vien sr presidente los cuerpos cansados no rinden de igual manera nesecitan relevo,No Tóxico,0,,,NO,NO,SÍ,88,14,0,0,0,0
816,Facebook,2026-07-18,USER_816,Hay que llevarlo a disfrutar del cecot,Hay que llevarlo a disfrutar del cecot,hay que llevarlo a disfrutar del cecot,Amenazas/Violencia,3,Deseo de Daño,Individuo (señalado en el post),NO,NO,NO,38,7,0,0,0,0
1721,X,2026-06-04,USER_1721,"Escuchen esta vaina, para que se surren tres dias de curso los gorgojos cerotes","Escuchen esta vaina, para que se surren tres dias de curso los gorgojos cerotes",escuchen esta vaina para que se surren tres dias de curso los gorgojos cerotes,Lenguaje Ofensivo,1,Insulto Directo,Grupos Políticos,SÍ,NO,SÍ,79,14,0,0,0,3
2737,X,2026-05-30,USER_2737,"DESDE YA LO AVISO Y LO LEYERON AQUÍ PRIMERO, JUDÍO QUE VEA POR LA CALLE LE DOY PLOMO Y BALA DE BIENVENIDA, NO SALEN VIVOS NO ME IMPORTA SI ME MATAN, MORIRÉ MATANDO A LOS JUDÍOS DE MIERDA #Atención El gobierno entrante de Abelardo De La Espriella restablecerá relaciones económicas y diplomáticas con Israel, una vez De La Espriella se posesione. Colombia va a abrir una embajada en Jerusalén y se eliminará el requisito de visa entre ambos países, así lo anunció el","DESDE YA LO AVISO Y LO LEYERON AQUÍ PRIMERO, JUDÍO QUE VEA POR LA CALLE LE DOY PLOMO Y BALA DE BIENVENIDA, NO SALEN VIVOS NO ME IMPORTA SI ME MATAN, MORIRÉ MATANDO A LOS JUDÍOS DE MIERDA #Atención El gobierno entrante de Abelardo De La Espriella restablecerá relaciones económicas y diplomáticas con Israel, una vez De La Espriella se posesione. Colombia va a abrir una embajada en Jerusalén y se eliminará el requisito de visa entre ambos países, así lo anunció el",desde ya lo aviso y lo leyeron aqui primero judio que vea por la calle le doy plomo y bala de bienvenida no salen vivos no me importa si me matan morire matando a los judios de mierda atencion el gobierno entrante de abelardo de la espriella restablecera relaciones economicas y diplomaticas con israel una vez de la espriella se posesione colombia va a abrir una embajada en jerusalen y se eliminara el requisito de visa entre ambos paises asi lo anuncio el,Amenazas/Violencia,3,Amenaza Directa,Personas judias,NO,NO,NO,465,83,0,0,1,3
895,Facebook,2026-07-20,USER_895,En el cementerio,En el cementerio,en el cementerio,Amenazas/Violencia,3,Deseo de Daño,Individuo señalado,NO,NO,NO,16,3,0,0,0,0
2055,X,2026-06-14,USER_2055,"amiga quien chota es suga por dios que army de mierdA COMO NO VAS A TENER YOONGI SOS ARGENTINA, ES MAS TENDRÍA QUE DECIR GORDO","amiga quien chota es suga por dios que army de mierdA COMO NO VAS A TENER YOONGI SOS ARGENTINA, ES MAS TENDRÍA QUE DECIR GORDO",amiga quien chota es suga por dios que army de mierda como no vas a tener yoongi sos argentina es mas tendria que decir gordo,Lenguaje Ofensivo,1,Insulto Directo,Persona Individual,NO,NO,NO,126,25,0,0,0,1
136,X,2026-07-13,USER_136,#teamelsalvador #cafesv En sus prácticas oficiales. In practice time. @victoriaarduino @ChefManey @nuovasimonelli,#teamelsalvador #cafesv En sus prácticas oficiales. In practice time. @usuario @usuario @usuario,teamelsalvador cafesv en sus practicas oficiales in practice time usuario usuario usuario,No Tóxico,0,,,NO,NO,NO,113,12,0,3,2,0
424,X,2026-07-14,USER_424,"Qué bueno que al fin a los mareros muertos por enfrentamiento ya no se tomen en cuenta, un marero ni muerto cuenta, y los cuerpos pues ni modo se tendrá que llevar otra estadística","Qué bueno que al fin a los mareros muertos por enfrentamiento ya no se tomen en cuenta, un marero ni muerto cuenta, y los cuerpos pues ni modo se tendrá que llevar otra estadística",que bueno que al fin a los mareros muertos por enfrentamiento ya no se tomen en cuenta un marero ni muerto cuenta y los cuerpos pues ni modo se tendra que llevar otra estadistica,Amenazas/Violencia,3,Celebración de Violencia,Pandilleros/Mareros,NO,NO,NO,180,34,0,0,0,4
903,Facebook,2026-07-23,USER_903,Oswaldo Reyes Melendez tu familia seguirá en el Cecot ahí morirán y Bukele para siempre yo vivo feliz,Oswaldo Reyes Melendez tu familia seguirá en el Cecot ahí morirán y Bukele para siempre yo vivo feliz,oswaldo reyes melendez tu familia seguira en el cecot ahi moriran y bukele para siempre yo vivo feliz,Amenazas/Violencia,3,Deseo de Daño,Familia de un opositor señalado,NO,NO,NO,101,18,0,0,0,0
177,X,2026-07-13,USER_177,"#EducacionSV | A través de la reforma #MiNuevaEscuela, impulsada por nuestro presidente @nayibbukele . #ElSalvador","#EducacionSV | A través de la reforma #MiNuevaEscuela, impulsada por nuestro presidente @usuario . #ElSalvador",educacionsv a traves de la reforma minuevaescuela impulsada por nuestro presidente usuario elsalvador,No Tóxico,0,,,NO,NO,SÍ,114,15,0,1,3,0
921,Facebook,2026-07-23,USER_921,Muy bien hecho que se pudra ese dejenerado en la carcel no deben estar sueltos vuelven hacer lo mismo están enfermos y endemoniados,Muy bien hecho que se pudra ese dejenerado en la carcel no deben estar sueltos vuelven hacer lo mismo están enfermos y endemoniados,muy bien hecho que se pudra ese dejenerado en la carcel no deben estar sueltos vuelven hacer lo mismo estan enfermos y endemoniados,Amenazas/Violencia,3,Deseo de Daño,Individuo,NO,NO,NO,131,23,0,0,0,0
2610,X,2026-07-03,USER_2610,Amén!!! Es lo más guarro que hay encima de la tierra. EL DOMINGO HAY QUE IR A ENTERRAR A ESOS SUDACAS DE MIERDA,Amén!!! Es lo más guarro que hay encima de la tierra. EL DOMINGO HAY QUE IR A ENTERRAR A ESOS SUDACAS DE MIERDA,amen es lo mas guarro que hay encima de la tierra el domingo hay que ir a enterrar a esos sudacas de mierda,Amenazas/Violencia,3,Incitación a la Violencia,Personas latinoamericanas,NO,NO,NO,111,23,0,0,0,1
105,X,2026-07-13,USER_105,Con Lorena Cárcamo de Sentido Único #musicaSv,Con Lorena Cárcamo de Sentido Único #musicaSv,con lorena carcamo de sentido unico musicasv,No Tóxico,0,,,NO,NO,NO,45,7,0,0,1,1
463,X,2026-07-14,USER_463,"Ojalá y todos esos mareros HDMP , se pudran en la cárcel y no vuelvan a ver la luz del día en su perro vida . También espero que los manden al CECOT, ahi que demuestren que tan marchitos son","Ojalá y todos esos mareros HDMP , se pudran en la cárcel y no vuelvan a ver la luz del día en su perro vida . También espero que los manden al CECOT, ahi que demuestren que tan marchitos son",ojala y todos esos mareros hdmp se pudran en la carcel y no vuelvan a ver la luz del dia en su perro vida tambien espero que los manden al cecot ahi que demuestren que tan marchitos son,Amenazas/Violencia,3,Deseo de Daño,Pandilleros/Mareros,NO,NO,SÍ,190,40,0,0,0,2
876,Facebook,2026-07-19,USER_876,Siiiiiiii ellos ya saben lo que HASEN no tienen cinco ni ocho años estos mono bagos tontos según ellos son más inteligentes que la policía semejantes ESTÚPIDOS PANDILLEROS TOPENLOS ESTAMOS ARTOS DE ESTOS MONOS BAGOS BUENOS PARA NADA,Siiiiiiii ellos ya saben lo que HASEN no tienen cinco ni ocho años estos mono bagos tontos según ellos son más inteligentes que la policía semejantes ESTÚPIDOS PANDILLEROS TOPENLOS ESTAMOS ARTOS DE ESTOS MONOS BAGOS BUENOS PARA NADA,siiiiiiii ellos ya saben lo que hasen no tienen cinco ni ocho anos estos mono bagos tontos segun ellos son mas inteligentes que la policia semejantes estupidos pandilleros topenlos estamos artos de estos monos bagos buenos para nada,Amenazas/Violencia,3,Incitación a la Violencia,Pandilleros,NO,NO,NO,232,38,0,0,0,1
664,Facebook,2026-07-14,USER_664,Ni un paso atrás!! Bukele es el único. Mañana quien sabe. 5 años más!!,Ni un paso atrás!! Bukele es el único. Mañana quien sabe. 5 años más!!,ni un paso atras bukele es el unico manana quien sabe anos mas,No Tóxico,0,,,NO,NO,SÍ,70,14,0,0,0,0
1363,Facebook,2026-06-25,USER_1363,Y lo logró a puro palo,Y lo logró a puro palo,y lo logro a puro palo,No Tóxico,0,,,NO,NO,NO,22,6,0,0,0,0
2498,Facebook,2026-07-22,USER_2498,De lechoncito,De lechoncito,de lechoncito,Discurso de Odio,2,Gordofobia,Personas con sobrepeso,NO,NO,NO,13,2,0,0,0,0
744,Facebook,2026-07-14,USER_744,"Con todo el respeto creo que son 104 horas el tiempo del rescate completo y participaron los equipos de rescate de USA,CHILE,COSTA RICA, EL SALVADOR, VENEZUELA, ISRAEL Y OTROS MAS asi que el credito no sea sino para Dios primero por permitir el rescate y a todos los que hicieron posible. (EL QUE SE HUMILLA SERA ENSALSADO Y EL QUE SE ENSALSA SERA HUMILLADO)","Con todo el respeto creo que son 104 horas el tiempo del rescate completo y participaron los equipos de rescate de USA,CHILE,COSTA RICA, EL SALVADOR, VENEZUELA, ISRAEL Y OTROS MAS asi que el credito no sea sino para Dios primero por permitir el rescate y a todos los que hicieron posible. (EL QUE SE HUMILLA SERA ENSALSADO Y EL QUE SE ENSALSA SERA HUMILLADO)",con todo el respeto creo que son horas el tiempo del rescate completo y participaron los equipos de rescate de usa chile costa rica el salvador venezuela israel y otros mas asi que el credito no sea sino para dios primero por permitir el rescate y a todos los que hicieron posible el que se humilla sera ensalsado y el que se ensalsa sera humillado,No Tóxico,0,,,NO,NO,NO,358,64,0,0,0,1
971,Facebook,2026-07-24,USER_971,"Si ARENA Y FMLN estuvieran en CHINA los hubieran matado, resucitado y vuelto a matar varias veces, por todos los cientos de millones de dólares robados","Si ARENA Y FMLN estuvieran en CHINA los hubieran matado, resucitado y vuelto a matar varias veces, por todos los cientos de millones de dólares robados",si arena y fmln estuvieran en china los hubieran matado resucitado y vuelto a matar varias veces por todos los cientos de millones de dolares robados,Amenazas/Violencia,3,Deseo de Daño,Grupo,NO,NO,SÍ,151,26,0,0,0,1
1278,Facebook,2026-07-12,USER_1278,Y a. Este Indio de donde lo sacaron tiene cara de haragan. Y mantenido que busque trabajo,Y a. Este Indio de donde lo sacaron tiene cara de haragan. Y mantenido que busque trabajo,y a este indio de donde lo sacaron tiene cara de haragan y mantenido que busque trabajo,Discurso de Odio,2,Racismo,,NO,NO,NO,89,17,0,0,0,2
2298,Facebook,2026-07-22,USER_2298,M S - Mono Soy ????????,M S - Mono Soy ????????,m s mono soy,Amenazas/Violencia,3,Deshumanización,Salvadoreños,NO,NO,NO,23,6,0,0,0,0
409,X,2026-07-14,USER_409,"Miles de Salvadoreños quisieramos que todos los pandilleros fueran exterminados y bueno si son Salvadoreño saben la cricis que hemos vivido con estos terroristas, sino here's Salvadoreño no sabes ni mier.....","Miles de Salvadoreños quisieramos que todos los pandilleros fueran exterminados y bueno si son Salvadoreño saben la cricis que hemos vivido con estos terroristas, sino here's Salvadoreño no sabes ni mier.....",miles de salvadorenos quisieramos que todos los pandilleros fueran exterminados y bueno si son salvadoreno saben la cricis que hemos vivido con estos terroristas sino here s salvadoreno no sabes ni mier,Amenazas/Violencia,3,Deseo de Daño,Pandilleros/Mareros,NO,NO,NO,208,31,0,0,0,3
1715,X,2026-06-02,USER_1715,Como cerrarle el hocico a un zurdillo de juguete!,Como cerrarle el hocico a un zurdillo de juguete!,como cerrarle el hocico a un zurdillo de juguete,Lenguaje Ofensivo,1,Tono Agresivo,,SÍ,NO,SÍ,49,9,0,0,0,1
2070,X,2026-07-08,USER_2070,Eres de El Salvador tu hijueputa pais inexistente ni en CONCACAF es algo,Eres de El Salvador tu hijueputa pais inexistente ni en CONCACAF es algo,eres de el salvador tu hijueputa pais inexistente ni en concacaf es algo,Discurso de Odio,2,Xenofobia,Salvadoreños,NO,NO,SÍ,72,13,0,0,0,1
378,X,2026-07-14,USER_378,"A estos malditos la pena capital, asesinaron a nuestra gente dandoles dineros a los pandilleros y mareros a cambio de votos y ellos seguir desfalcando al estado, de nuestros impuestos poseen centros comerciales y torres, ademas sacaron dinero y han dejado pobre a la gente.","A estos malditos la pena capital, asesinaron a nuestra gente dandoles dineros a los pandilleros y mareros a cambio de votos y ellos seguir desfalcando al estado, de nuestros impuestos poseen centros comerciales y torres, ademas sacaron dinero y han dejado pobre a la gente.",a estos malditos la pena capital asesinaron a nuestra gente dandoles dineros a los pandilleros y mareros a cambio de votos y ellos seguir desfalcando al estado de nuestros impuestos poseen centros comerciales y torres ademas sacaron dinero y han dejado pobre a la gente,Amenazas/Violencia,3,Deseo de Daño,Individuo (políticos) y Pandilleros,NO,NO,SÍ,273,45,0,0,0,2
2431,Facebook,2026-07-21,USER_2431,El mismísimo Qlo de ??,El mismísimo Qlo de ??,el mismisimo qlo de,Lenguaje Ofensivo,1,Palabras Obscenas,Personas con sobrepeso,NO,NO,NO,22,5,0,0,0,0
755,Facebook,2026-07-16,USER_755,AL CECOT Y CADENA PERPETUA,AL CECOT Y CADENA PERPETUA,al cecot y cadena perpetua,No Tóxico,0,,Individuo,NO,NO,NO,26,5,0,0,0,0
3064,X,2026-05-31,USER_3064,"Deja de buscar aprobación de estos indios de mierda que nos odian. La concha bien de tu madre, kuka de mierda.","Deja de buscar aprobación de estos indios de mierda que nos odian. La concha bien de tu madre, kuka de mierda.",deja de buscar aprobacion de estos indios de mierda que nos odian la concha bien de tu madre kuka de mierda,Discurso de Odio,2,Racismo,Personas latinoamericanas,NO,NO,NO,110,21,0,0,0,2
1740,X,2026-06-07,USER_1740,"Estos hijos de la gran puta de ahora no se quedan atrás, de hecho, es lo más corrupto que ha existido en la historia del país.","Estos hijos de la gran puta de ahora no se quedan atrás, de hecho, es lo más corrupto que ha existido en la historia del país.",estos hijos de la gran puta de ahora no se quedan atras de hecho es lo mas corrupto que ha existido en la historia del pais,Lenguaje Ofensivo,1,Insulto Directo,Funcionarios Públicos,NO,NO,SÍ,126,26,0,0,0,1
883,Facebook,2026-07-20,USER_883,Malditas ratas tienen que mal vivir por el resto de sus miserables vidas y tarde o temprano van a caer en el CECOT con PERPETUA para que paguen todo el daño que han hecho al pueblo salvadoreño. MAGNÍFICO!,Malditas ratas tienen que mal vivir por el resto de sus miserables vidas y tarde o temprano van a caer en el CECOT con PERPETUA para que paguen todo el daño que han hecho al pueblo salvadoreño. MAGNÍFICO!,malditas ratas tienen que mal vivir por el resto de sus miserables vidas y tarde o temprano van a caer en el cecot con perpetua para que paguen todo el dano que han hecho al pueblo salvadoreno magnifico,Amenazas/Violencia,3,Celebración de Violencia,Delincuentes/pandilleros (ratas),NO,NO,NO,204,38,0,0,0,1
2469,Facebook,2026-07-23,USER_2469,Tu amigo adicto a la piedra que dice que es natural y no le hace daño,Tu amigo adicto a la piedra que dice que es natural y no le hace daño,tu amigo adicto a la piedra que dice que es natural y no le hace dano,No Tóxico,0,,Personas en situación de pobreza,NO,NO,NO,69,16,0,0,0,0
1287,Facebook,2026-07-12,USER_1287,Con todo respeto a ITR para que le das noticia a este tipo que ya se sabe que son parásitos mi más dis culpas ITR por el comentario pero no vale la pena perder el tiempo en ello,Con todo respeto a ITR para que le das noticia a este tipo que ya se sabe que son parásitos mi más dis culpas ITR por el comentario pero no vale la pena perder el tiempo en ello,con todo respeto a itr para que le das noticia a este tipo que ya se sabe que son parasitos mi mas dis culpas itr por el comentario pero no vale la pena perder el tiempo en ello,Lenguaje Ofensivo,1,Insulto Directo,Persona Individual,NO,NO,NO,177,38,0,0,0,2
565,Facebook,2026-07-14,USER_565,Próximo destino turístico el salvador,Próximo destino turístico el salvador,proximo destino turistico el salvador,No Tóxico,0,,,NO,NO,NO,37,5,0,0,0,0
2576,Facebook,2026-07-26,USER_2576,"Ese Viejo dundo, ni modo que se pague la consulta él","Ese Viejo dundo, ni modo que se pague la consulta él",ese viejo dundo ni modo que se pague la consulta el,Lenguaje Ofensivo,1,Insulto Directo,Persona objetivo,NO,NO,NO,52,11,0,0,0,0
2726,X,2026-07-01,USER_2726,Mexicanos hijos de remil putas. Indios de mierda. Fracasados eternos,Mexicanos hijos de remil putas. Indios de mierda. Fracasados eternos,mexicanos hijos de remil putas indios de mierda fracasados eternos,Discurso de Odio,2,Xenofobia,Personas indigenas,NO,NO,NO,68,10,0,0,0,3
2046,X,2026-06-14,USER_2046,"CUAL ES L PROBLMA DEL CASCO? a ida noes destrozar aal otro si o conctar mayor cantidad de gollpes, sumar putuacion, es un deporte no? o que cojones espeerabaesta?","CUAL ES L PROBLMA DEL CASCO? a ida noes destrozar aal otro si o conctar mayor cantidad de gollpes, sumar putuacion, es un deporte no? o que cojones espeerabaesta?",cual es l problma del casco a ida noes destrozar aal otro si o conctar mayor cantidad de gollpes sumar putuacion es un deporte no o que cojones espeerabaesta,Lenguaje Ofensivo,1,Palabras Obscenas,,NO,NO,NO,162,29,0,0,0,0
2751,X,2026-07-10,USER_2751,"De puta vergüenza asquerosidad y repugnancia los negros moros de mierda lo que hacen, ni un puto mínimo de honor y decencia tienen los retrasados mentales","De puta vergüenza asquerosidad y repugnancia los negros moros de mierda lo que hacen, ni un puto mínimo de honor y decencia tienen los retrasados mentales",de puta verguenza asquerosidad y repugnancia los negros moros de mierda lo que hacen ni un puto minimo de honor y decencia tienen los retrasados mentales,Discurso de Odio,2,Racismo,Personas musulmanas,NO,NO,NO,154,26,0,0,0,4
1196,Facebook,2026-06-26,USER_1196,La Vieja Esa Perra Tiene Hambre,La Vieja Esa Perra Tiene Hambre,la vieja esa perra tiene hambre,Lenguaje Ofensivo,1,Insulto Directo,TikTokers,SÍ,NO,NO,31,6,0,0,0,1
2687,X,2026-06-15,USER_2687,"Perder 2 semifinales contra Argentina seguidas debe doler mucho, que suerte que soy Argentino y no se que es eso de perder, suerte en tu pais lleno de musulmanes, indios y negros de mierda","Perder 2 semifinales contra Argentina seguidas debe doler mucho, que suerte que soy Argentino y no se que es eso de perder, suerte en tu pais lleno de musulmanes, indios y negros de mierda",perder semifinales contra argentina seguidas debe doler mucho que suerte que soy argentino y no se que es eso de perder suerte en tu pais lleno de musulmanes indios y negros de mierda,Discurso de Odio,2,Racismo,Personas negras,NO,NO,NO,188,34,0,0,0,3
2211,Facebook,2026-05-31,USER_2211,"Adrián Amigo, en México existen más fans de Messi que en argentina","Adrián Amigo, en México existen más fans de Messi que en argentina",adrian amigo en mexico existen mas fans de messi que en argentina,No Tóxico,0,,Personas argentinas,SI,SI,NO,66,12,0,0,0,0
2092,Facebook,2026-06-09,USER_2092,Tu bieja estupida ridicula payasa con esa boca de sapo comes bieja guerriyera maldita bieja ablando pura mierda,Tu bieja estupida ridicula payasa con esa boca de sapo comes bieja guerriyera maldita bieja ablando pura mierda,tu bieja estupida ridicula payasa con esa boca de sapo comes bieja guerriyera maldita bieja ablando pura mierda,Lenguaje Ofensivo,1,Insulto Directo,Persona individual,NO,NO,NO,111,18,0,0,0,4
1442,Facebook,2026-06-14,USER_1442,"jaja te aguadaron el culo perro de mierda, sos un gran cobarde hipócrita de mierda, enfrenta como hombre la demanda qué te viene por imbecil.","jaja te aguadaron el culo perro de mierda, sos un gran cobarde hipócrita de mierda, enfrenta como hombre la demanda qué te viene por imbecil.",jaja te aguadaron el culo perro de mierda sos un gran cobarde hipocrita de mierda enfrenta como hombre la demanda que te viene por imbecil,Lenguaje Ofensivo,1,Insulto Directo,Persona Individual,SÍ,NO,SÍ,141,25,0,0,0,4
1604,X,2026-05-30,USER_1604,"MALDITO GOBIERNO, COMO TE ODIO. Son una mierda, una basura, no han hecho nada más que arruinar este país.","MALDITO GOBIERNO, COMO TE ODIO. Son una mierda, una basura, no han hecho nada más que arruinar este país.",maldito gobierno como te odio son una mierda una basura no han hecho nada mas que arruinar este pais,Lenguaje Ofensivo,1,Insulto Directo,Gobierno,NO,NO,SÍ,105,19,0,0,0,3
1675,X,2026-06-02,USER_1675,Falso puro gorgojo ardido y si fuera cierto cuanto cuesta un ladrillo de esos unas 2 coras 🤭,Falso puro gorgojo ardido y si fuera cierto cuanto cuesta un ladrillo de esos unas 2 coras :cara_con_mano_sobre_la_boca:,falso puro gorgojo ardido y si fuera cierto cuanto cuesta un ladrillo de esos unas coras,Lenguaje Ofensivo,1,Insulto Directo,,SÍ,NO,SÍ,92,18,1,0,0,0
2969,X,2026-06-20,USER_2969,"Amigo cómo se me infla la chota con el ""mañana es sábado"" ""mañana es domingo"". Una nueva, los fines de semana no tenes derecho a dormir tranquilo. Negros de mierda","Amigo cómo se me infla la chota con el ""mañana es sábado"" ""mañana es domingo"". Una nueva, los fines de semana no tenes derecho a dormir tranquilo. Negros de mierda",amigo como se me infla la chota con el manana es sabado manana es domingo una nueva los fines de semana no tenes derecho a dormir tranquilo negros de mierda,Discurso de Odio,2,Racismo,Personas negras o racializadas,NO,NO,NO,163,30,0,0,0,3
2528,Facebook,2026-07-21,USER_2528,soplas pendjo indio aguacatero las t3tas lisas de tu nana,soplas pendjo indio aguacatero las t3tas lisas de tu nana,soplas pendjo indio aguacatero las t tas lisas de tu nana,Discurso de Odio,2,Racismo,Indígenas,NO,NO,NO,57,10,0,0,0,1
69,X,2026-07-13,USER_069,#DeportesSV Los Ángeles FC reportaron la renovación del centrocampista salvadoreño Nathan Ordaz hasta el 2029 con opción de ampliarlo para 2030. #LFC #NathanOrdaz #MLS,#DeportesSV Los Ángeles FC reportaron la renovación del centrocampista salvadoreño Nathan Ordaz hasta el 2029 con opción de ampliarlo para 2030. #LFC #NathanOrdaz #MLS,deportessv los angeles fc reportaron la renovacion del centrocampista salvadoreno nathan ordaz hasta el con opcion de ampliarlo para lfc nathanordaz mls,No Tóxico,0,,,NO,NO,NO,167,24,0,0,4,1
1572,X,2026-05-24,USER_1572,"Qué respuesta más imbécil.. bueno, de donde viene, no se puede esperar mucho.. 😅😅","Qué respuesta más imbécil.. bueno, de donde viene, no se puede esperar mucho.. :cara_sonriendo_con_sudor_frío: :cara_sonriendo_con_sudor_frío:",que respuesta mas imbecil bueno de donde viene no se puede esperar mucho,Lenguaje Ofensivo,1,Tono Agresivo,Persona Individual,SÍ,SÍ,SÍ,81,14,2,0,0,1
3043,X,2026-07-06,USER_3043,"A los chilenos, pasillo A los brasileños, monos A los uruguayos, provincia A los bolivianos, indios de mierda Y así sigue la lista, después se preguntan ¿Por que la gente nos odia? Odiamos pocoooo a esas bostas de argentinos","A los chilenos, pasillo A los brasileños, monos A los uruguayos, provincia A los bolivianos, indios de mierda Y así sigue la lista, después se preguntan ¿Por que la gente nos odia? Odiamos pocoooo a esas bostas de argentinos",a los chilenos pasillo a los brasilenos monos a los uruguayos provincia a los bolivianos indios de mierda y asi sigue la lista despues se preguntan por que la gente nos odia odiamos pocoooo a esas bostas de argentinos,Discurso de Odio,2,Xenofobia,Personas latinoamericanas,NO,NO,NO,224,39,0,0,0,2
1086,Facebook,2026-06-22,USER_1086,Amor con todo respeto estas para chuparte rico rico 😋 todo tu trasero,Amor con todo respeto estas para chuparte rico rico :cara_saboreando_comida: todo tu trasero,amor con todo respeto estas para chuparte rico rico todo tu trasero,Lenguaje Ofensivo,1,Palabras Obscenas,Persona Individual,NO,NO,NO,69,13,1,0,0,1
1766,X,2026-06-07,USER_1766,"Más HDP eres tu semejante pndjo,pero por mas mierd@ q hables la mayoría de salvadoreños seguiremos apoyando a BUKELE indefinidamente,opositores HDGP a la verga malditos parásitos de mierd@","Más HDP eres tu semejante pndjo,pero por mas mierd@ q hables la mayoría de salvadoreños seguiremos apoyando a BUKELE indefinidamente,opositores HDGP a la verga malditos parásitos de mierd@",mas hdp eres tu semejante pndjo pero por mas mierd q hables la mayoria de salvadorenos seguiremos apoyando a bukele indefinidamente opositores hdgp a la verga malditos parasitos de mierd,Lenguaje Ofensivo,1,Insulto Directo,Grupos Políticos,NO,NO,SÍ,188,28,0,0,0,5
1935,X,2026-06-14,USER_1935,Y no dijo nada porque la chava lo dejo más pndjo de lo que estaba.,Y no dijo nada porque la chava lo dejo más pndjo de lo que estaba.,y no dijo nada porque la chava lo dejo mas pndjo de lo que estaba,Lenguaje Ofensivo,1,Insulto Directo,Persona Individual,NO,NO,NO,66,15,0,0,0,2
2793,X,2026-06-15,USER_2793,"ATRAAAAACOOOOOO, ESO ES PENALTI PUTOS GITANOS DE MIERDA","ATRAAAAACOOOOOO, ESO ES PENALTI PUTOS GITANOS DE MIERDA",atraaaaacoooooo eso es penalti putos gitanos de mierda,Discurso de Odio,2,Racismo,Personas gitanas,NO,NO,NO,55,8,0,0,0,2
2626,X,2026-06-26,USER_2626,Milei tiene que hacer algo bueno y expulsar a todos los inmigrantes de mierda y si no se quieren ir los tienen que fusilar,Milei tiene que hacer algo bueno y expulsar a todos los inmigrantes de mierda y si no se quieren ir los tienen que fusilar,milei tiene que hacer algo bueno y expulsar a todos los inmigrantes de mierda y si no se quieren ir los tienen que fusilar,Amenazas/Violencia,3,Amenaza Directa,Personas inmigrantes,NO,NO,NO,122,24,0,0,0,3
2603,X,2026-07-07,USER_2603,Indios de mierda . Llevaron a ese perro a su muerte. Estoy seguro que ellos lo soltaron ahi .,Indios de mierda . Llevaron a ese perro a su muerte. Estoy seguro que ellos lo soltaron ahi .,indios de mierda llevaron a ese perro a su muerte estoy seguro que ellos lo soltaron ahi,Discurso de Odio,2,Racismo,Personas indi­genas,NO,NO,NO,93,19,0,0,0,3
2830,X,2026-05-30,USER_2830,puta madre otra mas de discapacitados de mierda,puta madre otra mas de discapacitados de mierda,puta madre otra mas de discapacitados de mierda,Discurso de Odio,2,Capacitismo,Personas con discapacidad,NO,NO,NO,47,8,0,0,0,2
450,X,2026-07-14,USER_450,"Ojalá y desaparezcan entre ellos mismos, si se supone q esa es su guerra afuera que se maten adentro entre ellos, a los mareros no deberían permitirle derechos humanos porq son animales.","Ojalá y desaparezcan entre ellos mismos, si se supone q esa es su guerra afuera que se maten adentro entre ellos, a los mareros no deberían permitirle derechos humanos porq son animales.",ojala y desaparezcan entre ellos mismos si se supone q esa es su guerra afuera que se maten adentro entre ellos a los mareros no deberian permitirle derechos humanos porq son animales,Amenazas/Violencia,3,Deseo de Daño,Pandilleros/Mareros,NO,NO,NO,186,32,0,0,0,2
2134,Facebook,2026-06-13,USER_2134,"En este tipo de partidos es donde se mide el tamaño de un jugador de futbol y definitivamente los Argentinos son lideres en eso tienen garra, amor propio, y HUEVOS, Por esta clase de partidos es que Argentina es Grande y por esta clase de partidos es que Inglaterra nunca lo sera, Vamos Argentina Saludos desde Colombia ojala salgan Campeones.","En este tipo de partidos es donde se mide el tamaño de un jugador de futbol y definitivamente los Argentinos son lideres en eso tienen garra, amor propio, y HUEVOS, Por esta clase de partidos es que Argentina es Grande y por esta clase de partidos es que Inglaterra nunca lo sera, Vamos Argentina Saludos desde Colombia ojala salgan Campeones.",en este tipo de partidos es donde se mide el tamano de un jugador de futbol y definitivamente los argentinos son lideres en eso tienen garra amor propio y huevos por esta clase de partidos es que argentina es grande y por esta clase de partidos es que inglaterra nunca lo sera vamos argentina saludos desde colombia ojala salgan campeones,No Tóxico,0,,Personas argentinas,SI,SI,NO,343,60,0,0,0,0
2765,X,2026-07-07,USER_2765,Yo toda mi vida he sido y seré racista y que pasa. Yo no quiero ver moros de mierda en mi pueblo. Y mataron a mi vecino en gata de gorgos con un bater de béisbol y no pasa nada. Que ascazo más grande. 3 meses estuvo el puto moro en la cárcel de alicante. Caso cerrado.,Yo toda mi vida he sido y seré racista y que pasa. Yo no quiero ver moros de mierda en mi pueblo. Y mataron a mi vecino en gata de gorgos con un bater de béisbol y no pasa nada. Que ascazo más grande. 3 meses estuvo el puto moro en la cárcel de alicante. Caso cerrado.,yo toda mi vida he sido y sere racista y que pasa yo no quiero ver moros de mierda en mi pueblo y mataron a mi vecino en gata de gorgos con un bater de beisbol y no pasa nada que ascazo mas grande meses estuvo el puto moro en la carcel de alicante caso cerrado,Discurso de Odio,2,Islamofobia,Personas musulmanas,NO,NO,NO,268,57,0,0,0,4
181,X,2026-07-13,USER_181,"OFERTA LABORAL: Se buscan jóvenes con años de experiencia, que acepten poca paga por hacer muchas cosas... #DíadelaJuventud2017 #JuventudSV","OFERTA LABORAL: Se buscan jóvenes con años de experiencia, que acepten poca paga por hacer muchas cosas... #DíadelaJuventud2017 #JuventudSV",oferta laboral se buscan jovenes con anos de experiencia que acepten poca paga por hacer muchas cosas diadelajuventud juventudsv,No Tóxico,0,,,NO,NO,NO,139,19,0,0,2,1
2265,Facebook,2026-06-03,USER_2265,Pobres gorgojos dan lástima no tienen cerebro ya se los lavaron . Por eso habla caca,Pobres gorgojos dan lástima no tienen cerebro ya se los lavaron . Por eso habla caca,pobres gorgojos dan lastima no tienen cerebro ya se los lavaron por eso habla caca,Lenguaje Ofensivo,1,Tono Agresivo,Personas en situación de pobreza o precariedad,SI,SI,NO,84,16,0,0,0,2
2336,Facebook,2026-07-23,USER_2336,"mejicano colo roto, en tu puta vidas vas a ver a mejico en una final del mundial, a duras penas la vas a ver en cuartos.","mejicano colo roto, en tu puta vidas vas a ver a mejico en una final del mundial, a duras penas la vas a ver en cuartos.",mejicano colo roto en tu puta vidas vas a ver a mejico en una final del mundial a duras penas la vas a ver en cuartos,Discurso de Odio,2,Xenofobia,Mexicanos,NO,NO,NO,120,26,0,0,0,2
431,X,2026-07-14,USER_431,"Camaradas azules y verdes olivos: ""Marero visto, marero muerto"" Tienen luz verde.","Camaradas azules y verdes olivos: ""Marero visto, marero muerto"" Tienen luz verde.",camaradas azules y verdes olivos marero visto marero muerto tienen luz verde,Amenazas/Violencia,3,Incitación a la Violencia,Pandilleros/Mareros,NO,NO,SÍ,81,12,0,0,0,2
2905,X,2026-06-17,USER_2905,Putos inmigrantes de mierda Hijos de puta los que contribuyen a llenar Europa de animales Putísimos inmigrantes de los cojones,Putos inmigrantes de mierda Hijos de puta los que contribuyen a llenar Europa de animales Putísimos inmigrantes de los cojones,putos inmigrantes de mierda hijos de puta los que contribuyen a llenar europa de animales putisimos inmigrantes de los cojones,Discurso de Odio,2,Xenofobia,Personas inmigrantes,NO,NO,NO,126,20,0,0,0,4
1251,Facebook,2026-07-14,USER_1251,El ignorante ataca con palabras ociosas el sabio se defiende con El silencio,El ignorante ataca con palabras ociosas el sabio se defiende con El silencio,el ignorante ataca con palabras ociosas el sabio se defiende con el silencio,No Tóxico,0,,Persona Individual,NO,NO,SÍ,76,13,0,0,0,2
2538,Facebook,2026-07-23,USER_2538,Por que dan fama a retrasadas :v,Por que dan fama a retrasadas :v,por que dan fama a retrasadas v,Discurso de Odio,2,Capacitismo,Personas con discapacidad,NO,NO,NO,32,7,0,0,0,0
2013,X,2026-06-14,USER_2013,Como me cae de mal el Edu Aguirre pero no vamos a negar que aquí farmeo aura el cabrón 🔝,Como me cae de mal el Edu Aguirre pero no vamos a negar que aquí farmeo aura el cabrón :flecha_top:,como me cae de mal el edu aguirre pero no vamos a negar que aqui farmeo aura el cabron,Lenguaje Ofensivo,1,Tono Agresivo,Persona Individual,NO,NO,NO,88,20,1,0,0,0
977,Facebook,2026-07-24,USER_977,Que se pudra en el infierno ese serdo humano es una basura de nuestro país esa rata,Que se pudra en el infierno ese serdo humano es una basura de nuestro país esa rata,que se pudra en el infierno ese serdo humano es una basura de nuestro pais esa rata,Amenazas/Violencia,3,Deseo de Daño,Individuo,NO,NO,NO,83,17,0,0,0,2
307,X,2026-07-14,USER_307,Si ese señor va a llegar para seguir defendiendo mareros y delincuentes ... este pueblo se va levantar y de seguro los va a linchar así es que piensenlo bien cuáles derechos humanos van a defender.,Si ese señor va a llegar para seguir defendiendo mareros y delincuentes ... este pueblo se va levantar y de seguro los va a linchar así es que piensenlo bien cuáles derechos humanos van a defender.,si ese senor va a llegar para seguir defendiendo mareros y delincuentes este pueblo se va levantar y de seguro los va a linchar asi es que piensenlo bien cuales derechos humanos van a defender,Amenazas/Violencia,3,Amenaza Implícita,Individuo,NO,NO,SÍ,197,36,0,0,0,1
836,Facebook,2026-07-19,USER_836,Topenlos,Topenlos,topenlos,Amenazas/Violencia,3,Incitación a la Violencia,Individuo(s) señalado(s) en el post,NO,NO,NO,8,1,0,0,0,0
263,X,2026-07-14,USER_263,"Lee foca se la llevaron por una Llamada anonima,si tubieramos independencia de poderes esto no estaria pasando,a Los terroristas mareros que Los fusilen para para que tenerlos engordando en la carcel ,pero mucha gente inocentes que tienen mas de 9 meses sin ser mareros,lee foca","Lee foca se la llevaron por una Llamada anonima,si tubieramos independencia de poderes esto no estaria pasando,a Los terroristas mareros que Los fusilen para para que tenerlos engordando en la carcel ,pero mucha gente inocentes que tienen mas de 9 meses sin ser mareros,lee foca",lee foca se la llevaron por una llamada anonima si tubieramos independencia de poderes esto no estaria pasando a los terroristas mareros que los fusilen para para que tenerlos engordando en la carcel pero mucha gente inocentes que tienen mas de meses sin ser mareros lee foca,Amenazas/Violencia,3,Deseo de Daño,Pandilleros/Mareros,NO,NO,NO,278,45,0,0,0,4
2210,Facebook,2026-06-05,USER_2210,Mario Sanchez gran trabajo si todo fue regalado a Argenfifa ahora hay que ver si a la fifa no le tiembla la mano al sancionar a argentina por su pancarta,Mario Sanchez gran trabajo si todo fue regalado a Argenfifa ahora hay que ver si a la fifa no le tiembla la mano al sancionar a argentina por su pancarta,mario sanchez gran trabajo si todo fue regalado a argenfifa ahora hay que ver si a la fifa no le tiembla la mano al sancionar a argentina por su pancarta,No Tóxico,0,,Personas argentinas,SI,SI,NO,153,30,0,0,0,0
342,X,2026-07-14,USER_342,@LaPagina QUÉ BERGON QUE SE MUERAN TODOS ESOS MAREROS YA TODOS ESOS POLITICOS QUE SON CORUPTOS EN LAD GALLETITAS DE DÍA DE PLENAR,@usuario QUÉ BERGON QUE SE MUERAN TODOS ESOS MAREROS YA TODOS ESOS POLITICOS QUE SON CORUPTOS EN LAD GALLETITAS DE DÍA DE PLENAR,usuario que bergon que se mueran todos esos mareros ya todos esos politicos que son coruptos en lad galletitas de dia de plenar,Amenazas/Violencia,3,Deseo de Daño,Pandilleros y políticos corruptos,NO,NO,SÍ,129,23,0,1,0,2
2093,Facebook,2026-06-05,USER_2093,Feliz día de los difuntos FMLN y Arena que ahora ya están bajo la tierra y ahí permanecerán toda la eternidad pedazos de basura.,Feliz día de los difuntos FMLN y Arena que ahora ya están bajo la tierra y ahí permanecerán toda la eternidad pedazos de basura.,feliz dia de los difuntos fmln y arena que ahora ya estan bajo la tierra y ahi permaneceran toda la eternidad pedazos de basura,Lenguaje Ofensivo,1,Insulto Directo,Partidos políticos,NO,NO,SI,128,24,0,0,0,1
466,X,2026-07-14,USER_466,Nos vale verga tu entrevista mierda .l. queremos a los mareros bajo tierra !!! Y a sus financistas también .,Nos vale verga tu entrevista mierda .l. queremos a los mareros bajo tierra !!! Y a sus financistas también .,nos vale verga tu entrevista mierda l queremos a los mareros bajo tierra y a sus financistas tambien,Amenazas/Violencia,3,Deseo de Daño,Pandilleros y financistas,NO,NO,NO,108,20,0,0,0,3
1757,X,2026-06-07,USER_1757,Vos tu madre pendejo jajajaja defensores uds caras de mi verga,Vos tu madre pendejo jajajaja defensores uds caras de mi verga,vos tu madre pendejo jajajaja defensores uds caras de mi verga,Lenguaje Ofensivo,1,Insulto Directo,Persona Individual,NO,NO,NO,62,11,0,0,0,2
2695,X,2026-07-05,USER_2695,"Pero en el buen sentido de la palabra, eh!. Son negros de mierda, pero en el buen sentido de la palabra. Racismo candido","Pero en el buen sentido de la palabra, eh!. Son negros de mierda, pero en el buen sentido de la palabra. Racismo candido",pero en el buen sentido de la palabra eh son negros de mierda pero en el buen sentido de la palabra racismo candido,Discurso de Odio,2,Racismo,Personas negras,NO,NO,NO,120,23,0,0,0,2
911,Facebook,2026-07-23,USER_911,"""Y ESTE"" A LEGUAS SE TE VE"" QUE TENES A TODA TU FAMILIA EN EL CECOT"" ANDA CON CUIDADO QUE SOLO VOS FALTAS"" COMO SE VE"" EN ESA CARA DE PLASTA QUE TENES"" QUIERE LLORAR, QUIERE LLORAR"" ""SABES QUE"" ANDATE AL CARAJO GORGOJO""","""Y ESTE"" A LEGUAS SE TE VE"" QUE TENES A TODA TU FAMILIA EN EL CECOT"" ANDA CON CUIDADO QUE SOLO VOS FALTAS"" COMO SE VE"" EN ESA CARA DE PLASTA QUE TENES"" QUIERE LLORAR, QUIERE LLORAR"" ""SABES QUE"" ANDATE AL CARAJO GORGOJO""",y este a leguas se te ve que tenes a toda tu familia en el cecot anda con cuidado que solo vos faltas como se ve en esa cara de plasta que tenes quiere llorar quiere llorar sabes que andate al carajo gorgojo,Amenazas/Violencia,3,Amenaza Implícita,Otro comentarista,NO,NO,NO,219,43,0,0,0,1
1109,Facebook,2026-06-24,USER_1109,La estupidez sonriendo 😀,La estupidez sonriendo :cara_sonriendo:,la estupidez sonriendo,Lenguaje Ofensivo,1,Insulto Directo,Persona Individual,SÍ,NO,NO,24,4,1,0,0,0
1760,X,2026-06-07,USER_1760,"Me vale verga lo que visites o no visites, aqui el tema es no tirar basura en el suelo sin importar si hay o no basurero cerca. Se entiende o todavia no?","Me vale verga lo que visites o no visites, aqui el tema es no tirar basura en el suelo sin importar si hay o no basurero cerca. Se entiende o todavia no?",me vale verga lo que visites o no visites aqui el tema es no tirar basura en el suelo sin importar si hay o no basurero cerca se entiende o todavia no,Lenguaje Ofensivo,1,Palabras Obscenas,,NO,NO,NO,153,32,0,0,0,2
1010,Facebook,2026-07-24,USER_1010,Sé Puede Difamar A Una Comerciante Humilde Cómo Por Cuestión Política Cuando Ella No Exije Qué Le Compré De Su Venta. .....Éso Está Malo,Sé Puede Difamar A Una Comerciante Humilde Cómo Por Cuestión Política Cuando Ella No Exije Qué Le Compré De Su Venta. .....Éso Está Malo,se puede difamar a una comerciante humilde como por cuestion politica cuando ella no exije que le compre de su venta eso esta malo,No Tóxico,0,,,NO,NO,SÍ,136,24,0,0,0,0
2711,X,2026-07-11,USER_2711,"Y si, también pasa en Perú y creo que se avergüenzan de ser o pertenecer, hemos sido maltratados y quizás sea su forma de querer ser parte de algún tipo de identidad ya que la propia fue disminuida. Indios de Mierda aún resuena en mi cabeza.","Y si, también pasa en Perú y creo que se avergüenzan de ser o pertenecer, hemos sido maltratados y quizás sea su forma de querer ser parte de algún tipo de identidad ya que la propia fue disminuida. Indios de Mierda aún resuena en mi cabeza.",y si tambien pasa en peru y creo que se averguenzan de ser o pertenecer hemos sido maltratados y quizas sea su forma de querer ser parte de algun tipo de identidad ya que la propia fue disminuida indios de mierda aun resuena en mi cabeza,No Tóxico,0,,Personas indigenas,NO,NO,NO,241,46,0,0,0,2
2618,X,2026-06-11,USER_2618,Decir la verdad es racismo? Ojalá todos los putos zurdos de mierda salieran a defender a las mujeres que son violadas por esos putos inmigrantes ilegales o los chavales blancos que son asesinados por putos negros,Decir la verdad es racismo? Ojalá todos los putos zurdos de mierda salieran a defender a las mujeres que son violadas por esos putos inmigrantes ilegales o los chavales blancos que son asesinados por putos negros,decir la verdad es racismo ojala todos los putos zurdos de mierda salieran a defender a las mujeres que son violadas por esos putos inmigrantes ilegales o los chavales blancos que son asesinados por putos negros,Discurso de Odio,2,Xenofobia,Personas inmigrantes; personas negras,NO,NO,NO,212,36,0,0,0,4
587,Facebook,2026-07-14,USER_587,Alejandrita que linda eres mi princesa hermosa y bien bonita. Que alegría verte y tener el privilegio de saludarte mi bella princesa. Que por todo eso y muchas cosas más te mando un millón de besitos y abrazos solamente para ti mi amorcito tan querida de toda mi vida.,Alejandrita que linda eres mi princesa hermosa y bien bonita. Que alegría verte y tener el privilegio de saludarte mi bella princesa. Que por todo eso y muchas cosas más te mando un millón de besitos y abrazos solamente para ti mi amorcito tan querida de toda mi vida.,alejandrita que linda eres mi princesa hermosa y bien bonita que alegria verte y tener el privilegio de saludarte mi bella princesa que por todo eso y muchas cosas mas te mando un millon de besitos y abrazos solamente para ti mi amorcito tan querida de toda mi vida,No Tóxico,0,,,NO,NO,NO,268,49,0,0,0,0
803,Facebook,2026-07-18,USER_803,"Porfavor no nos los regresen, mándelos al cecot","Porfavor no nos los regresen, mándelos al cecot",porfavor no nos los regresen mandelos al cecot,Amenazas/Violencia,3,Deseo de Daño,Extranjeros (guatemaltecos detenidos),NO,NO,NO,47,8,0,0,0,0
1184,Facebook,2026-06-26,USER_1184,Ya ay oro entonces artesenlo perros de gobierno q van sobre todo si por poco no los roban el teléfono y cartera,Ya ay oro entonces artesenlo perros de gobierno q van sobre todo si por poco no los roban el teléfono y cartera,ya ay oro entonces artesenlo perros de gobierno q van sobre todo si por poco no los roban el telefono y cartera,Lenguaje Ofensivo,1,Insulto Directo,Persona Individual,NO,NO,SÍ,111,22,0,0,0,1
1374,Facebook,2026-06-25,USER_1374,De prostituto ah que redes si que la gente es mero tonta nooo,De prostituto ah que redes si que la gente es mero tonta nooo,de prostituto ah que redes si que la gente es mero tonta nooo,Lenguaje Ofensivo,1,Insulto Directo,Persona Individual,SÍ,NO,NO,61,13,0,0,0,1
1122,Facebook,2026-06-24,USER_1122,Que publicación más mierda de esos basuras hediondos,Que publicación más mierda de esos basuras hediondos,que publicacion mas mierda de esos basuras hediondos,Lenguaje Ofensivo,1,Insulto Directo,,NO,NO,NO,52,8,0,0,0,1
1274,Facebook,2026-07-12,USER_1274,Deberían retirarse toda esa bola de mantenidos pidones,Deberían retirarse toda esa bola de mantenidos pidones,deberian retirarse toda esa bola de mantenidos pidones,Lenguaje Ofensivo,1,Insulto Directo,Persona Individual,SÍ,SÍ,NO,54,8,0,0,0,0
592,Facebook,2026-07-14,USER_592,Bendiciones desde México,Bendiciones desde México,bendiciones desde mexico,No Tóxico,0,,,NO,NO,NO,24,3,0,0,0,0
478,X,2026-07-14,USER_478,"Quiero ver caminada de mareros, no a las bartolinas sino a la fosa comun","Quiero ver caminada de mareros, no a las bartolinas sino a la fosa comun",quiero ver caminada de mareros no a las bartolinas sino a la fosa comun,Amenazas/Violencia,3,Deseo de Daño,Pandilleros/Mareros,NO,NO,NO,72,14,0,0,0,1
1159,Facebook,2026-06-25,USER_1159,Excelente para mala cultura que éstos malditos queriendo in culcacar esa mala racha no se puede,Excelente para mala cultura que éstos malditos queriendo in culcacar esa mala racha no se puede,excelente para mala cultura que estos malditos queriendo in culcacar esa mala racha no se puede,Lenguaje Ofensivo,1,Insulto Directo,Influencers,NO,NO,NO,95,16,0,0,0,0
2720,X,2026-06-21,USER_2720,"Que cortos se quedaron con la campaña del desierto, todavia tenemos indios de mierda, ahora se les llama villeros","Que cortos se quedaron con la campaña del desierto, todavia tenemos indios de mierda, ahora se les llama villeros",que cortos se quedaron con la campana del desierto todavia tenemos indios de mierda ahora se les llama villeros,Discurso de Odio,2,Racismo,Personas indigenas,NO,NO,NO,113,19,0,0,0,3
2967,X,2026-05-31,USER_2967,Pero que negros de mierda,Pero que negros de mierda,pero que negros de mierda,Discurso de Odio,2,Racismo,Personas negras o racializadas,NO,NO,NO,25,5,0,0,0,2
2883,X,2026-06-30,USER_2883,...Nuñez.... Bastaba dejar tu justificación hasta ahí y parar Bala a TODOS los inmigrantes de mierda,...Nuñez.... Bastaba dejar tu justificación hasta ahí y parar Bala a TODOS los inmigrantes de mierda,nunez bastaba dejar tu justificacion hasta ahi y parar bala a todos los inmigrantes de mierda,Amenazas/Violencia,3,Incitación a la Violencia,Personas inmigrantes,NO,NO,NO,100,16,0,0,0,3
2222,Facebook,2026-06-24,USER_2222,"Angelo Rezabala en Argentina tenemos 4 comidas, desayuno, almuerzo, merienda y cena JAJAJJAJA","Angelo Rezabala en Argentina tenemos 4 comidas, desayuno, almuerzo, merienda y cena JAJAJJAJA",angelo rezabala en argentina tenemos comidas desayuno almuerzo merienda y cena jajajjaja,No Tóxico,0,,Personas argentinas,SI,SI,NO,93,13,0,0,0,0
2244,Facebook,2026-05-29,USER_2244,"Felicidades Argentinos, tienen una gran selección.","Felicidades Argentinos, tienen una gran selección.",felicidades argentinos tienen una gran seleccion,No Tóxico,0,,Personas argentinas,SI,SI,NO,50,6,0,0,0,0
1805,X,2026-06-07,USER_1805,"Igual Bukele, tiene a la Borracha Milena Mayorga en EEUU qué solo a verga pasa.","Igual Bukele, tiene a la Borracha Milena Mayorga en EEUU qué solo a verga pasa.",igual bukele tiene a la borracha milena mayorga en eeuu que solo a verga pasa,Lenguaje Ofensivo,1,Insulto Directo,Persona Individual,NO,NO,SÍ,79,15,0,0,0,1
575,Facebook,2026-07-14,USER_575,"Dios lo tenga en su Santa Gloria,gracias x apoyar a la juventud el cuando el alumno se ausentaba x alguna razón ,mandaba a llamar al alumno para ver el porq de su ausencia y darle su apoyo Mis condolencias a la familia Dios les dé fortaleza en estos duros momentos","Dios lo tenga en su Santa Gloria,gracias x apoyar a la juventud el cuando el alumno se ausentaba x alguna razón ,mandaba a llamar al alumno para ver el porq de su ausencia y darle su apoyo Mis condolencias a la familia Dios les dé fortaleza en estos duros momentos",dios lo tenga en su santa gloria gracias x apoyar a la juventud el cuando el alumno se ausentaba x alguna razon mandaba a llamar al alumno para ver el porq de su ausencia y darle su apoyo mis condolencias a la familia dios les de fortaleza en estos duros momentos,No Tóxico,0,,,NO,NO,NO,264,50,0,0,0,0
1885,X,2026-07-08,USER_1885,Qué rico malo es el culo sólo para meterte a la verga,Qué rico malo es el culo sólo para meterte a la verga,que rico malo es el culo solo para meterte a la verga,Lenguaje Ofensivo,1,Palabras Obscenas,,NO,NO,NO,53,12,0,0,0,2
2221,Facebook,2026-06-21,USER_2221,"Reynaldo Jara Los barcelonistas ya nos burlamos de penaldo y penalpé, ahora si gana Argentina celebraremos con Messi y si gana España celebraremos con Yamal","Reynaldo Jara Los barcelonistas ya nos burlamos de penaldo y penalpé, ahora si gana Argentina celebraremos con Messi y si gana España celebraremos con Yamal",reynaldo jara los barcelonistas ya nos burlamos de penaldo y penalpe ahora si gana argentina celebraremos con messi y si gana espana celebraremos con yamal,No Tóxico,0,,Personas argentinas,SI,SI,NO,156,25,0,0,0,1
2656,X,2026-07-02,USER_2656,"Así es Julio, si antes me molestaba que nos dijeran venezolanos de mierda, ahora mucho más, el venezolano es solidario y se crece en la adversidad, me siento ORGULLOSA de mi gente.","Así es Julio, si antes me molestaba que nos dijeran venezolanos de mierda, ahora mucho más, el venezolano es solidario y se crece en la adversidad, me siento ORGULLOSA de mi gente.",asi es julio si antes me molestaba que nos dijeran venezolanos de mierda ahora mucho mas el venezolano es solidario y se crece en la adversidad me siento orgullosa de mi gente,No Tóxico,0,,Personas venezolanas,NO,NO,NO,180,32,0,0,0,1
1998,X,2026-06-14,USER_1998,lo de la chica roro peleando con una mascara para soldar q cojones es,lo de la chica roro peleando con una mascara para soldar q cojones es,lo de la chica roro peleando con una mascara para soldar q cojones es,Lenguaje Ofensivo,1,Palabras Obscenas,,NO,NO,NO,69,14,0,0,0,1
1647,X,2026-05-30,USER_1647,Este es el humor español? Vaya mierda de humor que tienen los equipos chicos sin Champions.,Este es el humor español? Vaya mierda de humor que tienen los equipos chicos sin Champions.,este es el humor espanol vaya mierda de humor que tienen los equipos chicos sin champions,Lenguaje Ofensivo,1,Crítica Fuerte,,SÍ,NO,NO,91,16,0,0,0,1
722,Facebook,2026-07-14,USER_722,"Pregunta y que raza es pura actualmente, que no sea fruto de mestizaje?","Pregunta y que raza es pura actualmente, que no sea fruto de mestizaje?",pregunta y que raza es pura actualmente que no sea fruto de mestizaje,No Tóxico,0,,,NO,NO,NO,71,13,0,0,0,0
2843,X,2026-06-14,USER_2843,discapacitados de mierda todos,discapacitados de mierda todos,discapacitados de mierda todos,Discurso de Odio,2,Capacitismo,Personas con discapacidad,NO,NO,NO,30,4,0,0,0,1
2035,X,2026-06-14,USER_2035,Menudo hijo de la gran puta.,Menudo hijo de la gran puta.,menudo hijo de la gran puta,Lenguaje Ofensivo,1,Insulto Directo,Persona Individual,NO,NO,NO,28,6,0,0,0,1
415,X,2026-07-14,USER_415,Es hora de meter a los mareros en un pozo donde no les pegue ni la luz del sol. Urge l apena de muerte y el destierro total de estas ratas..,Es hora de meter a los mareros en un pozo donde no les pegue ni la luz del sol. Urge l apena de muerte y el destierro total de estas ratas..,es hora de meter a los mareros en un pozo donde no les pegue ni la luz del sol urge l apena de muerte y el destierro total de estas ratas,Amenazas/Violencia,3,Deseo de Daño,Pandilleros/Mareros,NO,NO,NO,140,31,0,0,0,1
154,X,2026-07-13,USER_154,Así hacemos una sesión de fotos de trajes de baño http:// goo.gl/Q8LBEa #VeranoSV,Así hacemos una sesión de fotos de trajes de baño http:// goo.gl/Q8LBEa #VeranoSV,asi hacemos una sesion de fotos de trajes de bano http goo gl q lbea veranosv,No Tóxico,0,,,NO,NO,NO,81,13,0,0,1,0
1302,Facebook,2026-07-11,USER_1302,"Esos si son ""migajeros"" o lo peor ""limosneros y con garrot3""","Esos si son ""migajeros"" o lo peor ""limosneros y con garrot3""",esos si son migajeros o lo peor limosneros y con garrot,Lenguaje Ofensivo,1,Insulto Directo,Persona Individual,NO,NO,SÍ,60,11,0,0,0,1
1000,Facebook,2026-07-24,USER_1000,Excelente deberian de ir al paredón,Excelente deberian de ir al paredón,excelente deberian de ir al paredon,Amenazas/Violencia,3,Incitación a la Violencia,Grupo,NO,NO,NO,35,6,0,0,0,0
767,Facebook,2026-07-18,USER_767,Cadenaperpetua para ese ;iejorrancio desgraciado qlotopensinpiedad art empujar la pila biejojediondorrancio,Cadenaperpetua para ese ;iejorrancio desgraciado qlotopensinpiedad art empujar la pila biejojediondorrancio,cadenaperpetua para ese iejorrancio desgraciado qlotopensinpiedad art empujar la pila biejojediondorrancio,Lenguaje Ofensivo,1,Insulto Directo,Individuo,NO,NO,NO,107,11,0,0,0,0
2151,Facebook,2026-06-27,USER_2151,Va ganar fifantina Inglaterra trae el saco de sal harry kene,Va ganar fifantina Inglaterra trae el saco de sal harry kene,va ganar fifantina inglaterra trae el saco de sal harry kene,No Tóxico,0,,Personas argentinas,SI,SI,NO,60,11,0,0,0,0
914,Facebook,2026-07-23,USER_914,Una basura fuera de las calles y va para el cecot,Una basura fuera de las calles y va para el cecot,una basura fuera de las calles y va para el cecot,Amenazas/Violencia,3,Deseo de Daño,Detenido señalado,NO,NO,NO,49,11,0,0,0,1
433,X,2026-07-14,USER_433,Marero Visto Marero Muerto... ... así DEBE ser la #GuerraContraPandillas https:// x.com/CronicaPolicia /CronicaPolicial/status/1539354249582239744 …,Marero Visto Marero Muerto... ... así DEBE ser la #GuerraContraPandillas https:// x.com/CronicaPolicia /CronicaPolicial/status/1539354249582239744 …,marero visto marero muerto asi debe ser la guerracontrapandillas https x com cronicapolicia cronicapolicial status,Amenazas/Violencia,3,Incitación a la Violencia,Pandilleros/Mareros,NO,NO,SÍ,148,14,0,0,1,2
1976,X,2026-06-14,USER_1976,Patéticos!! Esto es una pesadilla!!! Dónde está ese 58 % que nos mandó al carajo como país. 100 años atrás por la cresta,Patéticos!! Esto es una pesadilla!!! Dónde está ese 58 % que nos mandó al carajo como país. 100 años atrás por la cresta,pateticos esto es una pesadilla donde esta ese que nos mando al carajo como pais anos atras por la cresta,Lenguaje Ofensivo,1,Crítica Fuerte,,NO,NO,SÍ,120,23,0,0,0,0
233,X,2026-07-14,USER_233,Este sábado! #musicaSv,Este sábado! #musicaSv,este sabado musicasv,No Tóxico,0,,,NO,NO,NO,22,3,0,0,1,0
2785,X,2026-07-12,USER_2785,"Con su bata de laboratorio a lo ""españoles por el mundo: no os vayais a confundir, gitanos de mierda!""","Con su bata de laboratorio a lo ""españoles por el mundo: no os vayais a confundir, gitanos de mierda!""",con su bata de laboratorio a lo espanoles por el mundo no os vayais a confundir gitanos de mierda,Discurso de Odio,2,Racismo,Personas gitanas,NO,NO,NO,102,19,0,0,0,2
1875,X,2026-07-08,USER_1875,El anciano q tanto critica a todos y los llama pendejos por no pensar como el ahi esta con las focas el pobre culero 😏,El anciano q tanto critica a todos y los llama pendejos por no pensar como el ahi esta con las focas el pobre culero :cara_sonriendo_con_superioridad:,el anciano q tanto critica a todos y los llama pendejos por no pensar como el ahi esta con las focas el pobre culero,Lenguaje Ofensivo,1,Insulto Directo,Persona Individual,SÍ,SÍ,SÍ,118,25,1,0,0,4
505,Facebook,2026-07-14,USER_505,Embape gano el mundial con 17 años ya se les ovidoo,Embape gano el mundial con 17 años ya se les ovidoo,embape gano el mundial con anos ya se les ovidoo,No Tóxico,0,,,NO,NO,NO,51,11,0,0,0,1
2123,Facebook,2026-07-08,USER_2123,Alexander Sagastume lo mismo que Guatemala JAJAJSJDJSJAJAIWOXPX,Alexander Sagastume lo mismo que Guatemala JAJAJSJDJSJAJAIWOXPX,alexander sagastume lo mismo que guatemala jajajsjdjsjajaiwoxpx,No Tóxico,0,,Personas argentinas,SI,SI,NO,63,7,0,0,0,0
742,Facebook,2026-07-14,USER_742,"El salvador no da porque le sobre, El salvador da porque sabemos que es necesitar !","El salvador no da porque le sobre, El salvador da porque sabemos que es necesitar !",el salvador no da porque le sobre el salvador da porque sabemos que es necesitar,No Tóxico,0,,,NO,NO,NO,83,16,0,0,0,1
672,Facebook,2026-07-14,USER_672,Hola saludos que tengas una hermosa navidad,Hola saludos que tengas una hermosa navidad,hola saludos que tengas una hermosa navidad,No Tóxico,0,,,NO,NO,NO,43,7,0,0,0,0
407,X,2026-07-14,USER_407,No hay marcha atrás. El régimen de excepción debe continuar hasta que los terroristas pandilleros sean exterminados de la fas de la tierra salvadoreña. #SeguimosGuerraContraLasPandillas,No hay marcha atrás. El régimen de excepción debe continuar hasta que los terroristas pandilleros sean exterminados de la fas de la tierra salvadoreña. #SeguimosGuerraContraLasPandillas,no hay marcha atras el regimen de excepcion debe continuar hasta que los terroristas pandilleros sean exterminados de la fas de la tierra salvadorena seguimosguerracontralaspandillas,Amenazas/Violencia,3,Incitación a la Violencia,Pandilleros/Mareros,NO,NO,SÍ,185,25,0,0,1,2
2320,Facebook,2026-07-21,USER_2320,"Los de cerrocigalpa no tienen opinion jajajajaja ni agua tienen xd hahahaha Fuera de broma los dos son iguales pero el mexicanos es más doble moral, tienen invadidos todos los grupos de facebook y lo único que saben es atacar a otros países, señalan con un dedo sin ver qué hay cuatro dedos de la misma mano que los señalan a ellos xd","Los de cerrocigalpa no tienen opinion jajajajaja ni agua tienen xd hahahaha Fuera de broma los dos son iguales pero el mexicanos es más doble moral, tienen invadidos todos los grupos de facebook y lo único que saben es atacar a otros países, señalan con un dedo sin ver qué hay cuatro dedos de la misma mano que los señalan a ellos xd",los de cerrocigalpa no tienen opinion jajajajaja ni agua tienen xd hahahaha fuera de broma los dos son iguales pero el mexicanos es mas doble moral tienen invadidos todos los grupos de facebook y lo unico que saben es atacar a otros paises senalan con un dedo sin ver que hay cuatro dedos de la misma mano que los senalan a ellos xd,Discurso de Odio,2,Estigmatización Nacional,"Hondureños, Mexicanos",NO,NO,NO,334,63,0,0,0,2
383,X,2026-07-14,USER_383,"Estoy contigo , Para ser “terroristas “ los mareros se dan buena vida . Necesitan una pena de muerte , cuantos fueron los que la MS 13 mató en Brentwood, Long Island 12 personas . Ya es suficiente demasiado los mima el gobierno de El Salvador . @USAmbSV","Estoy contigo , Para ser ""terroristas "" los mareros se dan buena vida . Necesitan una pena de muerte , cuantos fueron los que la MS 13 mató en Brentwood, Long Island 12 personas . Ya es suficiente demasiado los mima el gobierno de El Salvador . @usuario",estoy contigo para ser terroristas los mareros se dan buena vida necesitan una pena de muerte cuantos fueron los que la ms mato en brentwood long island personas ya es suficiente demasiado los mima el gobierno de el salvador usuario,Amenazas/Violencia,3,Deseo de Daño,Pandilleros/Mareros,NO,NO,SÍ,253,48,0,1,0,2
1560,X,2026-05-24,USER_1560,Ojalá pudieras ocultar tu tremenda ignorancia,Ojalá pudieras ocultar tu tremenda ignorancia,ojala pudieras ocultar tu tremenda ignorancia,Lenguaje Ofensivo,1,Insulto Directo,Persona Individual,NO,NO,NO,45,6,0,0,0,0
1495,Facebook,2026-07-26,USER_1495,Ya salio la oposición hablando pura mierda malparidos. Presenten. Evidencias haver si las tienen,Ya salio la oposición hablando pura mierda malparidos. Presenten. Evidencias haver si las tienen,ya salio la oposicion hablando pura mierda malparidos presenten evidencias haver si las tienen,Lenguaje Ofensivo,1,Insulto Directo,,NO,NO,SÍ,96,14,0,0,0,1
1849,X,2026-06-07,USER_1849,"Decía Ron Damon ""lo que tenés de pendejo lo tenés de pendejo""resulta que ahora vos vas a decidir lo que le conviene al pueblo salvadoreño, el chiste se cuenta solo .","Decía Ron Damon ""lo que tenés de pendejo lo tenés de pendejo""resulta que ahora vos vas a decidir lo que le conviene al pueblo salvadoreño, el chiste se cuenta solo .",decia ron damon lo que tenes de pendejo lo tenes de pendejo resulta que ahora vos vas a decidir lo que le conviene al pueblo salvadoreno el chiste se cuenta solo,Lenguaje Ofensivo,1,Insulto Directo,Persona Individual,SÍ,SÍ,SÍ,165,31,0,0,0,1
1060,Facebook,2026-06-14,USER_1060,"No les crean a estos hijos de fruta, terengos desestabilizadores que solo para pensar y decir caca sirven, porque eso es lo que tienen en el guacal de la cabeza, en vez de cerebro tienen un chipuste de excremento.","No les crean a estos hijos de fruta, terengos desestabilizadores que solo para pensar y decir caca sirven, porque eso es lo que tienen en el guacal de la cabeza, en vez de cerebro tienen un chipuste de excremento.",no les crean a estos hijos de fruta terengos desestabilizadores que solo para pensar y decir caca sirven porque eso es lo que tienen en el guacal de la cabeza en vez de cerebro tienen un chipuste de excremento,Lenguaje Ofensivo,1,Insulto Directo,Persona Individual,NO,NO,NO,213,39,0,0,0,2
2333,Facebook,2026-07-22,USER_2333,ya cállese señora.... Póngase a publicar piolines ??????,ya cállese señora.... Póngase a publicar piolines ??????,ya callese senora pongase a publicar piolines,Lenguaje Ofensivo,1,Tono Agresivo,Adultos mayores,NO,NO,NO,56,8,0,0,0,0
2023,X,2026-06-14,USER_2023,or qué las putas florerías cierran los domingos? Que pinche necesidad?? ahora ando valiendo verga por olvidadizo 😭,or qué las putas florerías cierran los domingos? Que pinche necesidad?? ahora ando valiendo verga por olvidadizo :cara_llorando_fuerte:,or que las putas florerias cierran los domingos que pinche necesidad ahora ando valiendo verga por olvidadizo,Lenguaje Ofensivo,1,Palabras Obscenas,,SÍ,NO,NO,114,18,1,0,0,3
3012,X,2026-06-30,USER_3012,"A veces somos racistas, otras unos negros de mierda .esta muy difícil seguir su hilo de pensamiento...","A veces somos racistas, otras unos negros de mierda .esta muy difícil seguir su hilo de pensamiento...",a veces somos racistas otras unos negros de mierda esta muy dificil seguir su hilo de pensamiento,No Tóxico,0,,Personas negras o racializadas,NO,NO,NO,102,17,0,0,0,2
1415,Facebook,2026-06-14,USER_1415,Miren y a ustedes que les importa donde o qué ase el hombre 🤔 o estan interesados en matarlo o le van a dar un premio por su trabajo pendejos,Miren y a ustedes que les importa donde o qué ase el hombre :cara_pensativa: o estan interesados en matarlo o le van a dar un premio por su trabajo pendejos,miren y a ustedes que les importa donde o que ase el hombre o estan interesados en matarlo o le van a dar un premio por su trabajo pendejos,Lenguaje Ofensivo,1,Insulto Directo,Persona Individual,SÍ,SÍ,SÍ,141,30,1,0,0,1
912,Facebook,2026-07-23,USER_912,Directito al CECOT,Directito al CECOT,directito al cecot,Amenazas/Violencia,3,Deseo de Daño,Delincuentes/pandilleros,NO,NO,NO,18,3,0,0,0,0
3036,X,2026-06-23,USER_3036,"Porque no los fumigan a esos indios de mierda, pichicateros lastre de Bolivia","Porque no los fumigan a esos indios de mierda, pichicateros lastre de Bolivia",porque no los fumigan a esos indios de mierda pichicateros lastre de bolivia,Amenazas/Violencia,3,Incitación a la Violencia,Personas latinoamericanas,NO,NO,NO,77,13,0,0,0,3
1127,Facebook,2026-06-25,USER_1127,2 millones de pende.. viendo cosas sin sentido ...por eso estamos como estamos 😂 😂 😂,2 millones de pende.. viendo cosas sin sentido ...por eso estamos como estamos :cara_llorando_de_risa: :cara_llorando_de_risa: :cara_llorando_de_risa:,millones de pende viendo cosas sin sentido por eso estamos como estamos,Lenguaje Ofensivo,1,Insulto Directo,,SÍ,NO,NO,84,16,3,0,0,0
1410,Facebook,2026-06-14,USER_1410,Yo también iba allí pendejo,Yo también iba allí pendejo,yo tambien iba alli pendejo,Lenguaje Ofensivo,1,Insulto Directo,Persona Individual,NO,NO,SÍ,27,5,0,0,0,1
660,Facebook,2026-07-14,USER_660,Correcto en las Elecciones dejaremos Claro a la Oposición que Apoyamos al 100 % la Reelección de Presidente Nayid Bukele.,Correcto en las Elecciones dejaremos Claro a la Oposición que Apoyamos al 100 % la Reelección de Presidente Nayid Bukele.,correcto en las elecciones dejaremos claro a la oposicion que apoyamos al la reeleccion de presidente nayid bukele,No Tóxico,0,,,NO,NO,SÍ,121,20,0,0,0,0
1330,Facebook,2026-06-25,USER_1330,"Por fea y vulgar no aprobó, muy bien me parece muy bien hubiese sido vergüenza como el nuegado.","Por fea y vulgar no aprobó, muy bien me parece muy bien hubiese sido vergüenza como el nuegado.",por fea y vulgar no aprobo muy bien me parece muy bien hubiese sido verguenza como el nuegado,Lenguaje Ofensivo,1,Insulto Directo,Persona Individual,SÍ,NO,NO,95,18,0,0,0,0
2307,Facebook,2026-07-23,USER_2307,sos del otro equipo o te falta para el lempira que tenés tiempo de criticar a una mujer travesty.,sos del otro equipo o te falta para el lempira que tenés tiempo de criticar a una mujer travesty.,sos del otro equipo o te falta para el lempira que tenes tiempo de criticar a una mujer travesty,Discurso de Odio,2,Homofobia,Personas LGBT,NO,NO,NO,97,19,0,0,0,0
2231,Facebook,2026-06-16,USER_2231,"No es agresión, es que es Argentina.","No es agresión, es que es Argentina.",no es agresion es que es argentina,No Tóxico,0,,Personas argentinas,SI,SI,NO,36,7,0,0,0,0
158,X,2026-07-13,USER_158,"#Nacionales Autoridades estiman una alta afluencia turística en El Salvador, lo que dinamizará la economía en diferentes rubros. @miturelsalvador Mas información aquí: https:// shre.ink/LVwB #Turismo #SemanaSantaSV #EconomíaSV #Viajes KG","#Nacionales Autoridades estiman una alta afluencia turística en El Salvador, lo que dinamizará la economía en diferentes rubros. @usuario Mas información aquí: https:// shre.ink/LVwB #Turismo #SemanaSantaSV #EconomíaSV #Viajes KG",nacionales autoridades estiman una alta afluencia turistica en el salvador lo que dinamizara la economia en diferentes rubros usuario mas informacion aqui https shre ink lvwb turismo semanasantasv economiasv viajes kg,No Tóxico,0,,,NO,NO,NO,237,29,0,1,5,0
2117,Facebook,2026-07-03,USER_2117,"Luis Lemus No olvides Mexicanos, Bicholovers, y demás Anti-Messi/Argentina","Luis Lemus No olvides Mexicanos, Bicholovers, y demás Anti-Messi/Argentina",luis lemus no olvides mexicanos bicholovers y demas anti messi argentina,No Tóxico,0,,Personas argentinas,SI,SI,NO,74,9,0,0,0,0
1777,X,2026-06-07,USER_1777,Este serote maroso un ande haciende dela suyas los 3 dorito pues,Este serote maroso un ande haciende dela suyas los 3 dorito pues,este serote maroso un ande haciende dela suyas los dorito pues,Lenguaje Ofensivo,1,Insulto Directo,Persona Individual,NO,NO,NO,64,12,0,0,0,1
2281,Facebook,2026-07-23,USER_2281,"Le dicen la Camarona , le quitas la cabeza y lo demás está bueno ??","Le dicen la Camarona , le quitas la cabeza y lo demás está bueno ??",le dicen la camarona le quitas la cabeza y lo demas esta bueno,Lenguaje Ofensivo,1,Insulto Directo,Personas con enanismo,NO,NO,NO,67,15,0,0,0,0
1579,X,2026-05-24,USER_1579,"🖕🏼🖕🏼🖕🏼🖕🏼🖕🏼🖕🏼🖕🏼🖕🏼🖕🏼🖕🏼🖕🏼🖕🏼🖕🏼🖕🏼🖕🏼🖕🏼🖕🏼🖕🏼🖕🏼🖕🏼🖕🏼🖕🏼va ahí está mi mano, ahh perdón mi dedo, pendejo, el señor ya es Salvadoreño, te guste o no.",":dedo_corazón_hacia_arriba: :dedo_corazón_hacia_arriba: :dedo_corazón_hacia_arriba: :dedo_corazón_hacia_arriba: :dedo_corazón_hacia_arriba: :dedo_corazón_hacia_arriba: :dedo_corazón_hacia_arriba: :dedo_corazón_hacia_arriba: :dedo_corazón_hacia_arriba: :dedo_corazón_hacia_arriba: :dedo_corazón_hacia_arriba: :dedo_corazón_hacia_arriba: :dedo_corazón_hacia_arriba: :dedo_corazón_hacia_arriba: :dedo_corazón_hacia_arriba: :dedo_corazón_hacia_arriba: :dedo_corazón_hacia_arriba: :dedo_corazón_hacia_arriba: :dedo_corazón_hacia_arriba: :dedo_corazón_hacia_arriba: :dedo_corazón_hacia_arriba: :dedo_corazón_hacia_arriba: va ahí está mi mano, ahh perdón mi dedo, pendejo, el señor ya es Salvadoreño, te guste o no.",va ahi esta mi mano ahh perdon mi dedo pendejo el senor ya es salvadoreno te guste o no,Lenguaje Ofensivo,1,Insulto Directo,Persona Individual,SÍ,NO,SÍ,136,19,22,0,0,2
1748,X,2026-06-07,USER_1748,"lo de puyabotones es más real que la transparencia del gobierno, mientras esa imagen es editada, pedazo de charlatán pendejo, ni siquiera vives en El Salvador, puta rata","lo de puyabotones es más real que la transparencia del gobierno, mientras esa imagen es editada, pedazo de charlatán pendejo, ni siquiera vives en El Salvador, puta rata",lo de puyabotones es mas real que la transparencia del gobierno mientras esa imagen es editada pedazo de charlatan pendejo ni siquiera vives en el salvador puta rata,Lenguaje Ofensivo,1,Insulto Directo,Persona Individual,NO,NO,SÍ,169,28,0,0,0,3
1248,Facebook,2026-07-14,USER_1248,En verdad causan muchísima vergüenza 🙈 Somos conocidos por jugadores mediocres Es vergonzoso ser memes por culpa de unos inválidos 🩼🦽,En verdad causan muchísima vergüenza :mono_con_los_ojos_tapados: Somos conocidos por jugadores mediocres Es vergonzoso ser memes por culpa de unos inválidos :muleta: :silla_de_ruedas_manual:,en verdad causan muchisima verguenza somos conocidos por jugadores mediocres es vergonzoso ser memes por culpa de unos invalidos,Lenguaje Ofensivo,1,Insulto Directo,Persona Individual,NO,NO,SÍ,133,21,3,0,0,0
309,X,2026-07-14,USER_309,#L3RMeQuedeConGanas de linchar a unos cuantos mareros...,#L3RMeQuedeConGanas de linchar a unos cuantos mareros...,l rmequedeconganas de linchar a unos cuantos mareros,Amenazas/Violencia,3,Deseo de Daño,Pandilleros/Mareros,NO,NO,NO,56,7,0,0,1,1
2398,Facebook,2026-07-21,USER_2398,la regla es de un 0te diferente???? Así está escrito en la biblia,la regla es de un 0te diferente???? Así está escrito en la biblia,la regla es de un te diferente asi esta escrito en la biblia,Discurso de Odio,2,Homofobia,"Cristianos, mujeres",NO,NO,NO,65,13,0,0,0,1
23,X,2026-07-13,USER_023,Salvadoran Modes Beginner: Pupusas F+Q Medium: Pupusas revueltas Hard: Pupusas de chicharrón #Extreme: Pupusas + Bitcoin (pagando con Lightning) Super Extreme: ??? ¿Cuál es tu nivel? #ElSalvador #Pupusas #Bitcoin,Salvadoran Modes Beginner: Pupusas F+Q Medium: Pupusas revueltas Hard: Pupusas de chicharrón #Extreme: Pupusas + Bitcoin (pagando con Lightning) Super Extreme: ??? ¿Cuál es tu nivel? #ElSalvador #Pupusas #Bitcoin,salvadoran modes beginner pupusas f q medium pupusas revueltas hard pupusas de chicharron extreme pupusas bitcoin pagando con lightning super extreme cual es tu nivel elsalvador pupusas bitcoin,No Tóxico,0,,,NO,NO,NO,212,29,0,0,4,1
1685,X,2026-06-02,USER_1685,Vieja tan desgraciada sin compasión para las familias salvadoreñas,Vieja tan desgraciada sin compasión para las familias salvadoreñas,vieja tan desgraciada sin compasion para las familias salvadorenas,Lenguaje Ofensivo,1,Insulto Directo,Persona Individual,NO,NO,SÍ,66,9,0,0,0,0
2314,Facebook,2026-07-21,USER_2314,No pues de Guatemala a Guatepeor de ahi a Guatehorrible,No pues de Guatemala a Guatepeor de ahi a Guatehorrible,no pues de guatemala a guatepeor de ahi a guatehorrible,No Tóxico,0,,Guatemaltecos,NO,NO,NO,55,10,0,0,0,0
2746,X,2026-06-02,USER_2746,23 días para que los Judíos de mierda se apoderen del país.,23 días para que los Judíos de mierda se apoderen del país.,dias para que los judios de mierda se apoderen del pais,Discurso de Odio,2,Antisemitismo,Personas judi­as,NO,NO,NO,59,12,0,0,0,1
2340,Facebook,2026-07-21,USER_2340,No le des esperanzas a los argentinos que ya golpearon a la mujer imagínate que le toque otra igual porque vuelvan a perder ??????,No le des esperanzas a los argentinos que ya golpearon a la mujer imagínate que le toque otra igual porque vuelvan a perder ??????,no le des esperanzas a los argentinos que ya golpearon a la mujer imaginate que le toque otra igual porque vuelvan a perder,Amenazas/Violencia,3,Celebración de Violencia,"Argentinos, mujeres",NO,NO,NO,130,24,0,0,0,1
2516,Facebook,2026-07-22,USER_2516,Que asco esos bolos 0rotes chucos,Que asco esos bolos 0rotes chucos,que asco esos bolos rotes chucos,Lenguaje Ofensivo,1,Insulto Directo,Personas en situación de pobreza,NO,NO,NO,33,6,0,0,0,1
2233,Facebook,2026-07-08,USER_2233,"Woooow la actitud de Argentina, la autoridad, contundencia e inteligencia, es lo que debe copiar y tatuarse la selección de México, tener la capacidad para resolver los partidos, le duela a quien le duela, pero debemos aprender de los grandes, tomalos como ejemplo y hacer un estudio y análisis de como ellos resuelven los partidos a favor, con garra, empuje, sin desesperación, cero pelotazos, eso es de un equipo sólido y consistente, ni modo debemos dejar a un lado lo a soberbia, la envidia y rechazo, ellos ya llegaron y nosotros somos el ya mero, el no se pudo, el perdimos como siempre, estamos a 4 años de la siguiente competencia mundial, a ver qué se puede hacer señores. Así nomás.","Woooow la actitud de Argentina, la autoridad, contundencia e inteligencia, es lo que debe copiar y tatuarse la selección de México, tener la capacidad para resolver los partidos, le duela a quien le duela, pero debemos aprender de los grandes, tomalos como ejemplo y hacer un estudio y análisis de como ellos resuelven los partidos a favor, con garra, empuje, sin desesperación, cero pelotazos, eso es de un equipo sólido y consistente, ni modo debemos dejar a un lado lo a soberbia, la envidia y rechazo, ellos ya llegaron y nosotros somos el ya mero, el no se pudo, el perdimos como siempre, estamos a 4 años de la siguiente competencia mundial, a ver qué se puede hacer señores. Así nomás.",woooow la actitud de argentina la autoridad contundencia e inteligencia es lo que debe copiar y tatuarse la seleccion de mexico tener la capacidad para resolver los partidos le duela a quien le duela pero debemos aprender de los grandes tomalos como ejemplo y hacer un estudio y analisis de como ellos resuelven los partidos a favor con garra empuje sin desesperacion cero pelotazos eso es de un equipo solido y consistente ni modo debemos dejar a un lado lo a soberbia la envidia y rechazo ellos ya llegaron y nosotros somos el ya mero el no se pudo el perdimos como siempre estamos a anos de la siguiente competencia mundial a ver que se puede hacer senores asi nomas,No Tóxico,0,,Personas argentinas,SI,SI,NO,692,121,0,0,0,1
2878,X,2026-06-17,USER_2878,A LA CAZA DE LOS INMIGRANTES DE MIERDA TENIAMOS QUE IR,A LA CAZA DE LOS INMIGRANTES DE MIERDA TENIAMOS QUE IR,a la caza de los inmigrantes de mierda teniamos que ir,Amenazas/Violencia,3,Incitación a la Violencia,Personas inmigrantes,NO,NO,NO,54,11,0,0,0,2
1707,X,2026-06-02,USER_1707,SÍGUE MAMANDO SALVADOREÑO HIJO DE PUTA,SÍGUE MAMANDO SALVADOREÑO HIJO DE PUTA,sigue mamando salvadoreno hijo de puta,Lenguaje Ofensivo,1,Insulto Directo,Persona Individual,NO,NO,NO,38,6,0,0,0,1
1152,Facebook,2026-06-25,USER_1152,Grancosa vieja tapuda,Grancosa vieja tapuda,grancosa vieja tapuda,Lenguaje Ofensivo,1,Insulto Directo,Persona Individual,SÍ,SÍ,NO,21,3,0,0,0,0
2826,X,2026-07-05,USER_2826,Gitanos de mierda! Hay que fajarlos a todos,Gitanos de mierda! Hay que fajarlos a todos,gitanos de mierda hay que fajarlos a todos,Amenazas/Violencia,3,Incitación a la Violencia,Personas gitanas,NO,NO,NO,43,8,0,0,0,1
134,X,2026-07-13,USER_134,@pdgespanol muchas regiones de Centroamérica poseemos café de especialidad.. te invitamos a conocer El Salvador @En3Nubes #cafesv,@usuario muchas regiones de Centroamérica poseemos café de especialidad.. te invitamos a conocer El Salvador @usuario #cafesv,usuario muchas regiones de centroamerica poseemos cafe de especialidad te invitamos a conocer el salvador usuario cafesv,No Tóxico,0,,,NO,NO,NO,129,17,0,2,1,0
116,X,2026-07-13,USER_116,Después de ser un complemento que tanto usamos en nuestras infancias de los años 80 y 90 Ahora vienen con detalles únicos para darle un toque diferente y elegante a nuestro look! Diademas con cristales. #aremistore #aremigirls #modasv #tendencia #fashion #elsalvador503,Después de ser un complemento que tanto usamos en nuestras infancias de los años 80 y 90 Ahora vienen con detalles únicos para darle un toque diferente y elegante a nuestro look! Diademas con cristales. #aremistore #aremigirls #modasv #tendencia #fashion #elsalvador503,despues de ser un complemento que tanto usamos en nuestras infancias de los anos y ahora vienen con detalles unicos para darle un toque diferente y elegante a nuestro look diademas con cristales aremistore aremigirls modasv tendencia fashion elsalvador,No Tóxico,0,,,NO,NO,NO,269,41,0,0,6,1
1773,X,2026-06-07,USER_1773,Estos hd100mlpts porque mejor no quedaron en la mano del tata cuando se la estaba jalando! Vamos a lo pura mierda que @VMTElSalvador actua en algunos casos tibios los pendejos para aplicar la ley con estos pendejos,Estos hd100mlpts porque mejor no quedaron en la mano del tata cuando se la estaba jalando! Vamos a lo pura mierda que @usuario actua en algunos casos tibios los pendejos para aplicar la ley con estos pendejos,estos hd mlpts porque mejor no quedaron en la mano del tata cuando se la estaba jalando vamos a lo pura mierda que usuario actua en algunos casos tibios los pendejos para aplicar la ley con estos pendejos,Lenguaje Ofensivo,1,Insulto Directo,Funcionarios Públicos,NO,NO,NO,214,37,0,1,0,4
951,Facebook,2026-07-24,USER_951,Que se muera si para aya vamos todos dijo aquella,Que se muera si para aya vamos todos dijo aquella,que se muera si para aya vamos todos dijo aquella,Amenazas/Violencia,3,Deseo de Daño,Individuo,NO,NO,NO,49,10,0,0,0,1
989,Facebook,2026-07-24,USER_989,Que Orribles viejo infeliz desgraciado cobarde cara de el mismo demonio Que asco de viejo ojalá Que la gustisa Aga bin su trabajo y lo dejen Que se pudra en el Calabozo,Que Orribles viejo infeliz desgraciado cobarde cara de el mismo demonio Que asco de viejo ojalá Que la gustisa Aga bin su trabajo y lo dejen Que se pudra en el Calabozo,que orribles viejo infeliz desgraciado cobarde cara de el mismo demonio que asco de viejo ojala que la gustisa aga bin su trabajo y lo dejen que se pudra en el calabozo,Amenazas/Violencia,3,Deseo de Daño,Individuo,NO,NO,NO,168,32,0,0,0,0
1859,X,2026-06-28,USER_1859,Viejo hijo de puta que se robo al Uruguay,Viejo hijo de puta que se robo al Uruguay,viejo hijo de puta que se robo al uruguay,Lenguaje Ofensivo,1,Insulto Directo,Persona Individual,NO,NO,NO,41,9,0,0,0,1
1425,Facebook,2026-06-14,USER_1425,a de una sola vez fumiguen a esas mierdas cuando las encuentran... Ese cucarachero no tiene arreglo y es peligroso dejarlos porque se reproducen,a de una sola vez fumiguen a esas mierdas cuando las encuentran... Ese cucarachero no tiene arreglo y es peligroso dejarlos porque se reproducen,a de una sola vez fumiguen a esas mierdas cuando las encuentran ese cucarachero no tiene arreglo y es peligroso dejarlos porque se reproducen,Amenazas/Violencia,3,Incitación a la Violencia,Persona Individual,NO,NO,NO,144,24,0,0,0,1
1801,X,2026-06-07,USER_1801,Poocta aparecio el trompa de culo... hoy si te arde las almorranas hijueputa... te estas retorciendo como ligosa en sal....,Poocta aparecio el trompa de culo... hoy si te arde las almorranas hijueputa... te estas retorciendo como ligosa en sal....,poocta aparecio el trompa de culo hoy si te arde las almorranas hijueputa te estas retorciendo como ligosa en sal,Lenguaje Ofensivo,1,Insulto Directo,Persona Individual,SÍ,NO,SÍ,123,20,0,0,0,2
2463,Facebook,2026-07-22,USER_2463,se caso con un nuget hahahah,se caso con un nuget hahahah,se caso con un nuget hahahah,Lenguaje Ofensivo,1,Burla,Personas con enanismo,NO,NO,NO,28,6,0,0,0,1
1483,Facebook,2026-07-26,USER_1483,son tan pendejos que no saben aloque se enfrentan somos una planadora,son tan pendejos que no saben aloque se enfrentan somos una planadora,son tan pendejos que no saben aloque se enfrentan somos una planadora,Lenguaje Ofensivo,1,Insulto Directo,,NO,NO,SÍ,69,12,0,0,0,1
326,X,2026-07-14,USER_326,"Los mareros dejaron la humanidad para convertirse en bestias, no merecen compasión, ni ellos ni quienes les sirven de mampara. Muerte!","Los mareros dejaron la humanidad para convertirse en bestias, no merecen compasión, ni ellos ni quienes les sirven de mampara. Muerte!",los mareros dejaron la humanidad para convertirse en bestias no merecen compasion ni ellos ni quienes les sirven de mampara muerte,Amenazas/Violencia,3,Deseo de Daño,Pandilleros/Mareros,NO,NO,NO,134,21,0,0,0,1
527,Facebook,2026-07-14,USER_527,SII PRONTO Y CON CARA DE BABY MESHY,SII PRONTO Y CON CARA DE BABY MESHY,sii pronto y con cara de baby meshy,No Tóxico,0,,,NO,NO,NO,35,8,0,0,0,1
2483,Facebook,2026-07-21,USER_2483,"No apoyo a Argentina ni a españa pero solo la gente corriente se alegra de que uno gane y el otro no , ellos se llevaran miles por participar y el indigena fanatico que se lleva ?????????","No apoyo a Argentina ni a españa pero solo la gente corriente se alegra de que uno gane y el otro no , ellos se llevaran miles por participar y el indigena fanatico que se lleva ?????????",no apoyo a argentina ni a espana pero solo la gente corriente se alegra de que uno gane y el otro no ellos se llevaran miles por participar y el indigena fanatico que se lleva,Discurso de Odio,2,Racismo,Indígenas,NO,NO,NO,187,37,0,0,0,0
675,Facebook,2026-07-14,USER_675,Buenos Dias Jennifer que Chica mas Hermosa luces guapicima salu2 Jennifer,Buenos Dias Jennifer que Chica mas Hermosa luces guapicima salu2 Jennifer,buenos dias jennifer que chica mas hermosa luces guapicima salu jennifer,No Tóxico,0,,,NO,NO,NO,73,11,0,0,0,0
2341,Facebook,2026-07-22,USER_2341,"Tremendo fracasado, pense que era un meme pero en verdad eres tu tremendo perdedor ????????","Tremendo fracasado, pense que era un meme pero en verdad eres tu tremendo perdedor ????????",tremendo fracasado pense que era un meme pero en verdad eres tu tremendo perdedor,Lenguaje Ofensivo,1,Insulto Directo,Persona objetivo,NO,NO,NO,91,15,0,0,0,0
947,Facebook,2026-07-24,USER_947,Se portan mal con la familia q quieren q les revienten una pi?ata al verlos,Se portan mal con la familia q quieren q les revienten una pi?ata al verlos,se portan mal con la familia q quieren q les revienten una pi ata al verlos,Amenazas/Violencia,3,Incitación a la Violencia,Individuo,NO,NO,NO,75,15,0,0,0,1
2681,X,2026-07-12,USER_2681,Jajajajajajajajajaja colombia no tiene si no negros de mierda,Jajajajajajajajajaja colombia no tiene si no negros de mierda,jajajajajajajajajaja colombia no tiene si no negros de mierda,Discurso de Odio,2,Racismo,Personas negras,NO,NO,NO,61,9,0,0,0,2
637,Facebook,2026-07-14,USER_637,Cre usted que si no se arrepiente de todos sus pecados por muy chiquitos que los vea se quedará para la gran tribulación??,Cre usted que si no se arrepiente de todos sus pecados por muy chiquitos que los vea se quedará para la gran tribulación??,cre usted que si no se arrepiente de todos sus pecados por muy chiquitos que los vea se quedara para la gran tribulacion,No Tóxico,0,,,NO,NO,NO,122,23,0,0,0,0
3006,X,2026-06-19,USER_3006,"Deja de defender negros de mierda, villera","Deja de defender negros de mierda, villera",deja de defender negros de mierda villera,Discurso de Odio,2,Racismo,Personas negras o racializadas,NO,NO,NO,42,7,0,0,0,2
1387,Facebook,2026-06-25,USER_1387,La verdad es que el vivo vive de los pendejos 😂,La verdad es que el vivo vive de los pendejos :cara_llorando_de_risa:,la verdad es que el vivo vive de los pendejos,Lenguaje Ofensivo,1,Insulto Directo,Persona Individual,NO,NO,NO,47,11,1,0,0,1
259,X,2026-07-14,USER_259,Todos los mareros al paredón de fusilamiento.,Todos los mareros al paredón de fusilamiento.,todos los mareros al paredon de fusilamiento,Amenazas/Violencia,3,Incitación a la Violencia,Pandilleros/Mareros,NO,NO,NO,45,7,0,0,0,2
3010,X,2026-05-30,USER_3010,"Negros de mierda, lamentablemente nunca se puede vivir en paz con esta ""gente"". No saben convivir en civilización porque son monos","Negros de mierda, lamentablemente nunca se puede vivir en paz con esta ""gente"". No saben convivir en civilización porque son monos",negros de mierda lamentablemente nunca se puede vivir en paz con esta gente no saben convivir en civilizacion porque son monos,Discurso de Odio,2,Racismo,Personas negras o racializadas,NO,NO,NO,130,21,0,0,0,4
2653,X,2026-06-15,USER_2653,Y porque gringos de mierda? Será Venezolanos de MIERDA PORQUE PERDIERON LA OPORTUNIDAD DE CAERLE A COÑAZO Porque tienen que ser los Estados Unidos que le resuelvan todo?,Y porque gringos de mierda? Será Venezolanos de MIERDA PORQUE PERDIERON LA OPORTUNIDAD DE CAERLE A COÑAZO Porque tienen que ser los Estados Unidos que le resuelvan todo?,y porque gringos de mierda sera venezolanos de mierda porque perdieron la oportunidad de caerle a conazo porque tienen que ser los estados unidos que le resuelvan todo,Amenazas/Violencia,3,Celebración de Violencia,Personas venezolanas,NO,NO,NO,169,28,0,0,0,2
875,Facebook,2026-07-19,USER_875,Metan este doctor cito al sector.,Metan este doctor cito al sector.,metan este doctor cito al sector,Amenazas/Violencia,3,Deseo de Daño,Individuo señalado (doctor/politico),NO,NO,NO,33,6,0,0,0,0
3059,X,2026-06-14,USER_3059,"Nosotros no les teníamos tanto odio hasta que la mayoría de tus compatriotas nos llamaran, ""indios de mierda"", ""saltamuros"", ""negros de mierda"". Tu mismo presidente dijo que nosotros veníamos de los indios. No te hagas el inocente. Si ustedes se ganan el odio que se merecen, es","Nosotros no les teníamos tanto odio hasta que la mayoría de tus compatriotas nos llamaran, ""indios de mierda"", ""saltamuros"", ""negros de mierda"". Tu mismo presidente dijo que nosotros veníamos de los indios. No te hagas el inocente. Si ustedes se ganan el odio que se merecen, es",nosotros no les teniamos tanto odio hasta que la mayoria de tus compatriotas nos llamaran indios de mierda saltamuros negros de mierda tu mismo presidente dijo que nosotros veniamos de los indios no te hagas el inocente si ustedes se ganan el odio que se merecen es,Discurso de Odio,2,Xenofobia,Personas negras o racializadas,NO,NO,NO,278,47,0,0,0,3
1890,X,2026-07-08,USER_1890,Que cerote de seguro es de izalco el maje,Que cerote de seguro es de izalco el maje,que cerote de seguro es de izalco el maje,Lenguaje Ofensivo,1,Insulto Directo,Persona Individual,SÍ,NO,NO,41,9,0,0,0,2
3001,X,2026-06-19,USER_3001,pq una negrita no tiene la culpa de lo que hacen los negros de mierda,pq una negrita no tiene la culpa de lo que hacen los negros de mierda,pq una negrita no tiene la culpa de lo que hacen los negros de mierda,Discurso de Odio,2,Racismo,Personas negras o racializadas,NO,NO,NO,69,15,0,0,0,2
331,X,2026-07-14,USER_331,"Los mareros me han arrebatado seres queridos, he visto mucho, y solo puedo concluir que merecen la muerte @GGallegos24 digame como ayudo","Los mareros me han arrebatado seres queridos, he visto mucho, y solo puedo concluir que merecen la muerte @usuario digame como ayudo",los mareros me han arrebatado seres queridos he visto mucho y solo puedo concluir que merecen la muerte usuario digame como ayudo,Amenazas/Violencia,3,Deseo de Daño,Pandilleros/Mareros,NO,NO,NO,136,22,0,1,0,1
3040,X,2026-07-05,USER_3040,¡Mira el video de CONMUNICATIONTV! #TikTok https:// vt.tiktok.com/ZSX5rYrsh/ indios de mierda!!!,¡Mira el video de CONMUNICATIONTV! #TikTok https:// vt.tiktok.com/ZSX5rYrsh/ indios de mierda!!!,mira el video de conmunicationtv tiktok https vt tiktok com zsx ryrsh indios de mierda,Discurso de Odio,2,Racismo,Personas latinoamericanas,NO,NO,NO,96,11,0,0,1,2
2968,X,2026-06-26,USER_2968,"A los europeos les matamos el hambre en las décadas pasadas Y a los africanos hoy son todos bienvenidos Porque los únicos negros de mierda son Uds que son envidiosos, raza inferior.","A los europeos les matamos el hambre en las décadas pasadas Y a los africanos hoy son todos bienvenidos Porque los únicos negros de mierda son Uds que son envidiosos, raza inferior.",a los europeos les matamos el hambre en las decadas pasadas y a los africanos hoy son todos bienvenidos porque los unicos negros de mierda son uds que son envidiosos raza inferior,Discurso de Odio,2,Racismo,Personas negras o racializadas,NO,NO,NO,181,32,0,0,0,3
2327,Facebook,2026-07-23,USER_2327,aún te arde? Que patético ecuakong,aún te arde? Que patético ecuakong,aun te arde que patetico ecuakong,Discurso de Odio,2,Xenofobia,Ecuatorianos,NO,NO,NO,34,6,0,0,0,0
2318,Facebook,2026-07-22,USER_2318,llegó el mierdicano llorón como tienen adueñados los grupos de las redes sociales xd,llegó el mierdicano llorón como tienen adueñados los grupos de las redes sociales xd,llego el mierdicano lloron como tienen aduenados los grupos de las redes sociales xd,Discurso de Odio,2,Xenofobia,Mexicanos,NO,NO,NO,84,14,0,0,0,0
1157,Facebook,2026-06-25,USER_1157,Sin ella ya no tiene gracia esa mrda,Sin ella ya no tiene gracia esa mrda,sin ella ya no tiene gracia esa mrda,Lenguaje Ofensivo,1,Palabras Obscenas,,NO,NO,NO,36,8,0,0,0,0
2133,Facebook,2026-06-27,USER_2133,"TODOS HABLAN ANTES Y ARGENTINA HABLA EN LA CANCHA, RESPETENS LOS RANGOS","TODOS HABLAN ANTES Y ARGENTINA HABLA EN LA CANCHA, RESPETENS LOS RANGOS",todos hablan antes y argentina habla en la cancha respetens los rangos,No Tóxico,0,,Personas argentinas,SI,SI,NO,71,12,0,0,0,0
1192,Facebook,2026-06-26,USER_1192,El resto del pais esta pal perro,El resto del pais esta pal perro,el resto del pais esta pal perro,No Tóxico,0,,Persona Individual,NO,NO,NO,32,7,0,0,0,1
1493,Facebook,2026-07-26,USER_1493,Bueno y ustedes de cual fuman por k yo cepa solo un idiota puede pensar k va ganar no cean pendejos ami preci Bukele nadien le gana viva Bukele hijos de putas,Bueno y ustedes de cual fuman por k yo cepa solo un idiota puede pensar k va ganar no cean pendejos ami preci Bukele nadien le gana viva Bukele hijos de putas,bueno y ustedes de cual fuman por k yo cepa solo un idiota puede pensar k va ganar no cean pendejos ami preci bukele nadien le gana viva bukele hijos de putas,Lenguaje Ofensivo,1,Insulto Directo,,NO,NO,SÍ,158,32,0,0,0,3
1866,X,2026-07-08,USER_1866,Puta farsante y corrupta de mierda no tiene q estar mas en la asamblea aparte pendeja,Puta farsante y corrupta de mierda no tiene q estar mas en la asamblea aparte pendeja,puta farsante y corrupta de mierda no tiene q estar mas en la asamblea aparte pendeja,Lenguaje Ofensivo,1,Insulto Directo,Persona Individual,NO,NO,SÍ,85,16,0,0,0,3
97,X,2026-07-13,USER_097,"#EXTRAVIADO #mascotassv Se llama toby, se perdió por los alrededores de la 75av norte Hace un momento Si lo ve contactar a Jeanetth al 7513 0321 @TaniTochez @HFelinosv @DavidRoVill @alertux","#EXTRAVIADO #mascotassv Se llama toby, se perdió por los alrededores de la 75av norte Hace un momento Si lo ve contactar a Jeanetth al 0000-0000 @usuario @usuario @usuario @usuario",extraviado mascotassv se llama toby se perdio por los alrededores de la av norte hace un momento si lo ve contactar a jeanetth al usuario usuario usuario usuario,No Tóxico,0,,,NO,NO,NO,189,30,0,4,2,0
2767,X,2026-07-05,USER_2767,A los moros de mierda no los tocaban | La Policía carga contra los miles de aficionados españoles que celebraban la victoria de su Selección en la madrileña plaza de Colón.,A los moros de mierda no los tocaban | La Policía carga contra los miles de aficionados españoles que celebraban la victoria de su Selección en la madrileña plaza de Colón.,a los moros de mierda no los tocaban la policia carga contra los miles de aficionados espanoles que celebraban la victoria de su seleccion en la madrilena plaza de colon,Discurso de Odio,2,Islamofobia,Personas musulmanas,NO,NO,NO,172,31,0,0,0,1
2557,Facebook,2026-07-20,USER_2557,"Ya se me hacía raro que con ese su léxico que se maneja fuera de por esta zona, este 0-te es como más de descendencia europea por ese su perfil griego, uuumju, jeguroliom ajajajajajaja este mahe si la cagó, este es nativo de los descendientes pipil lenka... ¡qué simpático el aborigen!!!","Ya se me hacía raro que con ese su léxico que se maneja fuera de por esta zona, este 0-te es como más de descendencia europea por ese su perfil griego, uuumju, jeguroliom ajajajajajaja este mahe si la cagó, este es nativo de los descendientes pipil lenka... ¡qué simpático el aborigen!!!",ya se me hacia raro que con ese su lexico que se maneja fuera de por esta zona este te es como mas de descendencia europea por ese su perfil griego uuumju jeguroliom ajajajajajaja este mahe si la cago este es nativo de los descendientes pipil lenka que simpatico el aborigen,Discurso de Odio,2,Racismo,Indígenas,SI,SI,NO,287,51,0,0,0,1
2049,X,2026-06-14,USER_2049,DIOOOS TENGO UNAS GANAS DE LEER UN PUTO LIBRO FACULTAD Y LA CONCHA DE TU VIEJA,DIOOOS TENGO UNAS GANAS DE LEER UN PUTO LIBRO FACULTAD Y LA CONCHA DE TU VIEJA,diooos tengo unas ganas de leer un puto libro facultad y la concha de tu vieja,Lenguaje Ofensivo,1,Palabras Obscenas,Persona Individual,NO,NO,NO,78,16,0,0,0,1
1575,X,2026-05-24,USER_1575,Las ratas 🐀 son las primeras que salen huyendo cuando se hunde la balsa 😂😂😂,Las ratas :rata: son las primeras que salen huyendo cuando se hunde la balsa :cara_llorando_de_risa: :cara_llorando_de_risa: :cara_llorando_de_risa:,las ratas son las primeras que salen huyendo cuando se hunde la balsa,Lenguaje Ofensivo,1,Insulto Directo,Grupos Políticos,SÍ,SÍ,SÍ,75,15,4,0,0,0
1111,Facebook,2026-06-24,USER_1111,Así andan mucho en esos carrito.en aguilares locos y sin licencia,Así andan mucho en esos carrito.en aguilares locos y sin licencia,asi andan mucho en esos carrito en aguilares locos y sin licencia,No Tóxico,0,,,NO,NO,NO,65,11,0,0,0,0
2701,X,2026-05-29,USER_2701,No pueden disfrutar nada estos Negros de mierda,No pueden disfrutar nada estos Negros de mierda,no pueden disfrutar nada estos negros de mierda,Discurso de Odio,2,Racismo,Personas negras,NO,NO,NO,47,8,0,0,0,2
1361,Facebook,2026-06-25,USER_1361,Ey maitro no leda pena salir con esa loca tenga cuidado que le dan chiripiolcas,Ey maitro no leda pena salir con esa loca tenga cuidado que le dan chiripiolcas,ey maitro no leda pena salir con esa loca tenga cuidado que le dan chiripiolcas,No Tóxico,0,,,NO,NO,NO,79,15,0,0,0,2
1570,X,2026-05-24,USER_1570,"El ""trompa torcida"" metiendo mano en #LaSelecta 🤡🦭","El ""trompa torcida"" metiendo mano en #LaSelecta :cara_de_payaso: :foca:",el trompa torcida metiendo mano en laselecta,Lenguaje Ofensivo,1,Insulto Directo,Persona Individual,SÍ,SÍ,SÍ,50,8,2,0,1,0
2405,Facebook,2026-07-23,USER_2405,"Dejen de llorar manojo de fracasados y acepten su realidad!!!! Quieren casa cuando ni trabajar les gusta, solo pasar en los celulares. Jajajaja métanse a políticos ignorantes, que no entienden el mensaje subliminal de la Coyota.","Dejen de llorar manojo de fracasados y acepten su realidad!!!! Quieren casa cuando ni trabajar les gusta, solo pasar en los celulares. Jajajaja métanse a políticos ignorantes, que no entienden el mensaje subliminal de la Coyota.",dejen de llorar manojo de fracasados y acepten su realidad quieren casa cuando ni trabajar les gusta solo pasar en los celulares jajajaja metanse a politicos ignorantes que no entienden el mensaje subliminal de la coyota,Discurso de Odio,2,Clasismo,Personas en situación de pobreza,NO,SI,NO,228,36,0,0,0,1
1460,Facebook,2026-06-14,USER_1460,"Ay no, pobre muchacha, ojalá ese malnacido pague con creces esa brutal ingratitud. Eso lo causa el celo ,","Ay no, pobre muchacha, ojalá ese malnacido pague con creces esa brutal ingratitud. Eso lo causa el celo ,",ay no pobre muchacha ojala ese malnacido pague con creces esa brutal ingratitud eso lo causa el celo,Lenguaje Ofensivo,1,Insulto Directo,Persona Individual,NO,NO,NO,105,19,0,0,0,1
1596,X,2026-05-30,USER_1596,"No mi pendejo, el capitalismo no es ahuevo… es una elección, si eres huevón ya sabes lo que te va a pasar 🙄 👇🏼","No mi pendejo, el capitalismo no es ahuevo… es una elección, si eres huevón ya sabes lo que te va a pasar :cara_con_ojos_en_blanco: :dorso_de_mano_con_índice_hacia_abajo:",no mi pendejo el capitalismo no es ahuevo es una eleccion si eres huevon ya sabes lo que te va a pasar,Lenguaje Ofensivo,1,Insulto Directo,Persona Individual,NO,NO,SÍ,110,24,2,0,0,2
1175,Facebook,2026-06-26,USER_1175,MIRA. VIEJO. GRAN. CABRON. MIRA. QUE ES TUDIASTES. VIEJO. PENDEJO. MIRA. VIEJO. ABLAN. Y ABLAN. DE. DICTADURA. PERO VIEJO. PENDEJO. NO NO NO SAVEN. QUE CIGNIFICA. ESTA. FRACE. TE LA BOY ADES. CRIVIR. VIEJO. CABESA. DE. HINODORO. PUBLICO. MIRA. OK. SI. SI. FUERA. DICTADURA. VIEJO. PENDEJO. NO. NO. NO. SALIERAS. PERO. NI ACAGAR. AL. BANO. VIEJO CEREBRO. DE CHANCHO. MIRA. DICTADURA. ES. CUANDO. NO. NO. PUEDES. SALIR. NI AL BANO. SI FUERA. ASI. QUE HAY. DICTADURA. NO NO. ANDUVIERAS. EN. LAS CALLES. OK. COMO ASES .PARA. LLEGAR ATU PROGRAMA. .ABLAR. MIERDA. COMO TE MUEVES. VIEJO. MALDITO. COMO TE MUEVES. .SALES ACOMER. SALES. ACONPRAR. EN TONCES. NO NO TE ARTAS. VIEJO CABRON. COMO ANDAS. EN LAS CALLES. PARA ARIVA Y PARA. ABAJO. MIRA VIEJO. CARA DE PLASTA. DICTADURA. ES. CUANDO. NO NO. PUEDES. SALIR ANADA CUANDO ES DICTADURA. SOLO PUEDES ESTAR ENCERADO. PERO AQUI. VIEJO. NO NO HAY. DICTADURA. NO NO NO NO HAY. CUANDO HAY DICTADURA. NO NO PUEDES HIR. NI AL BANO ACAGAR. VIEJO. REBRUTO. VIEJO PENDEJO,MIRA. VIEJO. GRAN. CABRON. MIRA. QUE ES TUDIASTES. VIEJO. PENDEJO. MIRA. VIEJO. ABLAN. Y ABLAN. DE. DICTADURA. PERO VIEJO. PENDEJO. NO NO NO SAVEN. QUE CIGNIFICA. ESTA. FRACE. TE LA BOY ADES. CRIVIR. VIEJO. CABESA. DE. HINODORO. PUBLICO. MIRA. OK. SI. SI. FUERA. DICTADURA. VIEJO. PENDEJO. NO. NO. NO. SALIERAS. PERO. NI ACAGAR. AL. BANO. VIEJO CEREBRO. DE CHANCHO. MIRA. DICTADURA. ES. CUANDO. NO. NO. PUEDES. SALIR. NI AL BANO. SI FUERA. ASI. QUE HAY. DICTADURA. NO NO. ANDUVIERAS. EN. LAS CALLES. OK. COMO ASES .PARA. LLEGAR ATU PROGRAMA. .ABLAR. MIERDA. COMO TE MUEVES. VIEJO. MALDITO. COMO TE MUEVES. .SALES ACOMER. SALES. ACONPRAR. EN TONCES. NO NO TE ARTAS. VIEJO CABRON. COMO ANDAS. EN LAS CALLES. PARA ARIVA Y PARA. ABAJO. MIRA VIEJO. CARA DE PLASTA. DICTADURA. ES. CUANDO. NO NO. PUEDES. SALIR ANADA CUANDO ES DICTADURA. SOLO PUEDES ESTAR ENCERADO. PERO AQUI. VIEJO. NO NO HAY. DICTADURA. NO NO NO NO HAY. CUANDO HAY DICTADURA. NO NO PUEDES HIR. NI AL BANO ACAGAR. VIEJO. REBRUTO. VIEJO PENDEJO,mira viejo gran cabron mira que es tudiastes viejo pendejo mira viejo ablan y ablan de dictadura pero viejo pendejo no no no saven que cignifica esta frace te la boy ades crivir viejo cabesa de hinodoro publico mira ok si si fuera dictadura viejo pendejo no no no salieras pero ni acagar al bano viejo cerebro de chancho mira dictadura es cuando no no puedes salir ni al bano si fuera asi que hay dictadura no no anduvieras en las calles ok como ases para llegar atu programa ablar mierda como te mueves viejo maldito como te mueves sales acomer sales aconprar en tonces no no te artas viejo cabron como andas en las calles para ariva y para abajo mira viejo cara de plasta dictadura es cuando no no puedes salir anada cuando es dictadura solo puedes estar encerado pero aqui viejo no no hay dictadura no no no no hay cuando hay dictadura no no puedes hir ni al bano acagar viejo rebruto viejo pendejo,Lenguaje Ofensivo,1,Tono Agresivo,Persona Individual,NO,NO,NO,1004,168,0,0,0,3
2056,X,2026-06-14,USER_2056,"le faltan huevos al pendejo, solo detrás de un celular se pone de hocicon el argentonto 🤣🤣🤣","le faltan huevos al pendejo, solo detrás de un celular se pone de hocicon el argentonto :cara_revolviéndose_de_la_risa: :cara_revolviéndose_de_la_risa: :cara_revolviéndose_de_la_risa:",le faltan huevos al pendejo solo detras de un celular se pone de hocicon el argentonto,Discurso de Odio,2,Xenofobia,Persona Individual,SÍ,NO,NO,91,17,3,0,0,1
87,X,2026-07-13,USER_087,"Tomen nota para el almuercito de mañana, un rico POLLO EN CERVEZA con sabor a Fin de Semana! :D #RecetasSV... http:// fb.me/2JCOA4CdV","Tomen nota para el almuercito de mañana, un rico POLLO EN CERVEZA con sabor a Fin de Semana! :D #RecetasSV... http:// fb.me/2JCOA4CdV",tomen nota para el almuercito de manana un rico pollo en cerveza con sabor a fin de semana d recetassv http fb me jcoa cdv,No Tóxico,0,,,NO,NO,NO,133,22,0,0,1,1
3074,X,2026-05-30,USER_3074,Ni perdón ni olvido a esos Judíos de mierda,Ni perdón ni olvido a esos Judíos de mierda,ni perdon ni olvido a esos judios de mierda,Discurso de Odio,2,Antisemitismo,Personas judias,NO,NO,NO,43,9,0,0,0,1
926,Facebook,2026-07-24,USER_926,A los asesinos no deberian de perdonarles la vida. Pena de muerte deberian darles,A los asesinos no deberian de perdonarles la vida. Pena de muerte deberian darles,a los asesinos no deberian de perdonarles la vida pena de muerte deberian darles,Amenazas/Violencia,3,Deseo de Daño,Grupo,NO,NO,NO,81,14,0,0,0,0
1079,Facebook,2026-06-14,USER_1079,Obvio los P3ndejos son muchos,Obvio los P3ndejos son muchos,obvio los p ndejos son muchos,Lenguaje Ofensivo,1,Insulto Directo,,NO,NO,NO,29,5,0,0,0,1
2740,X,2026-06-23,USER_2740,Con todo contra los judíos de mierda de Argentina,Con todo contra los judíos de mierda de Argentina,con todo contra los judios de mierda de argentina,Discurso de Odio,2,Antisemitismo,Personas judi­as,NO,NO,NO,49,9,0,0,0,2
1313,Facebook,2026-06-25,USER_1313,Tipos chuquitos como este no debería de ir a esos lugares más q a ver quien los invitan a tomar van,Tipos chuquitos como este no debería de ir a esos lugares más q a ver quien los invitan a tomar van,tipos chuquitos como este no deberia de ir a esos lugares mas q a ver quien los invitan a tomar van,Lenguaje Ofensivo,1,Insulto Directo,Persona Individual,NO,NO,NO,99,21,0,0,0,0
1900,X,2026-07-08,USER_1900,"Dictadura hay en El Salvador y a pesar de eso le andas besando los pies a Bukele, no seas hipocrita hijo de puta.","Dictadura hay en El Salvador y a pesar de eso le andas besando los pies a Bukele, no seas hipocrita hijo de puta.",dictadura hay en el salvador y a pesar de eso le andas besando los pies a bukele no seas hipocrita hijo de puta,Lenguaje Ofensivo,1,Insulto Directo,Persona Individual,NO,NO,SÍ,113,23,0,0,0,1
1187,Facebook,2026-06-26,USER_1187,"Mejor debería hacer su propio partido y no colgarse de uno que a UD no le costó su formación, a eso se le llama vivianada","Mejor debería hacer su propio partido y no colgarse de uno que a UD no le costó su formación, a eso se le llama vivianada",mejor deberia hacer su propio partido y no colgarse de uno que a ud no le costo su formacion a eso se le llama vivianada,Lenguaje Ofensivo,1,Burla,Persona Individual,SÍ,SÍ,NO,121,25,0,0,0,0
2593,Facebook,2026-07-27,USER_2593,"sí tiene un problema de salud muy grave, se llama no parar el hocico, ni para comer ni para decir estupideces.","sí tiene un problema de salud muy grave, se llama no parar el hocico, ni para comer ni para decir estupideces.",si tiene un problema de salud muy grave se llama no parar el hocico ni para comer ni para decir estupideces,Lenguaje Ofensivo,1,Insulto Directo,Personas con sobrepeso,NO,NO,NO,110,21,0,0,0,1
682,Facebook,2026-07-14,USER_682,"!!! Eres muy pero muy inteligente, además de bella!!!","!!! Eres muy pero muy inteligente, además de bella!!!",eres muy pero muy inteligente ademas de bella,No Tóxico,0,,,NO,NO,NO,53,9,0,0,0,0
2508,Facebook,2026-07-23,USER_2508,nmms ya ni me acordaba de ti Otaku cara de verga jajajaja apenas te levantaste del otro vergazo que te puse o que? Jajajaja a mucha honra mi hermano también indio porque recuerda que solo por cambiar tu foto de perfil con imgs de anime y ponerte nombres alemanes eso no va quitar el marrón de tu piel también mexicana mi todo acomplejado cara de verga,nmms ya ni me acordaba de ti Otaku cara de verga jajajaja apenas te levantaste del otro vergazo que te puse o que? Jajajaja a mucha honra mi hermano también indio porque recuerda que solo por cambiar tu foto de perfil con imgs de anime y ponerte nombres alemanes eso no va quitar el marrón de tu piel también mexicana mi todo acomplejado cara de verga,nmms ya ni me acordaba de ti otaku cara de verga jajajaja apenas te levantaste del otro vergazo que te puse o que jajajaja a mucha honra mi hermano tambien indio porque recuerda que solo por cambiar tu foto de perfil con imgs de anime y ponerte nombres alemanes eso no va quitar el marron de tu piel tambien mexicana mi todo acomplejado cara de verga,Discurso de Odio,2,Racismo,"Indígenas, mexicanos",NO,NO,NO,351,66,0,0,0,5
294,X,2026-07-14,USER_294,"Exterminio de MAREROS y eso me pareció bien, tampoco es que el hombre es santo pero entre todos los demás el rescatable.","Exterminio de MAREROS y eso me pareció bien, tampoco es que el hombre es santo pero entre todos los demás el rescatable.",exterminio de mareros y eso me parecio bien tampoco es que el hombre es santo pero entre todos los demas el rescatable,Amenazas/Violencia,3,Apología de Violencia,Pandilleros/Mareros,NO,NO,NO,120,22,0,0,0,1
1781,X,2026-06-07,USER_1781,Y esa vieja gorda chele😂😂😂,Y esa vieja gorda chele :cara_llorando_de_risa: :cara_llorando_de_risa: :cara_llorando_de_risa:,y esa vieja gorda chele,Discurso de Odio,2,Gordofobia,Persona Individual,SÍ,NO,NO,26,5,3,0,0,0
1774,X,2026-06-07,USER_1774,Estos majes se creen dueños del país y son una 💩,Estos majes se creen dueños del país y son una :caca_con_ojos:,estos majes se creen duenos del pais y son una,Lenguaje Ofensivo,1,Insulto Directo,Persona Individual,NO,NO,NO,48,11,1,0,0,0
2958,X,2026-07-09,USER_2958,Lo diré una vez más: VENEZOLANOS DE MIERDA FUERA DE MÉXICO!!!!!,Lo diré una vez más: VENEZOLANOS DE MIERDA FUERA DE MÉXICO!!!!!,lo dire una vez mas venezolanos de mierda fuera de mexico,Discurso de Odio,2,Xenofobia,Personas inmigrantes,NO,NO,NO,63,11,0,0,0,1
2577,Facebook,2026-07-26,USER_2577,Pastores ladrones hacen feria de la gente pndeja ... Al rato me voy a meter a ese negociaso,Pastores ladrones hacen feria de la gente pndeja ... Al rato me voy a meter a ese negociaso,pastores ladrones hacen feria de la gente pndeja al rato me voy a meter a ese negociaso,Lenguaje Ofensivo,1,Crítica Fuerte,"Cristianos, profetas",NO,NO,NO,91,18,0,0,0,2
1656,X,2026-06-02,USER_1656,Mira esta cerda parida porque cerdo no es,Mira esta cerda parida porque cerdo no es,mira esta cerda parida porque cerdo no es,Lenguaje Ofensivo,1,Insulto Directo,Persona Individual,SÍ,NO,NO,41,8,0,0,0,1
1974,X,2026-06-14,USER_1974,el q es verga es verga,el q es verga es verga,el q es verga es verga,No Tóxico,0,,,NO,NO,NO,22,6,0,0,0,1
1444,Facebook,2026-06-14,USER_1444,Vete basura por algo lo ases total solo los pendejos como vos te siguieron página basura,Vete basura por algo lo ases total solo los pendejos como vos te siguieron página basura,vete basura por algo lo ases total solo los pendejos como vos te siguieron pagina basura,Lenguaje Ofensivo,1,Insulto Directo,Persona Individual,NO,NO,SÍ,88,16,0,0,0,2
194,X,2026-07-14,USER_194,Tres profesores de nuestro claustro participan en la formación sobre el #Voluntariadosv dentro del #EquipoAcciónSocial de nuestro colegio @hijascaridadsv #sembradoresdeesperanza #vicencianos #CarismaVicenciano,Tres profesores de nuestro claustro participan en la formación sobre el #Voluntariadosv dentro del #EquipoAcciónSocial de nuestro colegio @usuario #sembradoresdeesperanza #vicencianos #CarismaVicenciano,tres profesores de nuestro claustro participan en la formacion sobre el voluntariadosv dentro del equipoaccionsocial de nuestro colegio usuario sembradoresdeesperanza vicencianos carismavicenciano,No Tóxico,0,,,NO,NO,NO,209,22,0,1,5,0
499,X,2026-07-14,USER_499,"Si alguien todavía cree en @ARENAOFICIAL y @FMLNoficial déjenme decirles: NO SE MERECEN EL SALVADOR Estamos hartos de tanto Mareros, corruptos y Ladrones que nos han llevado al caos, la muerte y pobreza. Son unos REMALDITOS HDLGP Areneros y Frentudos.","Si alguien todavía cree en @usuario y @usuario déjenme decirles: NO SE MERECEN EL SALVADOR Estamos hartos de tanto Mareros, corruptos y Ladrones que nos han llevado al caos, la muerte y pobreza. Son unos REMALDITOS HDLGP Areneros y Frentudos.",si alguien todavia cree en usuario y usuario dejenme decirles no se merecen el salvador estamos hartos de tanto mareros corruptos y ladrones que nos han llevado al caos la muerte y pobreza son unos remalditos hdlgp areneros y frentudos,Lenguaje Ofensivo,1,Insulto Directo,Pandilleros/Mareros,NO,NO,SÍ,251,40,0,2,0,2
1144,Facebook,2026-06-25,USER_1144,Más de un millón sin cerebro viendo,Más de un millón sin cerebro viendo,mas de un millon sin cerebro viendo,Lenguaje Ofensivo,1,Insulto Directo,,NO,NO,NO,35,7,0,0,0,0
1335,Facebook,2026-06-25,USER_1335,"En USA no quieren personas BULGARES, PRESTAMISTAS, etcétera etc. Jajajaja quería hacer como la Yajaira y valió madre.","En USA no quieren personas BULGARES, PRESTAMISTAS, etcétera etc. Jajajaja quería hacer como la Yajaira y valió madre.",en usa no quieren personas bulgares prestamistas etcetera etc jajajaja queria hacer como la yajaira y valio madre,Lenguaje Ofensivo,1,Insulto Directo,Persona Individual,NO,NO,NO,117,18,0,0,0,0
329,X,2026-07-14,USER_329,"""Esas lacras merecen la pena de muerte. Gracias, que dios lo bendiga"". Comentario en una radio de noticias respecto a los mareros. Amén.","""Esas lacras merecen la pena de muerte. Gracias, que dios lo bendiga"". Comentario en una radio de noticias respecto a los mareros. Amén.",esas lacras merecen la pena de muerte gracias que dios lo bendiga comentario en una radio de noticias respecto a los mareros amen,Amenazas/Violencia,3,Deseo de Daño,Pandilleros/Mareros,NO,NO,NO,136,23,0,0,0,1
2087,Facebook,2026-06-11,USER_2087,Ustedes son los pendejos noben que siguiendo un mañoso curructo y solo preguntense de donde saco dinero para ayudar a jamaica,Ustedes son los pendejos noben que siguiendo un mañoso curructo y solo preguntense de donde saco dinero para ayudar a jamaica,ustedes son los pendejos noben que siguiendo un manoso curructo y solo preguntense de donde saco dinero para ayudar a jamaica,Lenguaje Ofensivo,1,Insulto Directo,Seguidores políticos,NO,NO,SI,125,21,0,0,0,1
1605,X,2026-05-30,USER_1605,"Frustrada,traumada y fracasada 😬😬😬","Frustrada,traumada y fracasada :cara_haciendo_una_mueca: :cara_haciendo_una_mueca: :cara_haciendo_una_mueca:",frustrada traumada y fracasada,Lenguaje Ofensivo,1,Insulto Directo,Persona Individual,SÍ,SÍ,NO,34,4,3,0,0,0
719,Facebook,2026-07-14,USER_719,Este arbitro noce mal cae siempre lepita mal a mi aguilita,Este arbitro noce mal cae siempre lepita mal a mi aguilita,este arbitro noce mal cae siempre lepita mal a mi aguilita,No Tóxico,0,,,NO,NO,NO,58,11,0,0,0,0
1268,Facebook,2026-07-14,USER_1268,Sí ese pendejo ni las tablas de multiplicar se puede que puede el saber del conocimiento si es un patético güiyo ignorante q se jacta de un lapso de fama pero despues lo verán que se va a disipar como un simple pedo,Sí ese pendejo ni las tablas de multiplicar se puede que puede el saber del conocimiento si es un patético güiyo ignorante q se jacta de un lapso de fama pero despues lo verán que se va a disipar como un simple pedo,si ese pendejo ni las tablas de multiplicar se puede que puede el saber del conocimiento si es un patetico guiyo ignorante q se jacta de un lapso de fama pero despues lo veran que se va a disipar como un simple pedo,Lenguaje Ofensivo,1,Insulto Directo,Persona Individual,NO,NO,NO,215,43,0,0,0,3
1094,Facebook,2026-06-22,USER_1094,Rico se le marca la tajada ala de verde 🤑,Rico se le marca la tajada ala de verde :cara_con_lengua_de_dinero:,rico se le marca la tajada ala de verde,Lenguaje Ofensivo,1,Palabras Obscenas,Persona Individual,NO,NO,NO,41,10,1,0,0,0
670,Facebook,2026-07-14,USER_670,Muchas bendiciones para ti y toda tu familia preciosa,Muchas bendiciones para ti y toda tu familia preciosa,muchas bendiciones para ti y toda tu familia preciosa,No Tóxico,0,,,NO,NO,NO,53,9,0,0,0,0
1868,X,2026-07-08,USER_1868,"Jajaja, pregúntale si conoce el estadio Cuscatlán y que se lo coma llenito de Mier....","Jajaja, pregúntale si conoce el estadio Cuscatlán y que se lo coma llenito de Mier....",jajaja preguntale si conoce el estadio cuscatlan y que se lo coma llenito de mier,Lenguaje Ofensivo,1,Insulto Directo,Persona Individual,SÍ,SÍ,NO,86,15,0,0,0,0
595,Facebook,2026-07-14,USER_595,Lo Derribo el Huracán,Lo Derribo el Huracán,lo derribo el huracan,No Tóxico,0,,,NO,NO,NO,21,4,0,0,0,0
1244,Facebook,2026-07-14,USER_1244,"Siempre puro comentario pendejo mano todos as son expertos y cuando le pasa algo así la verga nada hacen mejor se cortan ,yo siempre ando en la juega ,las 400 y la 138 q van hacia el aeropuerto van con todo morosho para abajo y nunnnnka compresiona siempre freno asta el punto q bien se siente en quemon d fricciones cada q parar esmart ,en ese puente d comalapaloma ustedes pues!!!!, siempre q paran esas shoris d los new yorickxxx se ciente el olor así a quemon d fricciones,yo manejo desde los 14 años no tengo licencia y nunka la sacaré por qué para mí eso solo es un robo habemos unos. Q no tenemos licencia y ya tenemos 47 años d edad y sabemos cuándo compresiona y cuando saparle la galleta,gracia a Dios nunka e tenido un percance asta hoy le sanpoasta séptima al Kia y eso q solo kingstra tienen y siempre en l a juega eh kashinflin kashinflin","Siempre puro comentario pendejo mano todos as son expertos y cuando le pasa algo así la verga nada hacen mejor se cortan ,yo siempre ando en la juega ,las 400 y la 138 q van hacia el aeropuerto van con todo morosho para abajo y nunnnnka compresiona siempre freno asta el punto q bien se siente en quemon d fricciones cada q parar esmart ,en ese puente d comalapaloma ustedes pues!!!!, siempre q paran esas shoris d los new yorickxxx se ciente el olor así a quemon d fricciones,yo manejo desde los 14 años no tengo licencia y nunka la sacaré por qué para mí eso solo es un robo habemos unos. Q no tenemos licencia y ya tenemos 47 años d edad y sabemos cuándo compresiona y cuando saparle la galleta,gracia a Dios nunka e tenido un percance asta hoy le sanpoasta séptima al Kia y eso q solo kingstra tienen y siempre en l a juega eh kashinflin kashinflin",siempre puro comentario pendejo mano todos as son expertos y cuando le pasa algo asi la verga nada hacen mejor se cortan yo siempre ando en la juega las y la q van hacia el aeropuerto van con todo morosho para abajo y nunnnnka compresiona siempre freno asta el punto q bien se siente en quemon d fricciones cada q parar esmart en ese puente d comalapaloma ustedes pues siempre q paran esas shoris d los new yorickxxx se ciente el olor asi a quemon d fricciones yo manejo desde los anos no tengo licencia y nunka la sacare por que para mi eso solo es un robo habemos unos q no tenemos licencia y ya tenemos anos d edad y sabemos cuando compresiona y cuando saparle la galleta gracia a dios nunka e tenido un percance asta hoy le sanpoasta septima al kia y eso q solo kingstra tienen y siempre en l a juega eh kashinflin kashinflin,Lenguaje Ofensivo,1,Palabras Obscenas,,SÍ,NO,NO,852,161,0,0,0,3
1865,X,2026-07-08,USER_1865,"Le he tomado mas cariño, respeto y admiración a Cabo Verde🇨🇻 que a la mierda amañada de ""selección"" que tenemos en El Salvador. Aguante Cabo Verde ¡CARAJO!","Le he tomado mas cariño, respeto y admiración a Cabo Verde :bandera_cabo_verde: que a la mierda amañada de ""selección"" que tenemos en El Salvador. Aguante Cabo Verde ¡CARAJO!",le he tomado mas carino respeto y admiracion a cabo verde que a la mierda amanada de seleccion que tenemos en el salvador aguante cabo verde carajo,Lenguaje Ofensivo,1,Palabras Obscenas,,NO,NO,NO,155,27,1,0,0,1
953,Facebook,2026-07-24,USER_953,"Jorge Linares que no se le vaya a cruzar en el camino al vigilante ""QUERES GASEOSA"" ese si le sampar su cuetazo.","Jorge Linares que no se le vaya a cruzar en el camino al vigilante ""QUERES GASEOSA"" ese si le sampar su cuetazo.",jorge linares que no se le vaya a cruzar en el camino al vigilante queres gaseosa ese si le sampar su cuetazo,Amenazas/Violencia,3,Amenaza Implícita,Individuo,NO,NO,NO,112,22,0,0,0,0
1401,Facebook,2026-06-25,USER_1401,"Publica algo bueno, solo estupideces publican, solo culerad@s🤣😂","Publica algo bueno, solo estupideces publican, solo culerad@usuario :cara_revolviéndose_de_la_risa: :cara_llorando_de_risa:",publica algo bueno solo estupideces publican solo culerad usuario,Lenguaje Ofensivo,1,Insulto Directo,,NO,NO,NO,63,8,2,1,0,0
1511,Facebook,2026-07-26,USER_1511,Lo admirable es que todavía hay mucha gente pndja que no se da cuenta que es IA 🤣,Lo admirable es que todavía hay mucha gente pndja que no se da cuenta que es IA :cara_revolviéndose_de_la_risa:,lo admirable es que todavia hay mucha gente pndja que no se da cuenta que es ia,Lenguaje Ofensivo,1,Insulto Directo,,SÍ,SÍ,NO,81,18,1,0,0,0
2837,X,2026-07-06,USER_2837,Y a #KarinaCoimera solo un 3% de los discapacitados de mierda,Y a #KarinaCoimera solo un 3% de los discapacitados de mierda,y a karinacoimera solo un de los discapacitados de mierda,Discurso de Odio,2,Capacitismo,Personas con discapacidad,NO,NO,NO,61,11,0,0,1,1
720,Facebook,2026-07-14,USER_720,SEÑOR QJE LA LABOR DE ESTE SALVADOREÑO SEA LA MEJOR,SEÑOR QJE LA LABOR DE ESTE SALVADOREÑO SEA LA MEJOR,senor qje la labor de este salvadoreno sea la mejor,No Tóxico,0,,,NO,NO,NO,51,10,0,0,0,0
867,Facebook,2026-07-19,USER_867,Al Cecot eso es lo que andan buscando irse de vacaciones junto a los angelitos que ya están guardados,Al Cecot eso es lo que andan buscando irse de vacaciones junto a los angelitos que ya están guardados,al cecot eso es lo que andan buscando irse de vacaciones junto a los angelitos que ya estan guardados,Amenazas/Violencia,3,Deseo de Daño,Presuntos delincuentes señalados,NO,NO,NO,101,19,0,0,0,0
1310,Facebook,2026-07-11,USER_1310,Muerto de hambre acabado y mediocre q sepa trabajar como un hombre solo velando,Muerto de hambre acabado y mediocre q sepa trabajar como un hombre solo velando,muerto de hambre acabado y mediocre q sepa trabajar como un hombre solo velando,Lenguaje Ofensivo,1,Insulto Directo,Persona Individual,NO,NO,NO,79,14,0,0,0,2
617,Facebook,2026-07-14,USER_617,Que belleza de gatito,Que belleza de gatito,que belleza de gatito,No Tóxico,0,,,NO,NO,NO,21,4,0,0,0,0
996,Facebook,2026-07-24,USER_996,Matenla que no deje crio,Matenla que no deje crio,matenla que no deje crio,Amenazas/Violencia,3,Incitación a la Violencia,Individuo,NO,NO,NO,24,5,0,0,0,0
1174,Facebook,2026-06-26,USER_1174,El bobo eres tu y el traidor TU Bur,El bobo eres tu y el traidor TU Bur,el bobo eres tu y el traidor tu bur,Lenguaje Ofensivo,1,Insulto Directo,Persona Individual,NO,NO,NO,35,9,0,0,0,0
2521,Facebook,2026-07-23,USER_2521,Trompa de chucho apareandose con coyoles de toro.,Trompa de chucho apareandose con coyoles de toro.,trompa de chucho apareandose con coyoles de toro,Lenguaje Ofensivo,1,Palabras Obscenas,Personas con discapacidad,NO,NO,NO,49,8,0,0,0,1
1156,Facebook,2026-06-25,USER_1156,"Yo creo que por mal hablada la echaron, le tienen que lavar la boca con jabón 🙄","Yo creo que por mal hablada la echaron, le tienen que lavar la boca con jabón :cara_con_ojos_en_blanco:",yo creo que por mal hablada la echaron le tienen que lavar la boca con jabon,Lenguaje Ofensivo,1,Insulto Directo,Persona Individual,SÍ,SÍ,NO,79,17,1,0,0,1
1765,X,2026-06-07,USER_1765,"Tu madre, cerote celoso, miserable","Tu madre, cerote celoso, miserable",tu madre cerote celoso miserable,Lenguaje Ofensivo,1,Insulto Directo,Persona Individual,NO,NO,NO,34,5,0,0,0,1
1559,X,2026-05-24,USER_1559,Si una señal de que Estados Unidos nos va a poner sanciones...gran pendejo!,Si una señal de que Estados Unidos nos va a poner sanciones...gran pendejo!,si una senal de que estados unidos nos va a poner sanciones gran pendejo,Lenguaje Ofensivo,1,Insulto Directo,Persona Individual,NO,NO,SÍ,75,13,0,0,0,1
1926,X,2026-06-14,USER_1926,"En el Salvador se permite la reelección y la gente quiere que siga Bukele, pedazo de imbécil De Cuba nada que decir? Estupudin Pinche chairo básico","En el Salvador se permite la reelección y la gente quiere que siga Bukele, pedazo de imbécil De Cuba nada que decir? Estupudin Pinche chairo básico",en el salvador se permite la reeleccion y la gente quiere que siga bukele pedazo de imbecil de cuba nada que decir estupudin pinche chairo basico,Lenguaje Ofensivo,1,Insulto Directo,Persona Individual,NO,NO,SÍ,147,26,0,0,0,2
709,Facebook,2026-07-14,USER_709,"Ahora el Nobel por favor, para el míster.. Por favor, aplausos.","Ahora el Nobel por favor, para el míster.. Por favor, aplausos.",ahora el nobel por favor para el mister por favor aplausos,No Tóxico,0,,,NO,SÍ,NO,63,11,0,0,0,0
677,Facebook,2026-07-14,USER_677,Este canal 33 le daré un 10 por estas bellas salvadoreñas cada día más hermosas. Feliz día,Este canal 33 le daré un 10 por estas bellas salvadoreñas cada día más hermosas. Feliz día,este canal le dare un por estas bellas salvadorenas cada dia mas hermosas feliz dia,No Tóxico,0,,,NO,NO,NO,90,17,0,0,0,0
1365,Facebook,2026-06-25,USER_1365,"Y los que regalan alquilando jajajajajajajajajajaa la pende,#@$&+ en su máxima expresión siguan donando","Y los que regalan alquilando jajajajajajajajajajaa la pende,#@$&+ en su máxima expresión siguan donando",y los que regalan alquilando jajajajajajajajajajaa la pende en su maxima expresion siguan donando,Lenguaje Ofensivo,1,Palabras Obscenas,,NO,NO,NO,103,14,0,0,0,0
2424,Facebook,2026-07-22,USER_2424,Y la sorpresa ?? ya sabemos que vive en closet,Y la sorpresa ?? ya sabemos que vive en closet,y la sorpresa ya sabemos que vive en closet,Discurso de Odio,2,Homofobia,Personas LGBT,NO,NO,NO,46,10,0,0,0,0
2360,Facebook,2026-07-23,USER_2360,Desde cuando los de apocalypto se pintan el cabello?,Desde cuando los de apocalypto se pintan el cabello?,desde cuando los de apocalypto se pintan el cabello,Discurso de Odio,2,Racismo,Indígenas,SI,SI,NO,52,9,0,0,0,0
1346,Facebook,2026-06-25,USER_1346,Yole ofresco una cora de pitos para q lede sueño porq solo durmiendose anda,Yole ofresco una cora de pitos para q lede sueño porq solo durmiendose anda,yole ofresco una cora de pitos para q lede sueno porq solo durmiendose anda,Lenguaje Ofensivo,1,Palabras Obscenas,Persona Individual,NO,NO,NO,75,14,0,0,0,0
226,X,2026-07-14,USER_226,Mañana inauguramos VÍNCULOS junto a @marte_sv a las 7:00 pm. Todos están cordialmente invitados. #ElSalvador #artesv #photography #FashionPhotography,Mañana inauguramos VÍNCULOS junto a @usuario a las 7:00 pm. Todos están cordialmente invitados. #ElSalvador #artesv #photography #FashionPhotography,manana inauguramos vinculos junto a usuario a las pm todos estan cordialmente invitados elsalvador artesv photography fashionphotography,No Tóxico,0,,,NO,NO,NO,149,18,0,1,4,0
2773,X,2026-05-29,USER_2773,Putos moros de mierda,Putos moros de mierda,putos moros de mierda,Discurso de Odio,2,Islamofobia,Personas musulmanas,NO,NO,NO,21,4,0,0,0,2
2058,X,2026-06-14,USER_2058,"Ves? Te traigo de mi puta, lo normal, no te enamores...","Ves? Te traigo de mi puta, lo normal, no te enamores...",ves te traigo de mi puta lo normal no te enamores,Lenguaje Ofensivo,1,Palabras Obscenas,,NO,NO,NO,55,11,0,0,0,1
2774,X,2026-06-15,USER_2774,Viva España y putos moros de mierda,Viva España y putos moros de mierda,viva espana y putos moros de mierda,Discurso de Odio,2,Islamofobia,Personas musulmanas,NO,NO,NO,35,7,0,0,0,2
2594,Facebook,2026-07-27,USER_2594,toma de todo para bajar de peso pero no de tragar la gorda,toma de todo para bajar de peso pero no de tragar la gorda,toma de todo para bajar de peso pero no de tragar la gorda,Discurso de Odio,2,Gordofobia,Personas con sobrepeso,NO,NO,NO,58,13,0,0,0,0
2009,X,2026-06-14,USER_2009,"Pinché Roro estúpida para que vrg peleo si no quería lastimarse, puto casco más enorme ni se le movía y Robo definitivo. Lo dio todo Rivers épica campeóna 🥊🔥🇲🇽","Pinché Roro estúpida para que vrg peleo si no quería lastimarse, puto casco más enorme ni se le movía y Robo definitivo. Lo dio todo Rivers épica campeóna :guante_de_boxeo: :fuego: :bandera_méxico:",pinche roro estupida para que vrg peleo si no queria lastimarse puto casco mas enorme ni se le movia y robo definitivo lo dio todo rivers epica campeona,Lenguaje Ofensivo,1,Insulto Directo,Persona Individual,NO,NO,NO,159,29,3,0,0,1
2024,X,2026-06-14,USER_2024,"procedo a bloquear a esta pinche pagina mierdera, no saben perder, son soberbios y vende humo, las estadisiticas dicen todo, ¿no que mucha ciencia? que miras, bobo!","procedo a bloquear a esta pinche pagina mierdera, no saben perder, son soberbios y vende humo, las estadisiticas dicen todo, ¿no que mucha ciencia? que miras, bobo!",procedo a bloquear a esta pinche pagina mierdera no saben perder son soberbios y vende humo las estadisiticas dicen todo no que mucha ciencia que miras bobo,Lenguaje Ofensivo,1,Insulto Directo,Persona Individual,NO,NO,NO,164,27,0,0,0,1
74,X,2026-07-13,USER_074,"#Nacionales | Pronóstico para el martes: ambiente muy caluroso y cielo poco nublado. Por la mañana, cielo despejado sin lluvias; por la tarde, lluvias puntuales y cortas en el norte de #SantaAna y #Chalatenango; por la noche, probabilidad de lluvias en San Salvador, La","#Nacionales | Pronóstico para el martes: ambiente muy caluroso y cielo poco nublado. Por la mañana, cielo despejado sin lluvias; por la tarde, lluvias puntuales y cortas en el norte de #SantaAna y #Chalatenango; por la noche, probabilidad de lluvias en San Salvador, La",nacionales pronostico para el martes ambiente muy caluroso y cielo poco nublado por la manana cielo despejado sin lluvias por la tarde lluvias puntuales y cortas en el norte de santaana y chalatenango por la noche probabilidad de lluvias en san salvador la,No Tóxico,0,,,NO,NO,NO,269,44,0,0,3,0
1886,X,2026-07-08,USER_1886,No falta el pendejo que va decir que es robo de Argentina y que le dieron un penal.,No falta el pendejo que va decir que es robo de Argentina y que le dieron un penal.,no falta el pendejo que va decir que es robo de argentina y que le dieron un penal,Lenguaje Ofensivo,1,Insulto Directo,,SÍ,NO,NO,83,18,0,0,0,1
1694,X,2026-06-02,USER_1694,"os sos sanchezz certen hijueputa, porque no podes ser tan pendejo .. ajajajajajajjajajajajajj El edificio el salvadoreño( hecho por chinos). Hijueputa terengo Ajajajajajajajajajjaaj","os sos sanchezz certen hijueputa, porque no podes ser tan pendejo .. ajajajajajajjajajajajajj El edificio el salvadoreño( hecho por chinos). Hijueputa terengo Ajajajajajajajajajjaaj",os sos sanchezz certen hijueputa porque no podes ser tan pendejo ajajajajajajjajajajajajj el edificio el salvadoreno hecho por chinos hijueputa terengo ajajajajajajajajajjaaj,Lenguaje Ofensivo,1,Insulto Directo,Persona Individual,SÍ,NO,SÍ,181,23,0,0,0,3
2007,X,2026-06-14,USER_2007,"Es que weyy, que emperre y si mi niña se chinga la mano por golpear ese puto casco de cagada. Es que son mamadas. #LaVeladaDelAñoVI","Es que weyy, que emperre y si mi niña se chinga la mano por golpear ese puto casco de cagada. Es que son mamadas. #LaVeladaDelAñoVI",es que weyy que emperre y si mi nina se chinga la mano por golpear ese puto casco de cagada es que son mamadas laveladadelanovi,Lenguaje Ofensivo,1,Palabras Obscenas,Persona Individual,NO,NO,NO,131,25,0,0,1,1
1354,Facebook,2026-06-25,USER_1354,"que hijo de puta más asqueroso, algún fetiche enfermo,Tiene ese tipo","que hijo de puta más asqueroso, algún fetiche enfermo,Tiene ese tipo",que hijo de puta mas asqueroso algun fetiche enfermo tiene ese tipo,Lenguaje Ofensivo,1,Insulto Directo,Persona Individual,SÍ,NO,NO,68,11,0,0,0,2
1703,X,2026-06-02,USER_1703,SEGUI ESCONDIDO UN CEROTE TE NUNCA HAS SALIDO DE EL SALVADOR Y TE CREES... CONOZCO LOS 50 ESTADOS DE ESTADOS UNIDOS Y NO HABLO MIERDA🤣🤣🤣,SEGUI ESCONDIDO UN CEROTE TE NUNCA HAS SALIDO DE EL SALVADOR Y TE CREES... CONOZCO LOS 50 ESTADOS DE ESTADOS UNIDOS Y NO HABLO MIERDA :cara_revolviéndose_de_la_risa: :cara_revolviéndose_de_la_risa: :cara_revolviéndose_de_la_risa:,segui escondido un cerote te nunca has salido de el salvador y te crees conozco los estados de estados unidos y no hablo mierda,Lenguaje Ofensivo,1,Insulto Directo,Persona Individual,SÍ,NO,NO,136,25,3,0,0,2
368,X,2026-07-14,USER_368,Esa mareros son demonios y deben ser eliminados así como ellos no tienen compasión porque tenerla con ellos,Esa mareros son demonios y deben ser eliminados así como ellos no tienen compasión porque tenerla con ellos,esa mareros son demonios y deben ser eliminados asi como ellos no tienen compasion porque tenerla con ellos,Amenazas/Violencia,3,Incitación a la Violencia,Pandilleros/Mareros,NO,NO,NO,107,18,0,0,0,3
228,X,2026-07-14,USER_228,Esta mañana Salvador Vásquez en cabina de @RadioSonoraSv compartiendo la agenda cultural de las Casas de Cultura y otras dependencias del Ministerio de Cultura #ArteSv,Esta mañana Salvador Vásquez en cabina de @usuario compartiendo la agenda cultural de las Casas de Cultura y otras dependencias del Ministerio de Cultura #ArteSv,esta manana salvador vasquez en cabina de usuario compartiendo la agenda cultural de las casas de cultura y otras dependencias del ministerio de cultura artesv,No Tóxico,0,,,NO,NO,SÍ,167,25,0,1,1,0
769,Facebook,2026-07-18,USER_769,Que barbaridad lo que hiso este pendejo hoy que muera en la carcel,Que barbaridad lo que hiso este pendejo hoy que muera en la carcel,que barbaridad lo que hiso este pendejo hoy que muera en la carcel,Amenazas/Violencia,3,Deseo de Daño,Individuo,NO,NO,NO,66,13,0,0,0,2
1823,X,2026-06-07,USER_1823,Quien es ese culero?,Quien es ese culero?,quien es ese culero,Lenguaje Ofensivo,1,Insulto Directo,Persona Individual,NO,NO,NO,20,4,0,0,0,1
2546,Facebook,2026-07-21,USER_2546,"seguramente el novio, igual de miserable y perdedor que esta, un fracaso los dos.","seguramente el novio, igual de miserable y perdedor que esta, un fracaso los dos.",seguramente el novio igual de miserable y perdedor que esta un fracaso los dos,Lenguaje Ofensivo,1,Insulto Directo,Personas en situación de pobreza,NO,NO,NO,81,14,0,0,0,0
972,Facebook,2026-07-24,USER_972,Y los que les dieron daño a los que sufrieron quien les da algo quien los ha ayudado que se jodan y que los pongan a trabajar y que no les den ni agua ni comida es más los familiares que les exijan dinero para la comida de los presos simple,Y los que les dieron daño a los que sufrieron quien les da algo quien los ha ayudado que se jodan y que los pongan a trabajar y que no les den ni agua ni comida es más los familiares que les exijan dinero para la comida de los presos simple,y los que les dieron dano a los que sufrieron quien les da algo quien los ha ayudado que se jodan y que los pongan a trabajar y que no les den ni agua ni comida es mas los familiares que les exijan dinero para la comida de los presos simple,Amenazas/Violencia,3,Deseo de Daño,Grupo,NO,NO,NO,240,51,0,0,0,0
1782,X,2026-06-07,USER_1782,"Bicho 0te, arrogante, sobrado, deberían de tóparlo, todo el tiempo denigrando a nuestra gente humilde.","Bicho 0te, arrogante, sobrado, deberían de tóparlo, todo el tiempo denigrando a nuestra gente humilde.",bicho te arrogante sobrado deberian de toparlo todo el tiempo denigrando a nuestra gente humilde,Lenguaje Ofensivo,1,Insulto Directo,Persona Individual,NO,NO,NO,102,15,0,0,0,1
1082,Facebook,2026-06-22,USER_1082,Que se pudran en la cárcel,Que se pudran en la cárcel,que se pudran en la carcel,Amenazas/Violencia,3,Deseo de Daño/Sufrimiento,Persona Individual,NO,NO,SÍ,26,6,0,0,0,0
2537,Facebook,2026-07-22,USER_2537,Jajajaja tampoco tienen que comer y se hacen los nice ??????,Jajajaja tampoco tienen que comer y se hacen los nice ??????,jajajaja tampoco tienen que comer y se hacen los nice,Discurso de Odio,2,Xenofobia,Personas en situación de pobreza,NO,NO,NO,60,11,0,0,0,0
1897,X,2026-07-08,USER_1897,"Y a quien le importa lo que digas pedazo de mierda? Ahh si, a tus lameculos","Y a quien le importa lo que digas pedazo de mierda? Ahh si, a tus lameculos",y a quien le importa lo que digas pedazo de mierda ahh si a tus lameculos,Lenguaje Ofensivo,1,Insulto Directo,Persona Individual,SÍ,SÍ,SÍ,75,16,0,0,0,1
2280,Facebook,2026-07-21,USER_2280,Son expertos en robar,Son expertos en robar,son expertos en robar,Lenguaje Ofensivo,1,Insulto Directo,Argentinos/Españoles,NO,NO,NO,21,4,0,0,0,0
2624,X,2026-07-12,USER_2624,"Si, son estupidos y que gente mogolica y pelotuda que te comentan, Dios lo que tenés que aguantar, Pero tranquila ojalá milei Heche a los inmigrantes de mierda que hay y los devuelva a sus países inservibles y nos dejen de joder en nuestras universidades gratuitas, son las mejore","Si, son estupidos y que gente mogolica y pelotuda que te comentan, Dios lo que tenés que aguantar, Pero tranquila ojalá milei Heche a los inmigrantes de mierda que hay y los devuelva a sus países inservibles y nos dejen de joder en nuestras universidades gratuitas, son las mejore",si son estupidos y que gente mogolica y pelotuda que te comentan dios lo que tenes que aguantar pero tranquila ojala milei heche a los inmigrantes de mierda que hay y los devuelva a sus paises inservibles y nos dejen de joder en nuestras universidades gratuitas son las mejore,Discurso de Odio,2,Xenofobia,Personas inmigrantes,NO,NO,NO,280,49,0,0,0,3
2615,X,2026-07-10,USER_2615,"Argentina: Messi Inglaterra: Negro kalergiano Francia: Negro kalergiano España: Negro kalergiano Los europeos de esas selecciones no existen, tienen que poner siempre a los putos inmigrantes africanos que no deberían de estar jugando ahí","Argentina: Messi Inglaterra: Negro kalergiano Francia: Negro kalergiano España: Negro kalergiano Los europeos de esas selecciones no existen, tienen que poner siempre a los putos inmigrantes africanos que no deberían de estar jugando ahí",argentina messi inglaterra negro kalergiano francia negro kalergiano espana negro kalergiano los europeos de esas selecciones no existen tienen que poner siempre a los putos inmigrantes africanos que no deberian de estar jugando ahi,Discurso de Odio,2,Xenofobia,Personas negras; inmigrantes africanos,NO,NO,NO,237,34,0,0,0,3
2784,X,2026-05-29,USER_2784,"Chorradas. Sí algún gitano hace algo, por poco que sea, el ""putos gitanos de mierda"" no falla","Chorradas. Sí algún gitano hace algo, por poco que sea, el ""putos gitanos de mierda"" no falla",chorradas si algun gitano hace algo por poco que sea el putos gitanos de mierda no falla,No Tóxico,0,,Personas gitanas,NO,NO,NO,93,17,0,0,0,2
693,Facebook,2026-07-14,USER_693,Ya van aparecer en algún puesto siempre gobierno,Ya van aparecer en algún puesto siempre gobierno,ya van aparecer en algun puesto siempre gobierno,No Tóxico,0,,,NO,NO,SÍ,48,8,0,0,0,0
1260,Facebook,2026-07-14,USER_1260,Osea un pendejo qué no aporta nada ala economía del país un burro más cómo los otros,Osea un pendejo qué no aporta nada ala economía del país un burro más cómo los otros,osea un pendejo que no aporta nada ala economia del pais un burro mas como los otros,Lenguaje Ofensivo,1,Insulto Directo,Persona Individual,SÍ,NO,SÍ,84,17,0,0,0,2
2953,X,2026-06-14,USER_2953,"Venezolanos de mierda e ingratos como tú que entraron a partir de 2018 a España, gracias a las políticas de puertas abiertas de este Gobierno y se dedican a envenenar la sana convivencia. Fuera de España.","Venezolanos de mierda e ingratos como tú que entraron a partir de 2018 a España, gracias a las políticas de puertas abiertas de este Gobierno y se dedican a envenenar la sana convivencia. Fuera de España.",venezolanos de mierda e ingratos como tu que entraron a partir de a espana gracias a las politicas de puertas abiertas de este gobierno y se dedican a envenenar la sana convivencia fuera de espana,Discurso de Odio,2,Xenofobia,Personas inmigrantes,NO,NO,NO,204,36,0,0,0,1
425,X,2026-07-14,USER_425,"Pero entonces sería el problema que al marero muerto tiene derechos y quién lo haya matado debe pagar por ese asesinato. Aunque sí sería bueno, marero visto marero muerto","Pero entonces sería el problema que al marero muerto tiene derechos y quién lo haya matado debe pagar por ese asesinato. Aunque sí sería bueno, marero visto marero muerto",pero entonces seria el problema que al marero muerto tiene derechos y quien lo haya matado debe pagar por ese asesinato aunque si seria bueno marero visto marero muerto,Amenazas/Violencia,3,Incitación a la Violencia,Pandilleros/Mareros,NO,NO,NO,170,29,0,0,0,2
2350,Facebook,2026-07-22,USER_2350,En 4 lo puso pero su tío ?? De ahí empezó,En 4 lo puso pero su tío ?? De ahí empezó,en lo puso pero su tio de ahi empezo,Discurso de Odio,2,Serofobia,Personas LGBT,NO,NO,NO,41,11,0,0,0,0
449,X,2026-07-14,USER_449,Apenas comienza el cambio para sacar a los partidos arena y fmln ladrones y mareros q desaparezcan de una vez Apenas comienza,Apenas comienza el cambio para sacar a los partidos arena y fmln ladrones y mareros q desaparezcan de una vez Apenas comienza,apenas comienza el cambio para sacar a los partidos arena y fmln ladrones y mareros q desaparezcan de una vez apenas comienza,Lenguaje Ofensivo,1,Insulto Directo,Pandilleros y políticos (ARENA/FMLN),NO,NO,SÍ,125,22,0,0,0,2
382,X,2026-07-14,USER_382,"PENA CAPITAL PARA TODO MARERO TERRORISTA, SIN IMP[ORTAR EDAD NI SEXO, ya aburres con las novelas drmaticas de los drogos y mareros de faro, dan risa","PENA CAPITAL PARA TODO MARERO TERRORISTA, SIN IMP[ORTAR EDAD NI SEXO, ya aburres con las novelas drmaticas de los drogos y mareros de faro, dan risa",pena capital para todo marero terrorista sin imp ortar edad ni sexo ya aburres con las novelas drmaticas de los drogos y mareros de faro dan risa,Amenazas/Violencia,3,Deseo de Daño,Pandilleros/Mareros (incluye menores),NO,NO,NO,148,26,0,0,0,4
68,X,2026-07-13,USER_068,#DeportesSV El portero de #LaSelecta Mario González se tomó unas fotografías con el guardameta español y leyenda del Real Madrid Iker Casillas. #JuegoDeLeyendas,#DeportesSV El portero de #LaSelecta Mario González se tomó unas fotografías con el guardameta español y leyenda del Real Madrid Iker Casillas. #JuegoDeLeyendas,deportessv el portero de laselecta mario gonzalez se tomo unas fotografias con el guardameta espanol y leyenda del real madrid iker casillas juegodeleyendas,No Tóxico,0,,,NO,NO,NO,160,23,0,0,3,1
1538,Facebook,2026-07-26,USER_1538,Solo mierd@$ hablan. Se estan quedando locos de tanto tenqui for colin,Solo mierd@$ hablan. Se estan quedando locos de tanto tenqui for colin,solo mierd hablan se estan quedando locos de tanto tenqui for colin,Lenguaje Ofensivo,1,Insulto Directo,,NO,NO,NO,70,12,0,0,0,1
334,X,2026-07-14,USER_334,Me iba a indignar por este reportaje pero es por gusto. Solo espero que se mueran todos los mareros para que ya no sufran en los penales.,Me iba a indignar por este reportaje pero es por gusto. Solo espero que se mueran todos los mareros para que ya no sufran en los penales.,me iba a indignar por este reportaje pero es por gusto solo espero que se mueran todos los mareros para que ya no sufran en los penales,Amenazas/Violencia,3,Deseo de Daño,Pandilleros/Mareros,SÍ,NO,NO,137,27,0,0,0,2
471,X,2026-07-14,USER_471,"Buenos dias, una lastima que no exterminaron a ltodos esos Pandilleros Terroristas, porque muertos estan mucho mejor que presos!","Buenos dias, una lastima que no exterminaron a ltodos esos Pandilleros Terroristas, porque muertos estan mucho mejor que presos!",buenos dias una lastima que no exterminaron a ltodos esos pandilleros terroristas porque muertos estan mucho mejor que presos,Amenazas/Violencia,3,Deseo de Daño,Pandilleros/Mareros,NO,NO,NO,128,19,0,0,0,4
810,Facebook,2026-07-18,USER_810,Que nunca salgan del cecot,Que nunca salgan del cecot,que nunca salgan del cecot,Amenazas/Violencia,3,Deseo de Daño,Pandilleros/Reos,NO,NO,NO,26,5,0,0,0,0
1240,Facebook,2026-06-26,USER_1240,Tantas ganas tenías en pendejo de hacerle eso ala niña demasiado 😡😡😡😡,Tantas ganas tenías en pendejo de hacerle eso ala niña demasiado :cara_cabreada: :cara_cabreada: :cara_cabreada: :cara_cabreada:,tantas ganas tenias en pendejo de hacerle eso ala nina demasiado,Lenguaje Ofensivo,1,Insulto Directo,,NO,NO,NO,69,12,4,0,0,1
1172,Facebook,2026-06-26,USER_1172,Me meo dictadura para boz gusano de 💩,Me meo dictadura para boz gusano de :caca_con_ojos:,me meo dictadura para boz gusano de,Lenguaje Ofensivo,1,Insulto Directo,Persona Individual,NO,NO,NO,37,8,1,0,0,0
1477,Facebook,2026-07-26,USER_1477,Wooo y lo de tu marido bukele no diras nada donde aran el cifco pedazo de 💩 deja la gente trabajar o ke le ara solo por llevar arena semejante idiota,Wooo y lo de tu marido bukele no diras nada donde aran el cifco pedazo de :caca_con_ojos: deja la gente trabajar o ke le ara solo por llevar arena semejante idiota,wooo y lo de tu marido bukele no diras nada donde aran el cifco pedazo de deja la gente trabajar o ke le ara solo por llevar arena semejante idiota,Lenguaje Ofensivo,1,Insulto Directo,Persona Individual,NO,NO,SÍ,149,31,1,0,0,1
2311,Facebook,2026-07-23,USER_2311,"La gracia del espíritu santo se ve por los ojos del corazón y es de color rojo, igual que la bandera de la internacional pero como los que le han dado me divierte son apóstatas talmudicos no lo ven ??","La gracia del espíritu santo se ve por los ojos del corazón y es de color rojo, igual que la bandera de la internacional pero como los que le han dado me divierte son apóstatas talmudicos no lo ven ??",la gracia del espiritu santo se ve por los ojos del corazon y es de color rojo igual que la bandera de la internacional pero como los que le han dado me divierte son apostatas talmudicos no lo ven,Lenguaje Ofensivo,1,Tono Agresivo,Cristianos,SI,SI,NO,200,40,0,0,0,0
1161,Facebook,2026-06-25,USER_1161,La casa de yeik es una 💩💩💩💩💩 todo pēndējō ese maje,La casa de yeik es una :caca_con_ojos: :caca_con_ojos: :caca_con_ojos: :caca_con_ojos: :caca_con_ojos: todo pēndējō ese maje,la casa de yeik es una todo pendejo ese maje,Lenguaje Ofensivo,1,Insulto Directo,Persona Individual,NO,NO,NO,50,11,5,0,0,1
733,Facebook,2026-07-14,USER_733,despues!! y falta aún finalizar parque el roble y q hagan algo en parque la bota!!,despues!! y falta aún finalizar parque el roble y q hagan algo en parque la bota!!,despues y falta aun finalizar parque el roble y q hagan algo en parque la bota,No Tóxico,0,,,NO,NO,NO,82,16,0,0,0,0
6,X,2026-07-13,USER_006,"La belleza del corazón de Nahuizalco se potencia #EnLaDirecciónCorrecta, con la revitalización que realizamos en el centro histórico. Esto, como parte de nuestra intervención en la #RutaDeLasFlores.","La belleza del corazón de Nahuizalco se potencia #EnLaDirecciónCorrecta, con la revitalización que realizamos en el centro histórico. Esto, como parte de nuestra intervención en la #RutaDeLasFlores.",la belleza del corazon de nahuizalco se potencia enladireccioncorrecta con la revitalizacion que realizamos en el centro historico esto como parte de nuestra intervencion en la rutadelasflores,No Tóxico,0,,,NO,NO,SÍ,198,27,0,0,2,1
1434,Facebook,2026-06-14,USER_1434,Andate a la mierda,Andate a la mierda,andate a la mierda,Lenguaje Ofensivo,1,Palabras Obscenas,Persona Individual,NO,NO,SÍ,18,4,0,0,0,1
2733,X,2026-07-06,USER_2733,"Telefe vende culo, ¿¿que chota nos importa como festejan los judíos de mierda!?","Telefe vende culo, ¿¿que chota nos importa como festejan los judíos de mierda!?",telefe vende culo que chota nos importa como festejan los judios de mierda,Discurso de Odio,2,Antisemitismo,Personas judias,NO,NO,NO,79,13,0,0,0,2
156,X,2026-07-13,USER_156,"El Gobierno de El Salvador alista un amplio despliegue para la Semana Santa, con apoyo de la @PROCIVILSV , la @PNCSV y la @FUERZARMADASV . Nota https:// shre.ink/LZpH #SemanaSantaSV #ElSalvador #ProteccionCivil #PNC #FAES #Seguridad #Prevencion #NoticiasSV LS","El Gobierno de El Salvador alista un amplio despliegue para la Semana Santa, con apoyo de la @usuario , la @usuario y la @usuario . Nota https:// shre.ink/LZpH #SemanaSantaSV #ElSalvador #ProteccionCivil #PNC #FAES #Seguridad #Prevencion #NoticiasSV LS",el gobierno de el salvador alista un amplio despliegue para la semana santa con apoyo de la usuario la usuario y la usuario nota https shre ink lzph semanasantasv elsalvador proteccioncivil pnc faes seguridad prevencion noticiassv ls,No Tóxico,0,,,NO,NO,SÍ,259,37,0,3,8,1
2984,X,2026-06-29,USER_2984,"Los laburadores de los barrios mas pobres son los que mas odian a los negros de mierda. Clasismo nada, es espiritual","Los laburadores de los barrios mas pobres son los que mas odian a los negros de mierda. Clasismo nada, es espiritual",los laburadores de los barrios mas pobres son los que mas odian a los negros de mierda clasismo nada es espiritual,No Tóxico,0,,Personas negras o racializadas,NO,NO,NO,116,21,0,0,0,2
141,X,2026-07-13,USER_141,"La emoción y la historia se toman de la mano. Los Hermanos Flores, a segundos de iniciar su espectáculo en #Coachella. #OrgulloSalvadoreño","La emoción y la historia se toman de la mano. Los Hermanos Flores, a segundos de iniciar su espectáculo en #Coachella. #OrgulloSalvadoreño",la emocion y la historia se toman de la mano los hermanos flores a segundos de iniciar su espectaculo en coachella orgullosalvadoreno,No Tóxico,0,,,NO,NO,NO,138,22,0,0,2,0
2655,X,2026-06-13,USER_2655,no los aguanto más venezolanos de mierda !!!!!,no los aguanto más venezolanos de mierda !!!!!,no los aguanto mas venezolanos de mierda,Discurso de Odio,2,Xenofobia,Personas venezolanas,NO,NO,NO,46,8,0,0,0,1
2959,X,2026-06-09,USER_2959,Lo diré una vez más: VENEZOLANOS DE MIERDA FUERA DE ESPAÑA!!!!!,Lo diré una vez más: VENEZOLANOS DE MIERDA FUERA DE ESPAÑA!!!!!,lo dire una vez mas venezolanos de mierda fuera de espana,Discurso de Odio,2,Xenofobia,Personas inmigrantes,NO,NO,NO,63,11,0,0,0,1
897,Facebook,2026-07-20,USER_897,Se que salgan directo al cemen,Se que salgan directo al cemen,se que salgan directo al cemen,Amenazas/Violencia,3,Deseo de Daño,Pandilleros/presos,NO,NO,NO,30,6,0,0,0,0
524,Facebook,2026-07-14,USER_524,ES MAS FÁCIL QUE UN CAMELLO ENTRE EN EL OJAL DE UNA AGUJA QUE LA SELECTA VAYA A UN MUNDIAL. JAJAJA JAJAJA JAJAJA JAJAJA.,ES MAS FÁCIL QUE UN CAMELLO ENTRE EN EL OJAL DE UNA AGUJA QUE LA SELECTA VAYA A UN MUNDIAL. JAJAJA JAJAJA JAJAJA JAJAJA.,es mas facil que un camello entre en el ojal de una aguja que la selecta vaya a un mundial jajaja jajaja jajaja jajaja,No Tóxico,0,,,NO,NO,NO,120,24,0,0,0,0
2371,Facebook,2026-07-23,USER_2371,y esas imágenes porque las tiene guardadas ???????,y esas imágenes porque las tiene guardadas ???????,y esas imagenes porque las tiene guardadas,No Tóxico,0,,Personas LGBT,NO,NO,NO,50,8,0,0,0,1
1590,X,2026-05-30,USER_1590,Se pasan 🤣 Dientes mierda que tiene así a de tener el cerebro el culero puto chacalin hijueputa,Se pasan :cara_revolviéndose_de_la_risa: Dientes mierda que tiene así a de tener el cerebro el culero puto chacalin hijueputa,se pasan dientes mierda que tiene asi a de tener el cerebro el culero puto chacalin hijueputa,Lenguaje Ofensivo,1,Insulto Directo,Persona Individual,NO,NO,NO,95,18,1,0,0,5
992,Facebook,2026-07-24,USER_992,"Fernando Flores Reigadas el pueblo de El Salvador estaba secuestrado y no se podían defender Degenerados, que más nunca vuelvan El Salvador, sepulten esa plaga","Fernando Flores Reigadas el pueblo de El Salvador estaba secuestrado y no se podían defender Degenerados, que más nunca vuelvan El Salvador, sepulten esa plaga",fernando flores reigadas el pueblo de el salvador estaba secuestrado y no se podian defender degenerados que mas nunca vuelvan el salvador sepulten esa plaga,Amenazas/Violencia,3,Incitación a la Violencia,Grupo,NO,NO,NO,159,25,0,0,0,0
2358,Facebook,2026-07-21,USER_2358,Ahí es cuando deben de dar gracias a que no los abandonó su papá porque si no terminarían así ??,Ahí es cuando deben de dar gracias a que no los abandonó su papá porque si no terminarían así ??,ahi es cuando deben de dar gracias a que no los abandono su papa porque si no terminarian asi,Lenguaje Ofensivo,1,Burla,Personas en situación de pobreza,NO,NO,NO,96,20,0,0,0,1
765,Facebook,2026-07-18,USER_765,Por supuesto que no..lo deberían dejar en la cárcel hasta su muerte..,Por supuesto que no..lo deberían dejar en la cárcel hasta su muerte..,por supuesto que no lo deberian dejar en la carcel hasta su muerte,No Tóxico,0,,Individuo,NO,NO,NO,69,12,0,0,0,0
2492,Facebook,2026-07-20,USER_2492,Entonces yo no entro en la categoria ... but soy color sombra ...jaja XD,Entonces yo no entro en la categoria ... but soy color sombra ...jaja XD,entonces yo no entro en la categoria but soy color sombra jaja xd,No Tóxico,0,,Personas morenas,NO,NO,NO,72,14,0,0,0,0
2351,Facebook,2026-07-22,USER_2351,descripción gráfica de diverSIDAd,descripción gráfica de diverSIDAd,descripcion grafica de diversidad,Discurso de Odio,2,Serofobia,Personas con VIH,NO,NO,NO,33,4,0,0,0,0
846,Facebook,2026-07-19,USER_846,No les den ningún año es mejor lesden 7 cuartas,No les den ningún año es mejor lesden 7 cuartas,no les den ningun ano es mejor lesden cuartas,Amenazas/Violencia,3,Deseo de Daño,Asesinos/delincuentes condenados,NO,NO,NO,47,10,0,0,0,0
678,Facebook,2026-07-14,USER_678,Gracias por el saludo Adriana!!,Gracias por el saludo Adriana!!,gracias por el saludo adriana,No Tóxico,0,,,NO,NO,NO,31,5,0,0,0,0
1981,X,2026-06-14,USER_1981,"Regalada está tu vieja, imbécil","Regalada está tu vieja, imbécil",regalada esta tu vieja imbecil,Lenguaje Ofensivo,1,Insulto Directo,Persona Individual,NO,NO,NO,31,5,0,0,0,1
826,Facebook,2026-07-19,USER_826,"este señor no sabe con quien se esta metiendo con que no puede con los problemas de su país y anda tocando los huevos al tigre se lo van a comer vivo , si o no","este señor no sabe con quien se esta metiendo con que no puede con los problemas de su país y anda tocando los huevos al tigre se lo van a comer vivo , si o no",este senor no sabe con quien se esta metiendo con que no puede con los problemas de su pais y anda tocando los huevos al tigre se lo van a comer vivo si o no,Amenazas/Violencia,3,Amenaza Implícita,Persona identificable (el señor mencionado en la publicación),NO,NO,NO,159,36,0,0,0,1
2923,X,2026-06-25,USER_2923,"Y la.granhijueputa de la mamá, porque ella es tan culpable como él, uno no deja a sus hijos con él primero que le da pipí! Hay jardines, que NO SON PEREFECTOS, pero no la deja en manos de un animal asqueroso. Al fin y al cabo venezolanos de mierda!","Y la.granhijueputa de la mamá, porque ella es tan culpable como él, uno no deja a sus hijos con él primero que le da pipí! Hay jardines, que NO SON PEREFECTOS, pero no la deja en manos de un animal asqueroso. Al fin y al cabo venezolanos de mierda!",y la granhijueputa de la mama porque ella es tan culpable como el uno no deja a sus hijos con el primero que le da pipi hay jardines que no son perefectos pero no la deja en manos de un animal asqueroso al fin y al cabo venezolanos de mierda,Discurso de Odio,2,Xenofobia,Personas inmigrantes,NO,NO,NO,248,49,0,0,0,4
2456,Facebook,2026-07-22,USER_2456,Así como son estos animales más desvergue se van a aser,Así como son estos animales más desvergue se van a aser,asi como son estos animales mas desvergue se van a aser,Discurso de Odio,2,Racismo,Personas de clase baja,NO,NO,NO,55,11,0,0,0,1
1270,Facebook,2026-07-14,USER_1270,De por si ya me cae mal ese boca de culo basura,De por si ya me cae mal ese boca de culo basura,de por si ya me cae mal ese boca de culo basura,Lenguaje Ofensivo,1,Insulto Directo,Persona Individual,SÍ,NO,NO,47,12,0,0,0,2
1455,Facebook,2026-06-14,USER_1455,"Si no los quieren, no los vayan a traer y ya, tanta mmda por unos zapatos que son regalados, que j0d3 la gente pndj4","Si no los quieren, no los vayan a traer y ya, tanta mmda por unos zapatos que son regalados, que j0d3 la gente pndj4",si no los quieren no los vayan a traer y ya tanta mmda por unos zapatos que son regalados que j d la gente pndj,Lenguaje Ofensivo,1,Palabras Obscenas,,NO,NO,SÍ,116,24,0,0,0,0
825,Facebook,2026-07-19,USER_825,Señores delos o NI no es eso señores ellos los Delos derechos humanos e igual q nosotros de los afectados del régimen q mis familiares no tienen q Ber con la delincuencia no tiene q pagar nada porq no los liberan porq ellos no les an probado nada y ya ban para 5 años yo les digo eso porq no los an condenado saben el porq porq los tienen trabajando de gratis no les pagan nada y como quien Dise los tiene esclavosados no es justo para los civiles afectados por esa mierda del régimen porq para mí el delincuente q pague si es preciso asta con la muerte pero los civiles no,Señores delos o NI no es eso señores ellos los Delos derechos humanos e igual q nosotros de los afectados del régimen q mis familiares no tienen q Ber con la delincuencia no tiene q pagar nada porq no los liberan porq ellos no les an probado nada y ya ban para 5 años yo les digo eso porq no los an condenado saben el porq porq los tienen trabajando de gratis no les pagan nada y como quien Dise los tiene esclavosados no es justo para los civiles afectados por esa mierda del régimen porq para mí el delincuente q pague si es preciso asta con la muerte pero los civiles no,senores delos o ni no es eso senores ellos los delos derechos humanos e igual q nosotros de los afectados del regimen q mis familiares no tienen q ber con la delincuencia no tiene q pagar nada porq no los liberan porq ellos no les an probado nada y ya ban para anos yo les digo eso porq no los an condenado saben el porq porq los tienen trabajando de gratis no les pagan nada y como quien dise los tiene esclavosados no es justo para los civiles afectados por esa mierda del regimen porq para mi el delincuente q pague si es preciso asta con la muerte pero los civiles no,Amenazas/Violencia,3,Deseo de Daño,Delincuentes,NO,NO,SÍ,573,113,0,0,0,2
297,X,2026-07-14,USER_297,"Al país le urge una noche como la película esa de exterminio, salimos todos organizados a matar ese vergo de mareros hijos de puta empezáramos por lanzar bombas aéreas en la campanera","Al país le urge una noche como la película esa de exterminio, salimos todos organizados a matar ese vergo de mareros hijos de puta empezáramos por lanzar bombas aéreas en la campanera",al pais le urge una noche como la pelicula esa de exterminio salimos todos organizados a matar ese vergo de mareros hijos de puta empezaramos por lanzar bombas aereas en la campanera,Amenazas/Violencia,3,Incitación a la Violencia,Pandilleros/Mareros,NO,NO,NO,183,32,0,0,0,3
145,X,2026-07-13,USER_145,Saludamos a todos los #salvadoreñosenelmundo,Saludamos a todos los #salvadoreñosenelmundo,saludamos a todos los salvadorenosenelmundo,No Tóxico,0,,,NO,NO,NO,44,5,0,0,1,0
2155,Facebook,2026-07-08,USER_2155,Vamos Argentina,Vamos Argentina,vamos argentina,No Tóxico,0,,Personas argentinas,SI,SI,NO,15,2,0,0,0,0
1928,X,2026-06-14,USER_1928,??? Es la bandera de Nicaragua y El Salvador pedazo de puto pendejo,??? Es la bandera de Nicaragua y El Salvador pedazo de puto pendejo,es la bandera de nicaragua y el salvador pedazo de puto pendejo,Lenguaje Ofensivo,1,Insulto Directo,Persona Individual,NO,NO,SÍ,67,13,0,0,0,2
2816,X,2026-06-13,USER_2816,Bien hay q echar esos judíos de mierda,Bien hay q echar esos judíos de mierda,bien hay q echar esos judios de mierda,Discurso de Odio,2,Antisemitismo,Personas judi­as,NO,NO,NO,38,8,0,0,0,1
1701,X,2026-06-02,USER_1701,A este hijo de puta lo metía yo en una cárcel como las de El Salvador 30 años y luego lo mandaba a su país. Gente así no la queremos.,A este hijo de puta lo metía yo en una cárcel como las de El Salvador 30 años y luego lo mandaba a su país. Gente así no la queremos.,a este hijo de puta lo metia yo en una carcel como las de el salvador anos y luego lo mandaba a su pais gente asi no la queremos,Lenguaje Ofensivo,1,Insulto Directo,Persona Individual,NO,NO,SÍ,133,30,0,0,0,1
2184,Facebook,2026-06-23,USER_2184,A la mujer de cristiano se le olvida que Argentina tiene a Messi...,A la mujer de cristiano se le olvida que Argentina tiene a Messi...,a la mujer de cristiano se le olvida que argentina tiene a messi,No Tóxico,0,,Personas argentinas,SI,SI,NO,67,13,0,0,0,0
26,X,2026-07-13,USER_026,Les dejo por acá el usuario de nuestro emprendimiento. Vayan a seguirnos. https:// instagram.com/candm_sv?igshi d=YmMyMTA2M2Y= … #emprendimientosv #couplesgoals #locionesparahombre #locionesparamujer #pedidos #follow,Les dejo por acá el usuario de nuestro emprendimiento. Vayan a seguirnos. https:// instagram.com/candm_sv?igshi d=YmMyMTA2M2Y= … #emprendimientosv #couplesgoals #locionesparahombre #locionesparamujer #pedidos #follow,les dejo por aca el usuario de nuestro emprendimiento vayan a seguirnos https instagram com candm_sv igshi d ymmymta m y emprendimientosv couplesgoals locionesparahombre locionesparamujer pedidos follow,No Tóxico,0,,,NO,NO,NO,216,22,0,0,6,0
518,Facebook,2026-07-14,USER_518,"Cuando el mundial sea de 200, allí si de seguro clasificamos","Cuando el mundial sea de 200, allí si de seguro clasificamos",cuando el mundial sea de alli si de seguro clasificamos,No Tóxico,0,,,NO,NO,NO,60,11,0,0,0,0
1955,X,2026-06-14,USER_1955,perro idiota (yo) kree ke puede cer un pes,perro idiota (yo) kree ke puede cer un pes,perro idiota yo kree ke puede cer un pes,No Tóxico,0,,Persona Individual,SÍ,NO,NO,42,9,0,0,0,2
2076,Facebook,2026-06-25,USER_2076,Bien dicen que no hay culero sin suerte 🤣🤣🤣🤣,Bien dicen que no hay culero sin suerte :cara_revolviéndose_de_la_risa: :cara_revolviéndose_de_la_risa: :cara_revolviéndose_de_la_risa: :cara_revolviéndose_de_la_risa:,bien dicen que no hay culero sin suerte,Lenguaje Ofensivo,1,Insulto Directo,,NO,NO,NO,44,9,4,0,0,1
2991,X,2026-06-08,USER_2991,Que asco estos negros de mierda,Que asco estos negros de mierda,que asco estos negros de mierda,Discurso de Odio,2,Racismo,Personas negras o racializadas,NO,NO,NO,31,6,0,0,0,2
292,X,2026-07-14,USER_292,Seria bueno aser un grupo de exterminio de las comunidades que ya conosen a los mareros la cosa es que ud los policias nos isieran paro de no agarrarlos cuando los mandara la fiscalia,Seria bueno aser un grupo de exterminio de las comunidades que ya conosen a los mareros la cosa es que ud los policias nos isieran paro de no agarrarlos cuando los mandara la fiscalia,seria bueno aser un grupo de exterminio de las comunidades que ya conosen a los mareros la cosa es que ud los policias nos isieran paro de no agarrarlos cuando los mandara la fiscalia,Amenazas/Violencia,3,Incitación a la Violencia,Pandilleros/Mareros,NO,NO,NO,183,34,0,0,0,1
2357,Facebook,2026-07-23,USER_2357,JAJAJAJA la banda convenciéndose de que sus desgracias son una bendición,JAJAJAJA la banda convenciéndose de que sus desgracias son una bendición,jajajaja la banda convenciendose de que sus desgracias son una bendicion,No Tóxico,0,,Personas con VIH,NO,NO,NO,72,11,0,0,0,0
927,Facebook,2026-07-24,USER_927,para mí esas mierdas así no valen nada. Más este ijo de puta. Kisiera lograrlo yo ombe . Conmigo no va ablar de nada solo de reventarlos el osico lo quisiera poner en el lugar que debe i bajarlo de esa nube en la que anda. Tajo de caca,para mí esas mierdas así no valen nada. Más este ijo de puta. Kisiera lograrlo yo ombe . Conmigo no va ablar de nada solo de reventarlos el osico lo quisiera poner en el lugar que debe i bajarlo de esa nube en la que anda. Tajo de caca,para mi esas mierdas asi no valen nada mas este ijo de puta kisiera lograrlo yo ombe conmigo no va ablar de nada solo de reventarlos el osico lo quisiera poner en el lugar que debe i bajarlo de esa nube en la que anda tajo de caca,Amenazas/Violencia,3,Amenaza Directa,Individuo,NO,NO,NO,235,49,0,0,0,3
2121,Facebook,2026-06-08,USER_2121,Pataconera que gane españa o argentina estamos contentos los cule entiendee,Pataconera que gane españa o argentina estamos contentos los cule entiendee,pataconera que gane espana o argentina estamos contentos los cule entiendee,No Tóxico,0,,Personas argentinas,SI,SI,NO,75,11,0,0,0,1
1930,X,2026-06-14,USER_1930,"Qué bueno que nosotros somos los alzados 😅Venga hermanos argentinos, así son y así los queremos. Que aburrido que no pudiéramos chingarnos entre todos, pero qué quede claro que es joda, eso si los que no entiendan eso como su periodista que se vaya a la mierda","Qué bueno que nosotros somos los alzados :cara_sonriendo_con_sudor_frío: Venga hermanos argentinos, así son y así los queremos. Que aburrido que no pudiéramos chingarnos entre todos, pero qué quede claro que es joda, eso si los que no entiendan eso como su periodista que se vaya a la mierda",que bueno que nosotros somos los alzados venga hermanos argentinos asi son y asi los queremos que aburrido que no pudieramos chingarnos entre todos pero que quede claro que es joda eso si los que no entiendan eso como su periodista que se vaya a la mierda,Lenguaje Ofensivo,1,Insulto Directo,Persona Individual,SÍ,SÍ,SÍ,260,47,1,0,0,1
2472,Facebook,2026-07-22,USER_2472,"después cuando viene la ira del creador, todos pagamos por estos brujos ????","después cuando viene la ira del creador, todos pagamos por estos brujos ????",despues cuando viene la ira del creador todos pagamos por estos brujos,Lenguaje Ofensivo,1,Burla,"Brujos, personas con creencias espirituales",NO,NO,NO,76,13,0,0,0,0
1947,X,2026-06-14,USER_1947,Es de El Salvador Estupido,Es de El Salvador Estupido,es de el salvador estupido,Lenguaje Ofensivo,1,Insulto Directo,Persona Individual,NO,NO,SÍ,26,5,0,0,0,1
2085,Facebook,2026-05-29,USER_2085,Esque si es pendejo ese bukele,Esque si es pendejo ese bukele,esque si es pendejo ese bukele,Lenguaje Ofensivo,1,Insulto Directo,persona publica,NO,NO,SI,30,6,0,0,0,1
1828,X,2026-06-07,USER_1828,"Tenes tiempo de sobras para estar de chismosa, revisando mis interacciones. Y si, para tu información lo que cinco hacía antes no me caía mal, pero ahora pasa como vieja chismosa, a falta de creatividad 🤷🏻 y para tu información, el pendejo de yeik también me cae el los huevos.","Tenes tiempo de sobras para estar de chismosa, revisando mis interacciones. Y si, para tu información lo que cinco hacía antes no me caía mal, pero ahora pasa como vieja chismosa, a falta de creatividad :persona_encogida_de_hombros: y para tu información, el pendejo de yeik también me cae el los huevos.",tenes tiempo de sobras para estar de chismosa revisando mis interacciones y si para tu informacion lo que cinco hacia antes no me caia mal pero ahora pasa como vieja chismosa a falta de creatividad y para tu informacion el pendejo de yeik tambien me cae el los huevos,Lenguaje Ofensivo,1,Insulto Directo,Persona Individual,NO,NO,NO,277,50,1,0,0,1
2590,Facebook,2026-07-27,USER_2590,Los Curas violan niños y la gente dice q es normal ??,Los Curas violan niños y la gente dice q es normal ??,los curas violan ninos y la gente dice q es normal,No Tóxico,0,,"Cristianos, profetas",SI,SI,NO,53,12,0,0,0,0
1182,Facebook,2026-06-26,USER_1182,La pesadilla del gorgojal,La pesadilla del gorgojal,la pesadilla del gorgojal,Lenguaje Ofensivo,1,Burla,Persona Individual,NO,NO,SÍ,25,4,0,0,0,0
1725,X,2026-06-04,USER_1725,Y la BANDERA de mierda DE NICARAGUA la copio de el salvador,Y la BANDERA de mierda DE NICARAGUA la copio de el salvador,y la bandera de mierda de nicaragua la copio de el salvador,Lenguaje Ofensivo,1,Palabras Obscenas,,SÍ,NO,NO,59,12,0,0,0,1
1116,Facebook,2026-06-24,USER_1116,Yeste baboso viene delicado hasta con moscas se las hartaba ahora. Pide servilletas. Ahora viene zocado,Yeste baboso viene delicado hasta con moscas se las hartaba ahora. Pide servilletas. Ahora viene zocado,yeste baboso viene delicado hasta con moscas se las hartaba ahora pide servilletas ahora viene zocado,Lenguaje Ofensivo,1,Insulto Directo,Persona Individual,SÍ,NO,NO,103,16,0,0,0,2
802,Facebook,2026-07-18,USER_802,El CECOT los espera con los brazos abiertos,El CECOT los espera con los brazos abiertos,el cecot los espera con los brazos abiertos,Amenazas/Violencia,3,Deseo de Daño,Extranjeros (guatemaltecos detenidos),NO,NO,NO,43,8,0,0,0,1
2532,Facebook,2026-07-22,USER_2532,Las vacas bien alimentadas y los cubanos sin tragar ??,Las vacas bien alimentadas y los cubanos sin tragar ??,las vacas bien alimentadas y los cubanos sin tragar,Discurso de Odio,2,Xenofobia,Cubanos,NO,NO,NO,54,10,0,0,0,0
2651,X,2026-07-03,USER_2651,En Perú sí y los mayores responsables son los venezolanos de mierda que vinieron acá,En Perú sí y los mayores responsables son los venezolanos de mierda que vinieron acá,en peru si y los mayores responsables son los venezolanos de mierda que vinieron aca,Discurso de Odio,2,Xenofobia,Personas venezolanas,NO,NO,NO,84,15,0,0,0,1
195,X,2026-07-14,USER_195,"Esta tarde nuestras compañeras Nuria, Edith y Merche participan en la formación sobre el #Voluntariadosv dentro del #EquipoSocial de nuestro #colegiossv de @hijascaridadsv #juntosesmejor #vicencianos #CarismaVicenciano","Esta tarde nuestras compañeras Nuria, Edith y Merche participan en la formación sobre el #Voluntariadosv dentro del #EquipoSocial de nuestro #colegiossv de @usuario #juntosesmejor #vicencianos #CarismaVicenciano",esta tarde nuestras companeras nuria edith y merche participan en la formacion sobre el voluntariadosv dentro del equiposocial de nuestro colegiossv de usuario juntosesmejor vicencianos carismavicenciano,No Tóxico,0,,,NO,NO,NO,218,26,0,1,6,0
1876,X,2026-07-08,USER_1876,Ya no convencen en su gobierno ni mierda bueno hicieron 🤨 Piensa q nos van agarrar de juguete de nuevo 👊👊,Ya no convencen en su gobierno ni mierda bueno hicieron :cara_con_ceja_alzada: Piensa q nos van agarrar de juguete de nuevo :puño_cerrado: :puño_cerrado:,ya no convencen en su gobierno ni mierda bueno hicieron piensa q nos van agarrar de juguete de nuevo,Lenguaje Ofensivo,1,Palabras Obscenas,,NO,NO,SÍ,105,21,3,0,0,1
1141,Facebook,2026-06-25,USER_1141,Que vergo de serotes sin ofició.,Que vergo de serotes sin ofició.,que vergo de serotes sin oficio,Lenguaje Ofensivo,1,Insulto Directo,,NO,NO,NO,32,6,0,0,0,0
633,Facebook,2026-07-14,USER_633,Dios va venir cuando uno no lo espere dise la palabra de Dios q en un abrir y serrar de ojos vendra así q hay q estar preparados para ese momento,Dios va venir cuando uno no lo espere dise la palabra de Dios q en un abrir y serrar de ojos vendra así q hay q estar preparados para ese momento,dios va venir cuando uno no lo espere dise la palabra de dios q en un abrir y serrar de ojos vendra asi q hay q estar preparados para ese momento,No Tóxico,0,,,NO,NO,NO,145,31,0,0,0,0
2457,Facebook,2026-07-21,USER_2457,Lo único q no fueron capaces de robarse los hambrentinos fueron las Malvinas ??,Lo único q no fueron capaces de robarse los hambrentinos fueron las Malvinas ??,lo unico q no fueron capaces de robarse los hambrentinos fueron las malvinas,Discurso de Odio,2,Xenofobia,Argentinos,NO,NO,NO,79,14,0,0,0,0
702,Facebook,2026-07-14,USER_702,El mejor partido que le he visto a España.,El mejor partido que le he visto a España.,el mejor partido que le he visto a espana,No Tóxico,0,,,NO,NO,NO,42,9,0,0,0,0
3055,X,2026-07-03,USER_3055,Ustedes indios de mierda bancan a unos piratas asesinos solo por resentimiento y complejo de inferioridad con sigan siendo los sumisos limpia retretes de los yankys les pusieron un muro y aun así los aman mentalidad de servil inferior mejimono,Ustedes indios de mierda bancan a unos piratas asesinos solo por resentimiento y complejo de inferioridad con sigan siendo los sumisos limpia retretes de los yankys les pusieron un muro y aun así los aman mentalidad de servil inferior mejimono,ustedes indios de mierda bancan a unos piratas asesinos solo por resentimiento y complejo de inferioridad con sigan siendo los sumisos limpia retretes de los yankys les pusieron un muro y aun asi los aman mentalidad de servil inferior mejimono,Discurso de Odio,2,Racismo,Personas latinoamericanas,NO,NO,NO,243,40,0,0,0,3
1934,X,2026-06-14,USER_1934,"Y que dice el pendejo?? Que odia a los mexicanos!! Maldito COME MIERDA DE MILEI...!! otro lector de notas, que le llenen el EL HOCICO DE BILLETES...Y pisotear al pueblo....( Mal PARIDO HIJO DE MIL PUTAS)","Y que dice el pendejo?? Que odia a los mexicanos!! Maldito COME MIERDA DE MILEI...!! otro lector de notas, que le llenen el EL HOCICO DE BILLETES...Y pisotear al pueblo....( Mal PARIDO HIJO DE MIL PUTAS)",y que dice el pendejo que odia a los mexicanos maldito come mierda de milei otro lector de notas que le llenen el el hocico de billetes y pisotear al pueblo mal parido hijo de mil putas,Lenguaje Ofensivo,1,Insulto Directo,Persona Individual,NO,NO,SÍ,203,36,0,0,0,5
1598,X,2026-05-30,USER_1598,"Ese enfermo mental de Eliseo, en su miopía mental y fanatismo, dice ser Abogado y solo habla en carácter personal, no es normal el muchacho, debería buscar ayuda psiquiátrica, solo escuchen su forma de hablar y redactar. es un analfabeta.","Ese enfermo mental de Eliseo, en su miopía mental y fanatismo, dice ser Abogado y solo habla en carácter personal, no es normal el muchacho, debería buscar ayuda psiquiátrica, solo escuchen su forma de hablar y redactar. es un analfabeta.",ese enfermo mental de eliseo en su miopia mental y fanatismo dice ser abogado y solo habla en caracter personal no es normal el muchacho deberia buscar ayuda psiquiatrica solo escuchen su forma de hablar y redactar es un analfabeta,Lenguaje Ofensivo,1,Insulto Directo,Persona Individual,NO,NO,NO,238,40,0,0,0,0
896,Facebook,2026-07-20,USER_896,Sólo en el carro fúnebre que salgan.,Sólo en el carro fúnebre que salgan.,solo en el carro funebre que salgan,Amenazas/Violencia,3,Deseo de Daño,Pandilleros/presos,NO,NO,NO,36,7,0,0,0,0
2082,Facebook,2026-06-25,USER_2082,Por fea más que la noche y eso de ser tic toker es lo más aberrante para la gente eso es vasura ser de eso tienen dinero de solo estupideses,Por fea más que la noche y eso de ser tic toker es lo más aberrante para la gente eso es vasura ser de eso tienen dinero de solo estupideses,por fea mas que la noche y eso de ser tic toker es lo mas aberrante para la gente eso es vasura ser de eso tienen dinero de solo estupideses,Lenguaje Ofensivo,1,Insulto Directo,LGBTQ+,NO,NO,NO,140,30,0,0,0,1
180,X,2026-07-13,USER_180,¡Con la reforma Mi Nueva Escuela lo estamos logrando! #CrecerJuntos #EducacionSV,¡Con la reforma Mi Nueva Escuela lo estamos logrando! #CrecerJuntos #EducacionSV,con la reforma mi nueva escuela lo estamos logrando crecerjuntos educacionsv,No Tóxico,0,,,NO,NO,SÍ,80,11,0,0,2,1
165,X,2026-07-13,USER_165,Eso es lo que quería @Concacaf #Robo en el #cuscatlan,Eso es lo que quería @usuario #Robo en el #cuscatlan,eso es lo que queria usuario robo en el cuscatlan,No Tóxico,0,,,NO,NO,NO,53,10,0,1,2,0
525,Facebook,2026-07-14,USER_525,La selecta tendrá q practicar desde ya.para aquel entonces talvez,La selecta tendrá q practicar desde ya.para aquel entonces talvez,la selecta tendra q practicar desde ya para aquel entonces talvez,No Tóxico,0,,,NO,NO,NO,65,10,0,0,0,0
438,X,2026-07-14,USER_438,"Tu hermano marero ya debe tener el culo bien zurcido de tanta verga que se come a diario en el penal y eso ea bueno! Eso es lo unico que importa ,.lo que digas vale verga y mas si hablas de tus amigos mareros!","Tu hermano marero ya debe tener el culo bien zurcido de tanta verga que se come a diario en el penal y eso ea bueno! Eso es lo unico que importa ,.lo que digas vale verga y mas si hablas de tus amigos mareros!",tu hermano marero ya debe tener el culo bien zurcido de tanta verga que se come a diario en el penal y eso ea bueno eso es lo unico que importa lo que digas vale verga y mas si hablas de tus amigos mareros,Amenazas/Violencia,3,Celebración de Violencia,Individuo (familiar de marero),NO,NO,NO,209,44,0,0,0,4
293,X,2026-07-14,USER_293,Ojalá sea un campo de exterminio de mareros. Nada me haría más feliz.,Ojalá sea un campo de exterminio de mareros. Nada me haría más feliz.,ojala sea un campo de exterminio de mareros nada me haria mas feliz,Amenazas/Violencia,3,Deseo de Daño,Pandilleros/Mareros,NO,NO,NO,69,13,0,0,0,1
603,Facebook,2026-07-14,USER_603,Pero como la alcaldía no quiere poda de árboles,Pero como la alcaldía no quiere poda de árboles,pero como la alcaldia no quiere poda de arboles,No Tóxico,0,,,NO,NO,NO,47,9,0,0,0,0
2393,Facebook,2026-07-21,USER_2393,"¿no te sabes otra cosa? Como si ""trepamuros"" nos ofendiera, tienes un país de mierda y ese es el insulto para ti.","¿no te sabes otra cosa? Como si ""trepamuros"" nos ofendiera, tienes un país de mierda y ese es el insulto para ti.",no te sabes otra cosa como si trepamuros nos ofendiera tienes un pais de mierda y ese es el insulto para ti,Discurso de Odio,2,Estigmatización nacional,Migrantes,NO,NO,NO,113,22,0,0,0,1
984,Facebook,2026-07-24,USER_984,"Ismael VFranco eso que ud escribe es una falacia. Aqui ya se tuvo al borde de la extinción a los grupos guerrilleros, solo faltaba darles la estocada final, pero llego un presidente (santos), que los auxilio y les dio oxígeno y volvieron a tomar fuerza estos grupos y al dia de hoy retrocedimos 30 años en seguridad... Con la elección de petro el panorama se oscureció aún mas al darles muchas prebendas con su falsa paz total, que no fue otra cosa que darles patente de corso para delinquir con el beneficio del estado a costa del debilitamiento de nuestras fuerzas armadas... nunca antes la guerrilla habia estado tan incrustada en el poder y si gana el candidato que ellos educaron e insertaron en la legalidad (cepeda) estaremos ante la debacle mas grande sufrida por pais alguno en Latinoamérica... Desafortunadamente el colombiano promedio es muy tonto y cuando va a votar lo hace sin pensar en el futuro.... solo saca su resentimiento a flote y termina entregandole el pais a lo peor.. Ahí tenemos al actual, que deja una vara tan baja que es difícil que alguien la supere.","Ismael VFranco eso que ud escribe es una falacia. Aqui ya se tuvo al borde de la extinción a los grupos guerrilleros, solo faltaba darles la estocada final, pero llego un presidente (santos), que los auxilio y les dio oxígeno y volvieron a tomar fuerza estos grupos y al dia de hoy retrocedimos 30 años en seguridad... Con la elección de petro el panorama se oscureció aún mas al darles muchas prebendas con su falsa paz total, que no fue otra cosa que darles patente de corso para delinquir con el beneficio del estado a costa del debilitamiento de nuestras fuerzas armadas... nunca antes la guerrilla habia estado tan incrustada en el poder y si gana el candidato que ellos educaron e insertaron en la legalidad (cepeda) estaremos ante la debacle mas grande sufrida por pais alguno en Latinoamérica... Desafortunadamente el colombiano promedio es muy tonto y cuando va a votar lo hace sin pensar en el futuro.... solo saca su resentimiento a flote y termina entregandole el pais a lo peor.. Ahí tenemos al actual, que deja una vara tan baja que es difícil que alguien la supere.",ismael vfranco eso que ud escribe es una falacia aqui ya se tuvo al borde de la extincion a los grupos guerrilleros solo faltaba darles la estocada final pero llego un presidente santos que los auxilio y les dio oxigeno y volvieron a tomar fuerza estos grupos y al dia de hoy retrocedimos anos en seguridad con la eleccion de petro el panorama se oscurecio aun mas al darles muchas prebendas con su falsa paz total que no fue otra cosa que darles patente de corso para delinquir con el beneficio del estado a costa del debilitamiento de nuestras fuerzas armadas nunca antes la guerrilla habia estado tan incrustada en el poder y si gana el candidato que ellos educaron e insertaron en la legalidad cepeda estaremos ante la debacle mas grande sufrida por pais alguno en latinoamerica desafortunadamente el colombiano promedio es muy tonto y cuando va a votar lo hace sin pensar en el futuro solo saca su resentimiento a flote y termina entregandole el pais a lo peor ahi tenemos al actual que deja una vara tan baja que es dificil que alguien la supere,Discurso de Odio,2,Estigmatización Nacional,Grupo,NO,NO,SÍ,1080,189,0,0,0,2
1844,X,2026-06-07,USER_1844,"Lo bueno q tenes a charly a tu lado terrorista de mierda , hijo de puta cocainoide , basura , desecho asqueroso, ningún delincuente es bienvenido a él nuevo el salvador , las ratas y las cucarachas están donde deben estar 🫵","Lo bueno q tenes a charly a tu lado terrorista de mierda , hijo de puta cocainoide , basura , desecho asqueroso, ningún delincuente es bienvenido a él nuevo el salvador , las ratas y las cucarachas están donde deben estar :dedo_índice_apuntándote_a_ti:",lo bueno q tenes a charly a tu lado terrorista de mierda hijo de puta cocainoide basura desecho asqueroso ningun delincuente es bienvenido a el nuevo el salvador las ratas y las cucarachas estan donde deben estar,Amenazas/Violencia,3,Celebracion de Violencia,Persona Individual,NO,NO,SÍ,223,42,1,0,0,5
2738,X,2026-06-23,USER_2738,Son los judíos de mierda qué te odian,Son los judíos de mierda qué te odian,son los judios de mierda que te odian,Discurso de Odio,2,Antisemitismo,Personas judi­as,NO,NO,NO,37,8,0,0,0,1
1318,Facebook,2026-06-25,USER_1318,"Estos mediocres solo hacer desmadres llegan a esos lugares y así es como consiguen publicidad y hacen sus show , quieren que los traten como que si fueran de otros países, gran culo ,son unos ridículos..🤣🤣","Estos mediocres solo hacer desmadres llegan a esos lugares y así es como consiguen publicidad y hacen sus show , quieren que los traten como que si fueran de otros países, gran culo ,son unos ridículos.. :cara_revolviéndose_de_la_risa: :cara_revolviéndose_de_la_risa:",estos mediocres solo hacer desmadres llegan a esos lugares y asi es como consiguen publicidad y hacen sus show quieren que los traten como que si fueran de otros paises gran culo son unos ridiculos,Lenguaje Ofensivo,1,Insulto Directo,Persona Individual,SÍ,NO,NO,205,36,2,0,0,1
2732,X,2026-06-08,USER_2732,Son una banda de delincuentes. Antipatria. Judíos de mierda. Tetones. Cagones en la vereda. Son una película de terror . A todos le toca.,Son una banda de delincuentes. Antipatria. Judíos de mierda. Tetones. Cagones en la vereda. Son una película de terror . A todos le toca.,son una banda de delincuentes antipatria judios de mierda tetones cagones en la vereda son una pelicula de terror a todos le toca,Discurso de Odio,2,Antisemitismo,Personas judias,NO,NO,NO,137,24,0,0,0,1
271,X,2026-07-14,USER_271,"Todos esos hdp mareros que se pudran en el CECOT, todos son terengos frentudos PIRICUACOS","Todos esos hdp mareros que se pudran en el CECOT, todos son terengos frentudos PIRICUACOS",todos esos hdp mareros que se pudran en el cecot todos son terengos frentudos piricuacos,Amenazas/Violencia,3,Deseo de Daño,Pandilleros/Mareros,NO,NO,NO,89,15,0,0,0,2
2915,X,2026-07-09,USER_2915,"Kevin Mier es una puta mierda, que asco dan los putos monos esos de Colombia, putos inmigrantes de mierda.","Kevin Mier es una puta mierda, que asco dan los putos monos esos de Colombia, putos inmigrantes de mierda.",kevin mier es una puta mierda que asco dan los putos monos esos de colombia putos inmigrantes de mierda,Discurso de Odio,2,Racismo,Personas inmigrantes,NO,NO,NO,106,19,0,0,0,4
1190,Facebook,2026-06-26,USER_1190,Ni dan sospecha que pueden ser estafadores. 😎 Caras vemos corazones no sabemos. 🚫‼️❌️,Ni dan sospecha que pueden ser estafadores. :cara_sonriendo_con_gafas_de_sol: Caras vemos corazones no sabemos. :prohibido: :exclamación_doble: :marca_de_cruz:,ni dan sospecha que pueden ser estafadores caras vemos corazones no sabemos,No Tóxico,0,,Persona Individual,SÍ,NO,NO,85,14,4,0,0,0
1321,Facebook,2026-06-25,USER_1321,Deberían dar noticias q de verdad importen no promocionar basura están igual a ellos uds,Deberían dar noticias q de verdad importen no promocionar basura están igual a ellos uds,deberian dar noticias q de verdad importen no promocionar basura estan igual a ellos uds,Lenguaje Ofensivo,1,Insulto Directo,Persona Individual,NO,NO,NO,88,15,0,0,0,1
2455,Facebook,2026-07-22,USER_2455,"si yo se que tenes que seguir compartiendo imagenes de Messi, argentino de apopa","si yo se que tenes que seguir compartiendo imagenes de Messi, argentino de apopa",si yo se que tenes que seguir compartiendo imagenes de messi argentino de apopa,Lenguaje Ofensivo,1,Burla,Habitantes de Apopa,NO,NO,NO,80,14,0,0,0,0
350,X,2026-07-14,USER_350,Así llore tanta vieja puta que le hace falta la renta para vivir!!! Que se pudran esos mareros BASURA que tanto daño le hicieron a la gente honrada y trabajadora,Así llore tanta vieja puta que le hace falta la renta para vivir!!! Que se pudran esos mareros BASURA que tanto daño le hicieron a la gente honrada y trabajadora,asi llore tanta vieja puta que le hace falta la renta para vivir que se pudran esos mareros basura que tanto dano le hicieron a la gente honrada y trabajadora,Amenazas/Violencia,3,Deseo de Daño,Pandilleros/Mareros,NO,NO,NO,161,30,0,0,0,3
270,X,2026-07-14,USER_270,Los mareros Que YA están en el CECOT que se pudran de por vida ! Que si salen sea en cajas de muertos directo al cementerio,Los mareros Que YA están en el CECOT que se pudran de por vida ! Que si salen sea en cajas de muertos directo al cementerio,los mareros que ya estan en el cecot que se pudran de por vida que si salen sea en cajas de muertos directo al cementerio,Amenazas/Violencia,3,Deseo de Daño,Pandilleros/Mareros,NO,NO,NO,123,26,0,0,0,2
377,X,2026-07-14,USER_377,Que todo el peso de la ley le caiga a los delincuentes y mareros...pena capital a quienes no les tiembla la mano para matar Salvadoreños honestos y trabajadores,Que todo el peso de la ley le caiga a los delincuentes y mareros...pena capital a quienes no les tiembla la mano para matar Salvadoreños honestos y trabajadores,que todo el peso de la ley le caiga a los delincuentes y mareros pena capital a quienes no les tiembla la mano para matar salvadorenos honestos y trabajadores,Amenazas/Violencia,3,Deseo de Daño,Pandilleros/Mareros,NO,NO,NO,160,28,0,0,0,2
2332,Facebook,2026-07-21,USER_2332,"Nmms ambrentino la ciudad de México sola, maneja más dinero que Hambrentina burrolandia.","Nmms ambrentino la ciudad de México sola, maneja más dinero que Hambrentina burrolandia.",nmms ambrentino la ciudad de mexico sola maneja mas dinero que hambrentina burrolandia,Discurso de Odio,2,Xenofobia,Argentinos,NO,NO,NO,88,13,0,0,0,0
2849,X,2026-07-14,USER_2849,"Se me pianta un lagrimón, a fin uno que no es un autista y la cazó al vuelo sin que le tenga que explicar nada. Aprendan, discapacitados de mierda @RoDecepticon @lambdacat2 @AGamefox @PanDoAzucarinha @nijika36432 @puchitogalio","Se me pianta un lagrimón, a fin uno que no es un autista y la cazó al vuelo sin que le tenga que explicar nada. Aprendan, discapacitados de mierda @usuario @usuario @usuario @usuario @usuario @usuario",se me pianta un lagrimon a fin uno que no es un autista y la cazo al vuelo sin que le tenga que explicar nada aprendan discapacitados de mierda usuario usuario usuario usuario usuario usuario,Discurso de Odio,2,Capacitismo,Personas con discapacidad,NO,NO,NO,226,35,0,6,0,1
2673,X,2026-06-20,USER_2673,"""a nosotros nos dieron todo "" ""ese país nos recibió con los brazos abiertos "" mi negra en cristo si el boludito de tu hijo no les rinde en su club como ellos quieren, al toque los vuelven a ver como los sudacas de mierda q son vi varios videos de ingleses que viven acá y saltan igual en el el que no salta es un inglés porque entienden el contexto y después tenés a los fantasmas de los familiares de los jugadores que no saltan porque en inglaterra ""les dieron todo"" mamita","""a nosotros nos dieron todo "" ""ese país nos recibió con los brazos abiertos "" mi negra en cristo si el boludito de tu hijo no les rinde en su club como ellos quieren, al toque los vuelven a ver como los sudacas de mierda q son vi varios videos de ingleses que viven acá y saltan igual en el el que no salta es un inglés porque entienden el contexto y después tenés a los fantasmas de los familiares de los jugadores que no saltan porque en inglaterra ""les dieron todo"" mamita",a nosotros nos dieron todo ese pais nos recibio con los brazos abiertos mi negra en cristo si el boludito de tu hijo no les rinde en su club como ellos quieren al toque los vuelven a ver como los sudacas de mierda q son vi varios videos de ingleses que viven aca y saltan igual en el el que no salta es un ingles porque entienden el contexto y despues tenes a los fantasmas de los familiares de los jugadores que no saltan porque en inglaterra les dieron todo mamita,Discurso de Odio,2,Xenofobia,Personas latinoamericanas,NO,NO,NO,475,93,0,0,0,4
1556,X,2026-05-24,USER_1556,"La gente que más vive rogando por amor y buscando pareja, es la que se va a morir sola JAJAJAJA sorry tenía que decirlo.","La gente que más vive rogando por amor y buscando pareja, es la que se va a morir sola JAJAJAJA sorry tenía que decirlo.",la gente que mas vive rogando por amor y buscando pareja es la que se va a morir sola jajajaja sorry tenia que decirlo,Lenguaje Ofensivo,1,Tono Agresivo,,SÍ,SÍ,NO,120,24,0,0,0,1
2799,X,2026-06-24,USER_2799,"JAJAJAJAJJAA QUE NEGROS DE MIERDA, POBRE GENTE, ALGUIEN QUE LES DE ATENCION","JAJAJAJAJJAA QUE NEGROS DE MIERDA, POBRE GENTE, ALGUIEN QUE LES DE ATENCION",jajajajajjaa que negros de mierda pobre gente alguien que les de atencion,Discurso de Odio,2,Racismo,Personas negras,NO,NO,NO,75,12,0,0,0,2
2721,X,2026-06-15,USER_2721,"Vete a chingar a tu madre y a tu hermana, que en eso es que ustedes son buenos. Los indios de mierda que viven en un país de mierda, rodeados por mujeres, prostitutas y maricones en las calles.","Vete a chingar a tu madre y a tu hermana, que en eso es que ustedes son buenos. Los indios de mierda que viven en un país de mierda, rodeados por mujeres, prostitutas y maricones en las calles.",vete a chingar a tu madre y a tu hermana que en eso es que ustedes son buenos los indios de mierda que viven en un pais de mierda rodeados por mujeres prostitutas y maricones en las calles,Discurso de Odio,2,Racismo,Personas indigenas,NO,NO,NO,193,38,0,0,0,3
813,Facebook,2026-07-18,USER_813,Topenlo por Bayunco,Topenlo por Bayunco,topenlo por bayunco,Amenazas/Violencia,3,Incitación a la Violencia,Individuo (señalado como 'Bayunco' en el post),NO,NO,NO,19,3,0,0,0,1
325,X,2026-07-14,USER_325,Total apoyo a Gallegos que es el único qie ha dicho que los mareros merecen la pena de muerte,Total apoyo a Gallegos que es el único qie ha dicho que los mareros merecen la pena de muerte,total apoyo a gallegos que es el unico qie ha dicho que los mareros merecen la pena de muerte,Amenazas/Violencia,3,Deseo de Daño,Pandilleros/Mareros,NO,NO,SÍ,93,19,0,0,0,1
1171,Facebook,2026-06-26,USER_1171,No hijas del pico allá en la sombra les va tocar que hacerse amigas porque no les queda de otra.,No hijas del pico allá en la sombra les va tocar que hacerse amigas porque no les queda de otra.,no hijas del pico alla en la sombra les va tocar que hacerse amigas porque no les queda de otra,Lenguaje Ofensivo,1,Insulto Directo,Medios de Comunicación,NO,NO,NO,96,20,0,0,0,1
3047,X,2026-06-28,USER_3047,Van con un termo con agua caliente a 45 grados como unos indios de mierda. Y su plato principal son nuestras pechugas empanadas o una ternera empanada que lo comen los niños aquí todos días? Que puedes esperar de semejantes downs?,Van con un termo con agua caliente a 45 grados como unos indios de mierda. Y su plato principal son nuestras pechugas empanadas o una ternera empanada que lo comen los niños aquí todos días? Que puedes esperar de semejantes downs?,van con un termo con agua caliente a grados como unos indios de mierda y su plato principal son nuestras pechugas empanadas o una ternera empanada que lo comen los ninos aqui todos dias que puedes esperar de semejantes downs,Discurso de Odio,2,Racismo,Personas latinoamericanas,NO,NO,NO,230,41,0,0,0,3
1458,Facebook,2026-06-14,USER_1458,Este pepe grillo piensa q somos pendejos......🤣🤣,Este pepe grillo piensa q somos pendejos...... :cara_revolviéndose_de_la_risa: :cara_revolviéndose_de_la_risa:,este pepe grillo piensa q somos pendejos,Lenguaje Ofensivo,1,Insulto Directo,Persona Individual,SÍ,NO,SÍ,48,7,2,0,0,1
2648,X,2026-07-10,USER_2648,Venezolanos de mierda abatidos; Josué y José llegaron a México a vivir del trabajo de otros. Ayer le iban a quitar 90 mil a una mujer y uno acabó muerto.,Venezolanos de mierda abatidos; Josué y José llegaron a México a vivir del trabajo de otros. Ayer le iban a quitar 90 mil a una mujer y uno acabó muerto.,venezolanos de mierda abatidos josue y jose llegaron a mexico a vivir del trabajo de otros ayer le iban a quitar mil a una mujer y uno acabo muerto,Amenazas/Violencia,3,Celebración de Violencia,Personas venezolanas,NO,NO,NO,153,30,0,0,0,2
1233,Facebook,2026-06-26,USER_1233,Y cómo afirman eso pendejos hay que ser ignorante si allí nadie ve nadie mira ni escucha. Sólo los pendejos pueden creer eso.,Y cómo afirman eso pendejos hay que ser ignorante si allí nadie ve nadie mira ni escucha. Sólo los pendejos pueden creer eso.,y como afirman eso pendejos hay que ser ignorante si alli nadie ve nadie mira ni escucha solo los pendejos pueden creer eso,Lenguaje Ofensivo,1,Insulto Directo,,NO,NO,NO,125,23,0,0,0,2
60,X,2026-07-13,USER_060,"#ECONOMÍA Las Fiestas Agostinas en El Salvador representan un periodo de alegría y descanso, sin embargo, el entusiasmo puede llevar a gastos excesivos. #AhorroAgostino #FiestasAgostinas #ElSalvador #VacacionesInteligentes #TipsFinancieros #EconomíaSV","#ECONOMÍA Las Fiestas Agostinas en El Salvador representan un periodo de alegría y descanso, sin embargo, el entusiasmo puede llevar a gastos excesivos. #AhorroAgostino #FiestasAgostinas #ElSalvador #VacacionesInteligentes #TipsFinancieros #EconomíaSV",economia las fiestas agostinas en el salvador representan un periodo de alegria y descanso sin embargo el entusiasmo puede llevar a gastos excesivos ahorroagostino fiestasagostinas elsalvador vacacionesinteligentes tipsfinancieros economiasv,No Tóxico,0,,,NO,NO,NO,251,29,0,0,7,0
2402,Facebook,2026-07-23,USER_2402,Con todo las kimberly yajairas y los kevin??,Con todo las kimberly yajairas y los kevin??,con todo las kimberly yajairas y los kevin,Discurso de Odio,2,Clasismo,Personas de clase baja,NO,NO,NO,44,8,0,0,0,1
360,X,2026-07-14,USER_360,Favor le harían los mareros al país si toman como objetivo a todos los familiares de los malditos diputados. Se merecen probar lo peor de lo peor de la escoria social en este país.,Favor le harían los mareros al país si toman como objetivo a todos los familiares de los malditos diputados. Se merecen probar lo peor de lo peor de la escoria social en este país.,favor le harian los mareros al pais si toman como objetivo a todos los familiares de los malditos diputados se merecen probar lo peor de lo peor de la escoria social en este pais,Amenazas/Violencia,3,Incitación a la Violencia,Individuo (familiares de diputados),NO,NO,SÍ,180,34,0,0,0,2
1265,Facebook,2026-07-14,USER_1265,"Otro hdp con falta de materia gris, cabeza de camarón","Otro hdp con falta de materia gris, cabeza de camarón",otro hdp con falta de materia gris cabeza de camaron,Lenguaje Ofensivo,1,Insulto Directo,Persona Individual,SÍ,NO,NO,53,10,0,0,0,2
2866,X,2026-06-05,USER_2866,"No cobras una mierda la puta que te parió. Se tira el inmigrante De mierda violado de Lamine Niggasshfal y lo cobras, SOS HIJO DE PUTA MUSLERA LA CONCHA DE TU MADRE EL RAPED DE BAENA NOS HACE GOL LA PUTA Q LOS PARIOS INMIGRANTES DE MIERDA ANDATE BIELSA Uruguay 0-1 España","No cobras una mierda la puta que te parió. Se tira el inmigrante De mierda violado de Lamine Niggasshfal y lo cobras, SOS HIJO DE PUTA MUSLERA LA CONCHA DE TU MADRE EL RAPED DE BAENA NOS HACE GOL LA PUTA Q LOS PARIOS INMIGRANTES DE MIERDA ANDATE BIELSA Uruguay 0-1 España",no cobras una mierda la puta que te pario se tira el inmigrante de mierda violado de lamine niggasshfal y lo cobras sos hijo de puta muslera la concha de tu madre el raped de baena nos hace gol la puta q los parios inmigrantes de mierda andate bielsa uruguay espana,Discurso de Odio,2,Xenofobia,Personas inmigrantes,NO,NO,NO,271,52,0,0,0,4
1519,Facebook,2026-07-26,USER_1519,Pareja de paracitos de mierda 💩 lacra de la sociedad portos helados decerebrados,Pareja de paracitos de mierda :caca_con_ojos: lacra de la sociedad portos helados decerebrados,pareja de paracitos de mierda lacra de la sociedad portos helados decerebrados,Lenguaje Ofensivo,1,Insulto Directo,Persona Individual,NO,NO,NO,80,13,1,0,0,1
2634,X,2026-06-17,USER_2634,"Malditos malnacidos inmigrantes de Mierda; son una plaga, una peste, la solución son campos de concentración y ahí que dejen de respirar por inanición","Malditos malnacidos inmigrantes de Mierda; son una plaga, una peste, la solución son campos de concentración y ahí que dejen de respirar por inanición",malditos malnacidos inmigrantes de mierda son una plaga una peste la solucion son campos de concentracion y ahi que dejen de respirar por inanicion,Amenazas/Violencia,3,Incitación a la Violencia,Personas inmigrantes,NO,NO,NO,150,24,0,0,0,2
918,Facebook,2026-07-23,USER_918,Que se pudra en el CECOT,Que se pudra en el CECOT,que se pudra en el cecot,Amenazas/Violencia,3,Deseo de Daño,Individuo,NO,NO,NO,24,6,0,0,0,0
2029,X,2026-06-14,USER_2029,Argentinos hijos de puta!! No habéis visto el partido porque no os llega la señal de televisión a la villa de mierda en la que vivís,Argentinos hijos de puta!! No habéis visto el partido porque no os llega la señal de televisión a la villa de mierda en la que vivís,argentinos hijos de puta no habeis visto el partido porque no os llega la senal de television a la villa de mierda en la que vivis,Discurso de Odio,2,Xenofobia,,NO,NO,NO,132,26,0,0,0,3
1888,X,2026-07-08,USER_1888,Tu verga me quiero comer,Tu verga me quiero comer,tu verga me quiero comer,Lenguaje Ofensivo,1,Palabras Obscenas,,NO,NO,NO,24,5,0,0,0,1
427,X,2026-07-14,USER_427,El unico marero bueno es aquel que está muerto.,El unico marero bueno es aquel que está muerto.,el unico marero bueno es aquel que esta muerto,Amenazas/Violencia,3,Incitación a la Violencia,Pandilleros/Mareros,NO,NO,NO,47,9,0,0,0,2
728,Facebook,2026-07-14,USER_728,"Mi apellido Carranza Tejada es totalmente de origen español. Mis ancestros fueron españoles. En mi cuerpo corre sangre española. Mi idioma es español, y no pienso cambiarlo por ningún otro idioma. Las dos universidades que considero mis únicas y verdaderas almas máter son españolas. Obviamente considero a España como mi patria... Estoy feliz que haya ganado el partido y esté ahora en la gran final...","Mi apellido Carranza Tejada es totalmente de origen español. Mis ancestros fueron españoles. En mi cuerpo corre sangre española. Mi idioma es español, y no pienso cambiarlo por ningún otro idioma. Las dos universidades que considero mis únicas y verdaderas almas máter son españolas. Obviamente considero a España como mi patria... Estoy feliz que haya ganado el partido y esté ahora en la gran final...",mi apellido carranza tejada es totalmente de origen espanol mis ancestros fueron espanoles en mi cuerpo corre sangre espanola mi idioma es espanol y no pienso cambiarlo por ningun otro idioma las dos universidades que considero mis unicas y verdaderas almas mater son espanolas obviamente considero a espana como mi patria estoy feliz que haya ganado el partido y este ahora en la gran final,No Tóxico,0,,,NO,NO,NO,403,65,0,0,0,0
2589,Facebook,2026-07-27,USER_2589,Ha de ser otro enfermo mental de Guatemala,Ha de ser otro enfermo mental de Guatemala,ha de ser otro enfermo mental de guatemala,Discurso de Odio,2,Capacitismo,Guatemaltecos,NO,NO,NO,42,8,0,0,0,0
2414,Facebook,2026-07-22,USER_2414,La bichita parece de esas maitras metidas que andan en todo menos en misa y que cayen mal de una ??????,La bichita parece de esas maitras metidas que andan en todo menos en misa y que cayen mal de una ??????,la bichita parece de esas maitras metidas que andan en todo menos en misa y que cayen mal de una,Lenguaje Ofensivo,1,Insulto Directo,Mujeres de clase baja,NO,NO,NO,103,21,0,0,0,0
2640,X,2026-06-25,USER_2640,"Harto de seguir viviendo en esta casa, no solo tengo que tolerar a la cochina de mi vecina que deja el baño sucio, tengo que soportar a los venezolanos de mierda que se mudaron, solo toca hacer horas extras para juntar dinero y mudarme.","Harto de seguir viviendo en esta casa, no solo tengo que tolerar a la cochina de mi vecina que deja el baño sucio, tengo que soportar a los venezolanos de mierda que se mudaron, solo toca hacer horas extras para juntar dinero y mudarme.",harto de seguir viviendo en esta casa no solo tengo que tolerar a la cochina de mi vecina que deja el bano sucio tengo que soportar a los venezolanos de mierda que se mudaron solo toca hacer horas extras para juntar dinero y mudarme,Discurso de Odio,2,Xenofobia,Personas venezolanas,NO,NO,NO,236,44,0,0,0,1
798,Facebook,2026-07-18,USER_798,Se la comieron sin baselina,Se la comieron sin baselina,se la comieron sin baselina,Amenazas/Violencia,3,Celebración de Violencia,Individuo/Grupo (detenido en publicación de la PNC),NO,NO,NO,27,5,0,0,0,0
1194,Facebook,2026-06-26,USER_1194,Nooo los terengos se están quedando sin monte,Nooo los terengos se están quedando sin monte,nooo los terengos se estan quedando sin monte,No Tóxico,0,,Persona Individual,SÍ,NO,SÍ,45,8,0,0,0,0
398,X,2026-07-14,USER_398,"Pero como la @PNCSV las quejas por vecinos molestos se las pasan por los . Acaben con la gente basura encerrandola ANTES de llegar a este punto. Y la gente tambien, es momento que se UNAN contra estas lacras q quitan la paz ya q los mareros están encerrados.","Pero como la @usuario las quejas por vecinos molestos se las pasan por los . Acaben con la gente basura encerrandola ANTES de llegar a este punto. Y la gente tambien, es momento que se UNAN contra estas lacras q quitan la paz ya q los mareros están encerrados.",pero como la usuario las quejas por vecinos molestos se las pasan por los acaben con la gente basura encerrandola antes de llegar a este punto y la gente tambien es momento que se unan contra estas lacras q quitan la paz ya q los mareros estan encerrados,Amenazas/Violencia,3,Incitación a la Violencia,Pandilleros/Mareros,NO,NO,NO,258,49,0,1,0,3
2896,X,2026-06-20,USER_2896,"Si se quieren apropiar de lo de colombia, son unos malagradecidos esos inmigrantes de mierda.","Si se quieren apropiar de lo de colombia, son unos malagradecidos esos inmigrantes de mierda.",si se quieren apropiar de lo de colombia son unos malagradecidos esos inmigrantes de mierda,Discurso de Odio,2,Xenofobia,Personas inmigrantes,NO,NO,NO,93,15,0,0,0,2
1407,Facebook,2026-06-14,USER_1407,Ya aburren con la misma pendejada,Ya aburren con la misma pendejada,ya aburren con la misma pendejada,Lenguaje Ofensivo,1,Insulto Directo,,NO,NO,SÍ,33,6,0,0,0,1
839,Facebook,2026-07-19,USER_839,Le. Uviera. Dado berga,Le. Uviera. Dado berga,le uviera dado berga,Amenazas/Violencia,3,Deseo de Daño,Policía (individuo/grupo en contexto de abuso),NO,NO,NO,22,4,0,0,0,1
1292,Facebook,2026-07-12,USER_1292,Vicho pipían para q putas le ponen atención a ese muerto de hambre,Vicho pipían para q putas le ponen atención a ese muerto de hambre,vicho pipian para q putas le ponen atencion a ese muerto de hambre,Lenguaje Ofensivo,1,Insulto Directo,,SÍ,SÍ,NO,66,13,0,0,0,2
2674,X,2026-06-21,USER_2674,"Ahora resulta que los sudamericanos son la policía de los festejos y las porras, cómo por qué está mal? Me queda claro que lo de los sudacas que atacan a México es puro resentimiento. Chinguen a su puta madre pinches sudacas de mierda","Ahora resulta que los sudamericanos son la policía de los festejos y las porras, cómo por qué está mal? Me queda claro que lo de los sudacas que atacan a México es puro resentimiento. Chinguen a su puta madre pinches sudacas de mierda",ahora resulta que los sudamericanos son la policia de los festejos y las porras como por que esta mal me queda claro que lo de los sudacas que atacan a mexico es puro resentimiento chinguen a su puta madre pinches sudacas de mierda,Discurso de Odio,2,Xenofobia,Personas latinoamericanas,NO,NO,NO,234,43,0,0,0,3
135,X,2026-07-13,USER_135,Hoy Principios de La Catación: Catación para Coffee Shops. http:// academiabaristapro.com #ElSalvador #catacion #cafesv,Hoy Principios de La Catación: Catación para Coffee Shops. http:// academiabaristapro.com #ElSalvador #catacion #cafesv,hoy principios de la catacion catacion para coffee shops http academiabaristapro com elsalvador catacion cafesv,No Tóxico,0,,,NO,NO,NO,119,14,0,0,3,0
2419,Facebook,2026-07-21,USER_2419,Solo gente pobre con complejo de pudientes va a esas cuevas ??,Solo gente pobre con complejo de pudientes va a esas cuevas ??,solo gente pobre con complejo de pudientes va a esas cuevas,Discurso de Odio,2,Clasismo,Personas en situación de pobreza,NO,NO,NO,62,12,0,0,0,1
2454,Facebook,2026-07-23,USER_2454,Gracias por la aclaración dijo el negro hijueputa,Gracias por la aclaración dijo el negro hijueputa,gracias por la aclaracion dijo el negro hijueputa,Discurso de Odio,2,Racismo,Afrodescendientes,SI,NO,NO,49,8,0,0,0,2
2821,X,2026-06-03,USER_2821,"Los diferentes y la csm estos gitanos de mierda no tienen perdon, se burlaron todo el año pasado de las muerte de estos niños y ahora hacen esto, el karma existe Chuchos conchesumadres, esto ya va más allá de una rivalidad esto realmente ser un HDP","Los diferentes y la csm estos gitanos de mierda no tienen perdon, se burlaron todo el año pasado de las muerte de estos niños y ahora hacen esto, el karma existe Chuchos conchesumadres, esto ya va más allá de una rivalidad esto realmente ser un HDP",los diferentes y la csm estos gitanos de mierda no tienen perdon se burlaron todo el ano pasado de las muerte de estos ninos y ahora hacen esto el karma existe chuchos conchesumadres esto ya va mas alla de una rivalidad esto realmente ser un hdp,Discurso de Odio,2,Racismo,Personas gitanas,NO,NO,NO,248,46,0,0,0,2
695,Facebook,2026-07-14,USER_695,"Muero por saber, es más ni he dormido todo este tiempo","Muero por saber, es más ni he dormido todo este tiempo",muero por saber es mas ni he dormido todo este tiempo,No Tóxico,0,,,NO,SÍ,NO,54,11,0,0,0,0
2465,Facebook,2026-07-23,USER_2465,Ni el Metlife stadium tenia esas entradas ???????? cerote más grencho vikingo dice corte de panadero como que es de esos maitros que hasta las patillas se cortan lo vergon que dice las cosas de FRENTE ??????,Ni el Metlife stadium tenia esas entradas ???????? cerote más grencho vikingo dice corte de panadero como que es de esos maitros que hasta las patillas se cortan lo vergon que dice las cosas de FRENTE ??????,ni el metlife stadium tenia esas entradas cerote mas grencho vikingo dice corte de panadero como que es de esos maitros que hasta las patillas se cortan lo vergon que dice las cosas de frente,Lenguaje Ofensivo,1,Burla,"Panaderos, clase baja",NO,NO,NO,207,37,0,0,0,1
462,X,2026-07-14,USER_462,"Y si tiembla de nuevo, que la tierra se abra y se trague a los politicos, mareros, buseros y diputados. ¡Amen!","Y si tiembla de nuevo, que la tierra se abra y se trague a los politicos, mareros, buseros y diputados. ¡Amen!",y si tiembla de nuevo que la tierra se abra y se trague a los politicos mareros buseros y diputados amen,Amenazas/Violencia,3,Deseo de Daño,"Pandilleros, políticos y otros",NO,NO,SÍ,110,21,0,0,0,1
2778,X,2026-06-29,USER_2778,"Putos moros de mierda,expulsión de todos absolutamente todos los musulmanes.","Putos moros de mierda,expulsión de todos absolutamente todos los musulmanes.",putos moros de mierda expulsion de todos absolutamente todos los musulmanes,Discurso de Odio,2,Islamofobia,Personas musulmanas,NO,NO,NO,76,10,0,0,0,2
2459,Facebook,2026-07-21,USER_2459,Mi horto es muy histerico no acepto propinas menos de 5 pesos tenemos 3 copas che aguante y pasión solo importa Maradona y las Malvinas se recupera por aguante y pasiooon y tu cuantas copas tenés? Te invito a comer burro,Mi horto es muy histerico no acepto propinas menos de 5 pesos tenemos 3 copas che aguante y pasión solo importa Maradona y las Malvinas se recupera por aguante y pasiooon y tu cuantas copas tenés? Te invito a comer burro,mi horto es muy histerico no acepto propinas menos de pesos tenemos copas che aguante y pasion solo importa maradona y las malvinas se recupera por aguante y pasiooon y tu cuantas copas tenes te invito a comer burro,Discurso de Odio,2,Xenofobia,Argentinos,NO,NO,NO,220,41,0,0,0,1
316,X,2026-07-14,USER_316,Somos más los buenos y los malnacidos se arrepentirán de aver nacido para hacer mal malditos pandilleros deben morir todos,Somos más los buenos y los malnacidos se arrepentirán de aver nacido para hacer mal malditos pandilleros deben morir todos,somos mas los buenos y los malnacidos se arrepentiran de aver nacido para hacer mal malditos pandilleros deben morir todos,Amenazas/Violencia,3,Deseo de Daño,Pandilleros/Mareros,NO,NO,NO,122,20,0,0,0,2
109,X,2026-07-13,USER_109,"Palabras del emprendedor Rafael Osorio de la empresa COCREA, uno de los más de 30 beneficiados a nivel nacional del programa #ElSalvadorEmprende","Palabras del emprendedor Rafael Osorio de la empresa COCREA, uno de los más de 30 beneficiados a nivel nacional del programa #ElSalvadorEmprende",palabras del emprendedor rafael osorio de la empresa cocrea uno de los mas de beneficiados a nivel nacional del programa elsalvadoremprende,No Tóxico,0,,,NO,NO,SÍ,144,22,0,0,1,0
772,Facebook,2026-07-18,USER_772,Topelas sin lastima,Topelas sin lastima,topelas sin lastima,Amenazas/Violencia,3,Incitación a la Violencia,Individuo (mujeres involucradas en riña),NO,NO,NO,19,3,0,0,0,0
80,X,2026-07-13,USER_080,¿Quién más por acá es amante de acompañar sus frijolitos y huevitos con el Pan Árabe Petite Joseph? ¡Es que un desayuno tradicionalmente salvadoreño no falla! #desayunotípico #comidasalvadoreña #recetafácil #recetadeliciosa #panjoseph,¿Quién más por acá es amante de acompañar sus frijolitos y huevitos con el Pan Árabe Petite Joseph? ¡Es que un desayuno tradicionalmente salvadoreño no falla! #desayunotípico #comidasalvadoreña #recetafácil #recetadeliciosa #panjoseph,quien mas por aca es amante de acompanar sus frijolitos y huevitos con el pan arabe petite joseph es que un desayuno tradicionalmente salvadoreno no falla desayunotipico comidasalvadorena recetafacil recetadeliciosa panjoseph,No Tóxico,0,,,NO,NO,NO,234,31,0,0,5,1
2257,Facebook,2026-07-05,USER_2257,Ojalá pierda argentina no tuvieron buen partido están ahí por la ayuda del árbitro eso es todo gracias,Ojalá pierda argentina no tuvieron buen partido están ahí por la ayuda del árbitro eso es todo gracias,ojala pierda argentina no tuvieron buen partido estan ahi por la ayuda del arbitro eso es todo gracias,No Tóxico,0,,Personas argentinas,SI,SI,NO,102,18,0,0,0,0
1979,X,2026-06-14,USER_1979,"Corran la bola Juegan en Francia Pero son todos de Angola Qué lindo es Van a correr Son come trabas Como el puto de Mbappé Su vieja es nigeriana Su viejo, camerunés Pero en el documento Nacionalidad: francés🗣️🔥🔥","Corran la bola Juegan en Francia Pero son todos de Angola Qué lindo es Van a correr Son come trabas Como el puto de Mbappé Su vieja es nigeriana Su viejo, camerunés Pero en el documento Nacionalidad: francés :cabeza_parlante: :fuego: :fuego:",corran la bola juegan en francia pero son todos de angola que lindo es van a correr son come trabas como el puto de mbappe su vieja es nigeriana su viejo camerunes pero en el documento nacionalidad frances,Discurso de Odio,2,Xenofobia,Persona Individual,NO,NO,NO,211,38,3,0,0,1
2700,X,2026-06-18,USER_2700,Porque son unos negros de mierda resentidos,Porque son unos negros de mierda resentidos,porque son unos negros de mierda resentidos,Discurso de Odio,2,Racismo,Personas negras,NO,NO,NO,43,7,0,0,0,3
2928,X,2026-06-01,USER_2928,"Esos venezolanos de mierda que apoyan a Abelardo ¿Por que Monda no se van? Ya se llevaron a maduro, no se que hacen aquí. Nuestra izquierda no es como la izquierda burra de su país.","Esos venezolanos de mierda que apoyan a Abelardo ¿Por que Monda no se van? Ya se llevaron a maduro, no se que hacen aquí. Nuestra izquierda no es como la izquierda burra de su país.",esos venezolanos de mierda que apoyan a abelardo por que monda no se van ya se llevaron a maduro no se que hacen aqui nuestra izquierda no es como la izquierda burra de su pais,Discurso de Odio,2,Xenofobia,Personas inmigrantes,NO,NO,NO,181,35,0,0,0,2
1977,X,2026-06-14,USER_1977,"que chingue a su madre la presirvienta junto contigo bastardo de mierda,, has de ser un chilango cagado,,,,seguro has de ser producto de una violación,,,,por eso tu comentario bergero","que chingue a su madre la presirvienta junto contigo bastardo de mierda,, has de ser un chilango cagado,,,,seguro has de ser producto de una violación,,,,por eso tu comentario bergero",que chingue a su madre la presirvienta junto contigo bastardo de mierda has de ser un chilango cagado seguro has de ser producto de una violacion por eso tu comentario bergero,Lenguaje Ofensivo,1,Insulto Directo,Persona Individual,NO,NO,SÍ,183,29,0,0,0,1
1474,Facebook,2026-06-14,USER_1474,"Sin editar,PENDEJOS.😹😹😹🤡","Sin editar,PENDEJOS. :gato_llorando_de_risa: :gato_llorando_de_risa: :gato_llorando_de_risa: :cara_de_payaso:",sin editar pendejos,Lenguaje Ofensivo,1,Insulto Directo,,SÍ,NO,NO,24,2,4,0,0,1
1584,X,2026-05-24,USER_1584,"A la Mierdaaaa mi perrro, esw lamebotasdel estado sin cabida","A la Mierdaaaa mi perrro, esw lamebotasdel estado sin cabida",a la mierdaaaa mi perrro esw lamebotasdel estado sin cabida,Lenguaje Ofensivo,1,Insulto Directo,Persona Individual,NO,NO,SÍ,60,10,0,0,0,1
128,X,2026-07-13,USER_128,Reseña del narrador @elgranfascinado para la revista centroamericana @casiliteral : La Soft Machine de Ricardo Hernández Pereira. #Literatura #LiteraturaSV #NarrativaCentroamericana #LiteraturaCentroamericana,Reseña del narrador @usuario para la revista centroamericana @usuario : La Soft Machine de Ricardo Hernández Pereira. #Literatura #LiteraturaSV #NarrativaCentroamericana #LiteraturaCentroamericana,resena del narrador usuario para la revista centroamericana usuario la soft machine de ricardo hernandez pereira literatura literaturasv narrativacentroamericana literaturacentroamericana,No Tóxico,0,,,NO,NO,NO,208,21,0,2,4,0
514,Facebook,2026-07-14,USER_514,Es mañana echence adormir,Es mañana echence adormir,es manana echence adormir,No Tóxico,0,,,NO,NO,NO,25,4,0,0,0,0
457,X,2026-07-14,USER_457,Hay que inventar un insecticida para mareros y rociarlos y que mueran como cucarachas que son...pues son plagas para la sociedad,Hay que inventar un insecticida para mareros y rociarlos y que mueran como cucarachas que son...pues son plagas para la sociedad,hay que inventar un insecticida para mareros y rociarlos y que mueran como cucarachas que son pues son plagas para la sociedad,Amenazas/Violencia,3,Incitación a la Violencia,Pandilleros/Mareros,NO,NO,NO,128,21,0,0,0,2
2423,Facebook,2026-07-21,USER_2423,Los Tecleños no se dicen te extraño por más que tengan ganas de vrga,Los Tecleños no se dicen te extraño por más que tengan ganas de vrga,los teclenos no se dicen te extrano por mas que tengan ganas de vrga,Lenguaje Ofensivo,1,Burla Regional,Habitantes de Santa Tecla,NO,NO,NO,68,14,0,0,0,1
1532,Facebook,2026-07-26,USER_1532,Decile a la mujer del mahe todo esos culeros estan casado y con hijos hacele mierda la vida y después lo vas a topar a la procu y vas a HR también a ponerle el dedo NO SEAS PENDEJA POR ESO LAS PREÑAN Y LAS DEJAN CON EL VERGO DE BICHOS,Decile a la mujer del mahe todo esos culeros estan casado y con hijos hacele mierda la vida y después lo vas a topar a la procu y vas a HR también a ponerle el dedo NO SEAS PENDEJA POR ESO LAS PREÑAN Y LAS DEJAN CON EL VERGO DE BICHOS,decile a la mujer del mahe todo esos culeros estan casado y con hijos hacele mierda la vida y despues lo vas a topar a la procu y vas a hr tambien a ponerle el dedo no seas pendeja por eso las prenan y las dejan con el vergo de bichos,Lenguaje Ofensivo,1,Insulto Directo,Persona Individual,NO,NO,NO,234,51,0,0,0,4
2520,Facebook,2026-07-24,USER_2520,Deberían de quemar a estos jotos serotes porque por culpa de ellos no llueve en usulutan ??,Deberían de quemar a estos jotos serotes porque por culpa de ellos no llueve en usulutan ??,deberian de quemar a estos jotos serotes porque por culpa de ellos no llueve en usulutan,Amenazas/Violencia,3,Incitación a la Violencia,Personas LGBT,NO,NO,NO,91,17,0,0,0,1
1070,Facebook,2026-06-14,USER_1070,"Esa mierda no sirve ,,,debiera de suspender eso la policía y el gobierno mucho desvergue mal ejemplo dan para los niños","Esa mierda no sirve ,,,debiera de suspender eso la policía y el gobierno mucho desvergue mal ejemplo dan para los niños",esa mierda no sirve debiera de suspender eso la policia y el gobierno mucho desvergue mal ejemplo dan para los ninos,Lenguaje Ofensivo,1,Insulto Directo,Instituciones Públicas,NO,NO,SÍ,119,21,0,0,0,2
2807,X,2026-07-04,USER_2807,Estas defendiendo al mayor p3d0f1l05 del mundo iran es 3l mejor insecticida contra esta plaga sionistas judíos de mierda,Estas defendiendo al mayor p3d0f1l05 del mundo iran es 3l mejor insecticida contra esta plaga sionistas judíos de mierda,estas defendiendo al mayor p d f l del mundo iran es l mejor insecticida contra esta plaga sionistas judios de mierda,Amenazas/Violencia,3,Incitación a la Violencia,Personas judi­as,NO,NO,NO,120,19,0,0,0,1
1391,Facebook,2026-06-25,USER_1391,Gracias a los pendejos q lo siguen jajajajajajajaja 🤣,Gracias a los pendejos q lo siguen jajajajajajajaja :cara_revolviéndose_de_la_risa:,gracias a los pendejos q lo siguen jajajajajajajaja,Lenguaje Ofensivo,1,Insulto Directo,,NO,NO,NO,53,9,1,0,0,1
2124,Facebook,2026-06-28,USER_2124,Kevin Keiyes ningúna y argentina?,Kevin Keiyes ningúna y argentina?,kevin keiyes ninguna y argentina,No Tóxico,0,,Personas argentinas,SI,SI,NO,33,5,0,0,0,0
2067,X,2026-07-08,USER_2067,Que no sos de El Salvador cerote?? A la verga esos Mexinarcos,Que no sos de El Salvador cerote?? A la verga esos Mexinarcos,que no sos de el salvador cerote a la verga esos mexinarcos,Discurso de Odio,2,Xenofobia,Mexicanos,NO,NO,SÍ,61,12,0,0,0,2
1497,Facebook,2026-07-26,USER_1497,Eso berga por eso me llega el pulgarcito porque no se andan con mierdas,Eso berga por eso me llega el pulgarcito porque no se andan con mierdas,eso berga por eso me llega el pulgarcito porque no se andan con mierdas,Lenguaje Ofensivo,1,Palabras Obscenas,,NO,NO,SÍ,71,14,0,0,0,3
2196,Facebook,2026-07-10,USER_2196,Esta dando las gracias a Infantino por no ser expulsado en el primer tiempo,Esta dando las gracias a Infantino por no ser expulsado en el primer tiempo,esta dando las gracias a infantino por no ser expulsado en el primer tiempo,No Tóxico,0,,Personas argentinas,SI,SI,NO,75,14,0,0,0,0
3102,X,2026-07-27,USER_3102,"Por un comentario irrelevante vamos a linchar a uno de los pocos extranjeros que no hacen nada malo en la Argentina en vez de inmigrantes de mierda mal agradecidos parásitos que hacen y comentas peores cosas y chupan la sangre de nuestro país, si será pelotuda la gente","Por un comentario irrelevante vamos a linchar a uno de los pocos extranjeros que no hacen nada malo en la Argentina en vez de inmigrantes de mierda mal agradecidos parásitos que hacen y comentas peores cosas y chupan la sangre de nuestro país, si será pelotuda la gente",por un comentario irrelevante vamos a linchar a uno de los pocos extranjeros que no hacen nada malo en la argentina en vez de inmigrantes de mierda mal agradecidos parasitos que hacen y comentas peores cosas y chupan la sangre de nuestro pais si sera pelotuda la gente,Discurso de Odio,2,Xenofobia,Inmigrantes,NO,NO,NO,269,48,0,0,0,3
686,Facebook,2026-07-14,USER_686,Excelente muchas bendiciones señor presidente amen,Excelente muchas bendiciones señor presidente amen,excelente muchas bendiciones senor presidente amen,No Tóxico,0,,,NO,NO,SÍ,50,6,0,0,0,0
1426,Facebook,2026-06-14,USER_1426,Quíten esa casa que se la ganen que la compre mañosos se lucraron de otras personas ladrones malditos,Quíten esa casa que se la ganen que la compre mañosos se lucraron de otras personas ladrones malditos,quiten esa casa que se la ganen que la compre manosos se lucraron de otras personas ladrones malditos,Lenguaje Ofensivo,1,Insulto Directo,Persona Individual,NO,NO,NO,101,18,0,0,0,1
3062,X,2026-07-05,USER_3062,Cerra el orto chileno hijo de re mil puta!!!! Otra vez le vamos a hacer la guerra pero le vamos a sacar lo que queda de país mugroso que tienen!! Indios de mierda,Cerra el orto chileno hijo de re mil puta!!!! Otra vez le vamos a hacer la guerra pero le vamos a sacar lo que queda de país mugroso que tienen!! Indios de mierda,cerra el orto chileno hijo de re mil puta otra vez le vamos a hacer la guerra pero le vamos a sacar lo que queda de pais mugroso que tienen indios de mierda,Discurso de Odio,2,Xenofobia,Personas latinoamericanas,NO,NO,NO,162,33,0,0,0,3
2152,Facebook,2026-05-28,USER_2152,"Te quedaste en esaaaa,es España y Argentina","Te quedaste en esaaaa,es España y Argentina",te quedaste en esaaaa es espana y argentina,No Tóxico,0,,Personas argentinas,SI,SI,NO,43,7,0,0,0,0
724,Facebook,2026-07-14,USER_724,Es admirable cómo el hospital de campaña en Catia La Mar se ha convertido en un centro de esperanza para las familias afectadas #MisiónHumanitariaVenezuela,Es admirable cómo el hospital de campaña en Catia La Mar se ha convertido en un centro de esperanza para las familias afectadas #MisiónHumanitariaVenezuela,es admirable como el hospital de campana en catia la mar se ha convertido en un centro de esperanza para las familias afectadas misionhumanitariavenezuela,No Tóxico,0,,,NO,NO,NO,155,24,0,0,1,0
1984,X,2026-06-14,USER_1984,"Pues no respondas no creo que seas tan imbécil para no entenderlo, pero te ardes con cualquier mamada we, mejor enfócate en tu miserable vida deja el celular unas horas","Pues no respondas no creo que seas tan imbécil para no entenderlo, pero te ardes con cualquier mamada we, mejor enfócate en tu miserable vida deja el celular unas horas",pues no respondas no creo que seas tan imbecil para no entenderlo pero te ardes con cualquier mamada we mejor enfocate en tu miserable vida deja el celular unas horas,Lenguaje Ofensivo,1,Insulto Directo,Persona Individual,NO,NO,NO,168,30,0,0,0,2
353,X,2026-07-14,USER_353,"A mi lo unico que me importa es que se pudran los mareros dentro de esa carcel y que , lo demas me la pela!","A mi lo unico que me importa es que se pudran los mareros dentro de esa carcel y que , lo demas me la pela!",a mi lo unico que me importa es que se pudran los mareros dentro de esa carcel y que lo demas me la pela,Amenazas/Violencia,3,Deseo de Daño,Pandilleros/Mareros,NO,NO,NO,107,25,0,0,0,1
103,X,2026-07-13,USER_103,Iniciamos septiembre con una rolaza de las buenas épocas de la #MusicaSV #ElSalvador Grupo: Los Intocables Canción: Qué Difícil Es Año: 1967/1968 Producción y dirección: @WillieMaldonado,Iniciamos septiembre con una rolaza de las buenas épocas de la #MusicaSV #ElSalvador Grupo: Los Intocables Canción: Qué Difícil Es Año: 1967/1968 Producción y dirección: @usuario,iniciamos septiembre con una rolaza de las buenas epocas de la musicasv elsalvador grupo los intocables cancion que dificil es ano produccion y direccion usuario,No Tóxico,0,,,NO,NO,NO,186,26,0,1,2,1
2937,X,2026-06-08,USER_2937,Venezolanos de mierda!!,Venezolanos de mierda!!,venezolanos de mierda,Discurso de Odio,2,Xenofobia,Personas inmigrantes,NO,NO,NO,23,3,0,0,0,1
939,Facebook,2026-07-24,USER_939,Que le den el toque final,Que le den el toque final,que le den el toque final,Amenazas/Violencia,3,Deseo de Daño,Individuo,NO,NO,NO,25,6,0,0,0,0
2910,X,2026-06-28,USER_2910,La quiero fuera del país yá!!! Me tienen arto éstos inmigrantes de mierda!! Me dan asco!,La quiero fuera del país yá!!! Me tienen arto éstos inmigrantes de mierda!! Me dan asco!,la quiero fuera del pais ya me tienen arto estos inmigrantes de mierda me dan asco,Discurso de Odio,2,Xenofobia,Personas inmigrantes,NO,NO,NO,88,16,0,0,0,2
2346,Facebook,2026-07-23,USER_2346,Esta hecho de tus primos o de tus tíos?,Esta hecho de tus primos o de tus tíos?,esta hecho de tus primos o de tus tios,No Tóxico,0,,Indígenas,NO,NO,NO,39,9,0,0,0,0
2021,X,2026-06-14,USER_2021,"Pinche dibu tiene mis respetos y es la única razón por la que argentina no termino 27 - 0. Ni modo, venció la furia roja","Pinche dibu tiene mis respetos y es la única razón por la que argentina no termino 27 - 0. Ni modo, venció la furia roja",pinche dibu tiene mis respetos y es la unica razon por la que argentina no termino ni modo vencio la furia roja,No Tóxico,0,,,NO,NO,NO,120,25,0,0,0,1
2287,Facebook,2026-07-23,USER_2287,esos maje que dicen wey hay que hacerles bullying hasta que cometan un crimen de odio,esos maje que dicen wey hay que hacerles bullying hasta que cometan un crimen de odio,esos maje que dicen wey hay que hacerles bullying hasta que cometan un crimen de odio,Amenazas/Violencia,3,Incitación a la Violencia,Mexicanos,NO,NO,NO,85,16,0,0,0,1
317,X,2026-07-14,USER_317,Estoy de acuerdo que deben estar bajo tierra aunq ante los ojos de dios no es correcto pero que dios me perdone pero estos pandilleros deben de morir todos..,Estoy de acuerdo que deben estar bajo tierra aunq ante los ojos de dios no es correcto pero que dios me perdone pero estos pandilleros deben de morir todos..,estoy de acuerdo que deben estar bajo tierra aunq ante los ojos de dios no es correcto pero que dios me perdone pero estos pandilleros deben de morir todos,Amenazas/Violencia,3,Deseo de Daño,Pandilleros/Mareros,NO,NO,NO,157,29,0,0,0,2
1573,X,2026-05-24,USER_1573,Que respuesta más mierda de este pendejo cholco.,Que respuesta más mierda de este pendejo cholco.,que respuesta mas mierda de este pendejo cholco,Lenguaje Ofensivo,1,Insulto Directo,Persona Individual,NO,NO,SÍ,48,8,0,0,0,3
596,Facebook,2026-07-14,USER_596,Busque la paz y síguela amigo,Busque la paz y síguela amigo,busque la paz y siguela amigo,No Tóxico,0,,,NO,NO,NO,29,6,0,0,0,0
2621,X,2026-06-03,USER_2621,"Te dolio porque tengo razon, te escapaste de tu pais de mierda PANAMA (de lo mas fucking random de LATAM). Y te cuento que cortar pasto o ser babysitter no es un buen trabajo, es lo minimo que le dan a los inmigrantes de mierda como a vos. Mirate lo que sos, deberias estar","Te dolio porque tengo razon, te escapaste de tu pais de mierda PANAMA (de lo mas fucking random de LATAM). Y te cuento que cortar pasto o ser babysitter no es un buen trabajo, es lo minimo que le dan a los inmigrantes de mierda como a vos. Mirate lo que sos, deberias estar",te dolio porque tengo razon te escapaste de tu pais de mierda panama de lo mas fucking random de latam y te cuento que cortar pasto o ser babysitter no es un buen trabajo es lo minimo que le dan a los inmigrantes de mierda como a vos mirate lo que sos deberias estar,Discurso de Odio,2,Xenofobia,Personas inmigrantes,NO,NO,NO,273,54,0,0,0,3
1080,Facebook,2026-06-14,USER_1080,1 millon de pasmados carentes de cultura y educación...,1 millon de pasmados carentes de cultura y educación...,millon de pasmados carentes de cultura y educacion,Lenguaje Ofensivo,1,Insulto Directo,,NO,NO,NO,55,9,0,0,0,0
167,X,2026-07-13,USER_167,https:// youtu.be/D51LQ_1R-Xo?si =WLsJvq1NvaqhFp8T … En el lugar de #antiguo #cuscatlan ! #ElSalvador y sus #destinos con #magia … Qué hacer? Qué visitar? Vamos #vagando #turismo Gracias por tu apoyo,https:// youtu.be/D51LQ_1R-Xo?si =WLsJvq1NvaqhFp8T … En el lugar de #antiguo #cuscatlan ! #ElSalvador y sus #destinos con #magia … Qué hacer? Qué visitar? Vamos #vagando #turismo Gracias por tu apoyo,https youtu be d lq_ r xo si wlsjvq nvaqhfp t en el lugar de antiguo cuscatlan elsalvador y sus destinos con magia que hacer que visitar vamos vagando turismo gracias por tu apoyo,No Tóxico,0,,,NO,NO,NO,199,29,0,0,7,1
1819,X,2026-06-07,USER_1819,"Pones a El Salvador en ni bueno ni malo, tu tierlist es una mierda","Pones a El Salvador en ni bueno ni malo, tu tierlist es una mierda",pones a el salvador en ni bueno ni malo tu tierlist es una mierda,Lenguaje Ofensivo,1,Palabras Obscenas,,NO,NO,NO,66,14,0,0,0,1
2481,Facebook,2026-07-20,USER_2481,"veni, te voy a pasar mis webos en tu cara para una limpia...ya que te gusta esos volados esotericos.","veni, te voy a pasar mis webos en tu cara para una limpia...ya que te gusta esos volados esotericos.",veni te voy a pasar mis webos en tu cara para una limpia ya que te gusta esos volados esotericos,Lenguaje Ofensivo,1,Palabras Obscenas,Personas con creencias espirituales,NO,NO,NO,100,19,0,0,0,0
1015,Facebook,2026-07-24,USER_1015,Zometa Zometa yo si le entendí,Zometa Zometa yo si le entendí,zometa zometa yo si le entendi,No Tóxico,0,,,NO,NO,NO,30,6,0,0,0,0
1699,X,2026-06-02,USER_1699,"Miren a este hijo de puta @WilliamSorianoH Hasta mucha paciencia le tuvo el salvadoreño, lavándose las manos diciendo “yo no soy parte de lo judicial” USTEDES SON LOS QUE PUYAN LOS BOTONES ¿Cómo le tienen paciencia a esta escorias de diputados?","Miren a este hijo de puta @usuario Hasta mucha paciencia le tuvo el salvadoreño, lavándose las manos diciendo ""yo no soy parte de lo judicial"" USTEDES SON LOS QUE PUYAN LOS BOTONES ¿Cómo le tienen paciencia a esta escorias de diputados?",miren a este hijo de puta usuario hasta mucha paciencia le tuvo el salvadoreno lavandose las manos diciendo yo no soy parte de lo judicial ustedes son los que puyan los botones como le tienen paciencia a esta escorias de diputados,Lenguaje Ofensivo,1,Insulto Directo,Funcionarios Públicos,NO,NO,SÍ,244,41,0,1,0,2
885,Facebook,2026-07-20,USER_885,Necios son solo conprando motos si conpran moto conpren el ataud tanbien,Necios son solo conprando motos si conpran moto conpren el ataud tanbien,necios son solo conprando motos si conpran moto conpren el ataud tanbien,Amenazas/Violencia,3,Celebración de Violencia,Motociclistas,NO,NO,NO,72,12,0,0,0,0
694,Facebook,2026-07-14,USER_694,"Ni Dembélé, ni Mbape aparecieron.","Ni Dembélé, ni Mbape aparecieron.",ni dembele ni mbape aparecieron,No Tóxico,0,,,NO,NO,NO,33,5,0,0,0,0
1787,X,2026-06-07,USER_1787,me lleva la puta verga,me lleva la puta verga,me lleva la puta verga,Lenguaje Ofensivo,1,Palabras Obscenas,,NO,NO,NO,22,5,0,0,0,2
1688,X,2026-06-02,USER_1688,"Vos podés seguir comiendo mierda con el gran calor en San Miguel, pero yo quiero ese calor de mierda para San Salvador pelon cerote","Vos podés seguir comiendo mierda con el gran calor en San Miguel, pero yo quiero ese calor de mierda para San Salvador pelon cerote",vos podes seguir comiendo mierda con el gran calor en san miguel pero yo quiero ese calor de mierda para san salvador pelon cerote,Lenguaje Ofensivo,1,Insulto Directo,Persona Individual,NO,NO,NO,131,24,0,0,0,3
898,Facebook,2026-07-20,USER_898,Ahorquenlos a todos y asi saldran,Ahorquenlos a todos y asi saldran,ahorquenlos a todos y asi saldran,Amenazas/Violencia,3,Incitación a la Violencia,Pandilleros/presos,NO,NO,NO,33,6,0,0,0,0
204,X,2026-07-14,USER_204,"La verdadera independencia también es interior: liberarnos de miedos, cuidar nuestra mente y vivir en paz con nosotros mismos. ¡Feliz Día de la Independencia, El Salvador! #IndependenciaSV #SaludMental #BienestarEmocional","La verdadera independencia también es interior: liberarnos de miedos, cuidar nuestra mente y vivir en paz con nosotros mismos. ¡Feliz Día de la Independencia, El Salvador! #IndependenciaSV #SaludMental #BienestarEmocional",la verdadera independencia tambien es interior liberarnos de miedos cuidar nuestra mente y vivir en paz con nosotros mismos feliz dia de la independencia el salvador independenciasv saludmental bienestaremocional,No Tóxico,0,,,NO,NO,NO,221,29,0,0,3,1
2841,X,2026-05-29,USER_2841,"Bro said: compren mis productos discapacitados de mierda quiero plata En el último episodio de LaborIA, Jini Hwang conversó con Mateo Salvatto, emprendedor tecnológico, sobre accesibilidad y el principal error que solemos cometer al pensar en inclusión. Mirá el capítulo completo en LA NACION","Bro said: compren mis productos discapacitados de mierda quiero plata En el último episodio de LaborIA, Jini Hwang conversó con Mateo Salvatto, emprendedor tecnológico, sobre accesibilidad y el principal error que solemos cometer al pensar en inclusión. Mirá el capítulo completo en LA NACION",bro said compren mis productos discapacitados de mierda quiero plata en el ultimo episodio de laboria jini hwang converso con mateo salvatto emprendedor tecnologico sobre accesibilidad y el principal error que solemos cometer al pensar en inclusion mira el capitulo completo en la nacion,Discurso de Odio,2,Capacitismo,Personas con discapacidad,NO,NO,NO,292,44,0,0,0,2
428,X,2026-07-14,USER_428,Marero visto marero muerto https:// x.com/SombraNegra_es /SombraNegra_es/status/1615469902688657413 …,Marero visto marero muerto https:// x.com/SombraNegra_es /SombraNegra_es/status/1615469902688657413 …,marero visto marero muerto https x com sombranegra_es sombranegra_es status,Amenazas/Violencia,3,Incitación a la Violencia,Pandilleros/Mareros,NO,NO,NO,101,8,0,0,0,2
3096,X,2026-07-27,USER_3096,AYUDA PARA LOS INCENDIOS NO PARA AYUDAR A INMIGRANTES DE MIERDA MUERTOS Y MUERTAS DE HAMBRE PARASITOS ENGENDROS GENTUZA,AYUDA PARA LOS INCENDIOS NO PARA AYUDAR A INMIGRANTES DE MIERDA MUERTOS Y MUERTAS DE HAMBRE PARASITOS ENGENDROS GENTUZA,ayuda para los incendios no para ayudar a inmigrantes de mierda muertos y muertas de hambre parasitos engendros gentuza,Discurso de Odio,2,Xenofobia,Inmigrantes,NO,NO,NO,119,19,0,0,0,4
1524,Facebook,2026-07-26,USER_1524,"Que gran noticia,una mojigata pobre con mentalidad de rica,y una bola de inbesiles que la siguen","Que gran noticia,una mojigata pobre con mentalidad de rica,y una bola de inbesiles que la siguen",que gran noticia una mojigata pobre con mentalidad de rica y una bola de inbesiles que la siguen,Lenguaje Ofensivo,1,Insulto Directo,Persona Individual,SÍ,SÍ,NO,96,16,0,0,0,1
761,Facebook,2026-07-16,USER_761,"NO LOS ENTREGUEN A LAS AUTORIDADES CHAPINAS, LOS SECUESTRADORES YA SALDRAN LIBRES MEJOR CECOT PARA QUE VEAN QUE CON EL PAIS NO SE JUEGA","NO LOS ENTREGUEN A LAS AUTORIDADES CHAPINAS, LOS SECUESTRADORES YA SALDRAN LIBRES MEJOR CECOT PARA QUE VEAN QUE CON EL PAIS NO SE JUEGA",no los entreguen a las autoridades chapinas los secuestradores ya saldran libres mejor cecot para que vean que con el pais no se juega,No Tóxico,0,,Secuestradores,NO,NO,NO,135,24,0,0,0,1
1262,Facebook,2026-07-14,USER_1262,Los llama Gatos y el pendejo sin beneficio Indio trompudo que lo tienen de pollo pendejon es....,Los llama Gatos y el pendejo sin beneficio Indio trompudo que lo tienen de pollo pendejon es....,los llama gatos y el pendejo sin beneficio indio trompudo que lo tienen de pollo pendejon es,Discurso de Odio,2,Racismo,Persona Individual,SÍ,NO,NO,96,17,0,0,0,3
2199,Facebook,2026-06-03,USER_2199,Brandon Chavez quizas te confundiste era hambrentina,Brandon Chavez quizas te confundiste era hambrentina,brandon chavez quizas te confundiste era hambrentina,Discurso de Odio,2,Estigmatización Nacional,Personas en situación de pobreza o precariedad,SI,SI,NO,52,7,0,0,0,0
950,Facebook,2026-07-24,USER_950,Elena Granillo mamala vos y tú bukk mueranse,Elena Granillo mamala vos y tú bukk mueranse,elena granillo mamala vos y tu bukk mueranse,Amenazas/Violencia,3,Deseo de Daño,Individuo,NO,NO,SÍ,44,8,0,0,0,1
2154,Facebook,2026-06-14,USER_2154,El único rival fuerte en todo el mundial para Argentina.,El único rival fuerte en todo el mundial para Argentina.,el unico rival fuerte en todo el mundial para argentina,No Tóxico,0,,Personas argentinas,SI,SI,NO,56,10,0,0,0,0
1220,Facebook,2026-06-26,USER_1220,Algo shuco el señor jajaja todavia cogiendo y a esa edad jajaja,Algo shuco el señor jajaja todavia cogiendo y a esa edad jajaja,algo shuco el senor jajaja todavia cogiendo y a esa edad jajaja,Lenguaje Ofensivo,1,Tono Agresivo,,SÍ,NO,NO,63,12,0,0,0,0
2048,X,2026-06-14,USER_2048,Mi gato puto esta acostado encima mio y bajo las tapas,Mi gato puto esta acostado encima mio y bajo las tapas,mi gato puto esta acostado encima mio y bajo las tapas,No Tóxico,0,,,SÍ,NO,NO,54,11,0,0,0,1
140,X,2026-07-13,USER_140,"Los Hermanos Flores hicieron historia en Coachella Valley Music and Arts Festival, llevando el ritmo nacional a uno de los escenarios más grandes del mundo Su talento cruzó fronteras y puso en alto a todo un país Nota https:// shre.ink/LH3Z #OrgulloSalvadoreño","Los Hermanos Flores hicieron historia en Coachella Valley Music and Arts Festival, llevando el ritmo nacional a uno de los escenarios más grandes del mundo Su talento cruzó fronteras y puso en alto a todo un país Nota https:// shre.ink/LH3Z #OrgulloSalvadoreño",los hermanos flores hicieron historia en coachella valley music and arts festival llevando el ritmo nacional a uno de los escenarios mas grandes del mundo su talento cruzo fronteras y puso en alto a todo un pais nota https shre ink lh z orgullosalvadoreno,No Tóxico,0,,,NO,NO,NO,260,41,0,0,1,0
1923,X,2026-06-14,USER_1923,Miren este idiota si está en El Salvador lo queremos en el Cecot,Miren este idiota si está en El Salvador lo queremos en el Cecot,miren este idiota si esta en el salvador lo queremos en el cecot,Lenguaje Ofensivo,1,Insulto Directo,Persona Individual,NO,NO,SÍ,64,13,0,0,0,1
1214,Facebook,2026-06-26,USER_1214,Facebook debería incluir una reacción de GUACALA 🤮 🤢 ante algunas publicaciones.,Facebook debería incluir una reacción de GUACALA :cara_vomitando: :cara_de_náuseas: ante algunas publicaciones.,facebook deberia incluir una reaccion de guacala ante algunas publicaciones,Lenguaje Ofensivo,1,Palabras Obscenas,TikTokers,SÍ,NO,NO,80,12,2,0,0,0
537,Facebook,2026-07-14,USER_537,Éso es bueno gracias a Dios ya era tiempo,Éso es bueno gracias a Dios ya era tiempo,eso es bueno gracias a dios ya era tiempo,No Tóxico,0,,,NO,NO,NO,41,9,0,0,0,0
2601,X,2026-06-08,USER_2601,PUTIT@ RESENTIDO.. NEGROS DE MIERDA,PUTIT@ RESENTIDO.. NEGROS DE MIERDA,putit resentido negros de mierda,Discurso de Odio,2,Racismo,Personas negras,NO,NO,NO,35,5,0,0,0,2
2676,X,2026-06-21,USER_2676,Dejad de llamar a los negros de mierda y tal vez ganais algo vale,Dejad de llamar a los negros de mierda y tal vez ganais algo vale,dejad de llamar a los negros de mierda y tal vez ganais algo vale,No Tóxico,0,,Personas negras,NO,NO,NO,65,14,0,0,0,2
2759,X,2026-06-01,USER_2759,"Puedes criticar el pais o sus medidas, solo que la mayoria opta por decir moros de mierda o cualquier adjetivo despectivo que SI es racismo","Puedes criticar el pais o sus medidas, solo que la mayoria opta por decir moros de mierda o cualquier adjetivo despectivo que SI es racismo",puedes criticar el pais o sus medidas solo que la mayoria opta por decir moros de mierda o cualquier adjetivo despectivo que si es racismo,No Tóxico,0,,Personas musulmanas,NO,NO,NO,139,25,0,0,0,1
580,Facebook,2026-07-14,USER_580,Dios lo reciba gracias Doctor por todo su legado,Dios lo reciba gracias Doctor por todo su legado,dios lo reciba gracias doctor por todo su legado,No Tóxico,0,,,NO,NO,NO,48,9,0,0,0,0
2116,Facebook,2026-06-11,USER_2116,Luis Lemus Trankila que España aplasta a argentina,Luis Lemus Trankila que España aplasta a argentina,luis lemus trankila que espana aplasta a argentina,No Tóxico,0,,Personas argentinas,SI,SI,NO,50,8,0,0,0,0
2064,X,2026-07-08,USER_2064,"Si hombre cerote, ahorita la FIFA, el y la CIA esta analizando tu tuit para hacer algo al respecto.","Si hombre cerote, ahorita la FIFA, el y la CIA esta analizando tu tuit para hacer algo al respecto.",si hombre cerote ahorita la fifa el y la cia esta analizando tu tuit para hacer algo al respecto,No Tóxico,0,,,SÍ,SÍ,SÍ,99,19,0,0,0,1
1535,Facebook,2026-07-26,USER_1535,Haganle huevos ya estan grandes como para hacer pendejadas por calientes y no pensar las consecuencias 🤷🏻‍♂️,Haganle huevos ya estan grandes como para hacer pendejadas por calientes y no pensar las consecuencias :persona_encogida_de_hombros: :signo_masculino:,haganle huevos ya estan grandes como para hacer pendejadas por calientes y no pensar las consecuencias,Lenguaje Ofensivo,1,Insulto Directo,,NO,NO,NO,108,17,1,0,0,0
1173,Facebook,2026-06-26,USER_1173,La goma no aguanta el viejo borracho y saliboso el.pueblo honrado estamos bien y agradecido con nuestro presidente bukele.,La goma no aguanta el viejo borracho y saliboso el.pueblo honrado estamos bien y agradecido con nuestro presidente bukele.,la goma no aguanta el viejo borracho y saliboso el pueblo honrado estamos bien y agradecido con nuestro presidente bukele,Lenguaje Ofensivo,1,Insulto Directo,Persona Individual,NO,NO,NO,122,19,0,0,0,1
268,X,2026-07-14,USER_268,"Pero sí hay policías psicópatas. Yo creo que los pandilleros merecen morir, y también los policías que matan a inocentes. TODOS POR IGUAL.","Pero sí hay policías psicópatas. Yo creo que los pandilleros merecen morir, y también los policías que matan a inocentes. TODOS POR IGUAL.",pero si hay policias psicopatas yo creo que los pandilleros merecen morir y tambien los policias que matan a inocentes todos por igual,Amenazas/Violencia,3,Deseo de Daño,Pandilleros y policías,NO,NO,NO,138,23,0,0,0,2
1430,Facebook,2026-06-14,USER_1430,a la mierda a la mierda,a la mierda a la mierda,a la mierda a la mierda,Lenguaje Ofensivo,1,Palabras Obscenas,Persona Individual,NO,NO,SÍ,23,6,0,0,0,1
1771,X,2026-06-07,USER_1771,Por gusto están ustedes pues @FGR_SV @PNCSV a este cerote nunca le hacen nada.,Por gusto están ustedes pues @usuario @usuario a este cerote nunca le hacen nada.,por gusto estan ustedes pues usuario usuario a este cerote nunca le hacen nada,Lenguaje Ofensivo,1,Insulto Directo,Persona Individual,NO,NO,SÍ,78,14,0,2,0,1
2829,X,2026-06-13,USER_2829,"jajajajajajaja l meto un guantazo al niño que no se levanta en 3 dias, putos gitanos de mierda...","jajajajajajaja l meto un guantazo al niño que no se levanta en 3 dias, putos gitanos de mierda...",jajajajajajaja l meto un guantazo al nino que no se levanta en dias putos gitanos de mierda,Amenazas/Violencia,3,Amenaza Directa,Personas gitanas,NO,NO,NO,97,18,0,0,0,2
1032,Facebook,2026-06-10,USER_1032,Para que lo diga está página es por qué le dejarán bien chupadita la pija al bachiller 🤣🤣,Para que lo diga está página es por qué le dejarán bien chupadita la pija al bachiller :cara_revolviéndose_de_la_risa: :cara_revolviéndose_de_la_risa:,para que lo diga esta pagina es por que le dejaran bien chupadita la pija al bachiller,Lenguaje Ofensivo,1,Palabras Obscenas,Funcionarios Públicos,SÍ,SÍ,SÍ,89,18,2,0,0,1
2404,Facebook,2026-07-21,USER_2404,"Gracias a Papadio que no sé quiénes son esos especímenes, pero se ve que no son buenas piezas","Gracias a Papadio que no sé quiénes son esos especímenes, pero se ve que no son buenas piezas",gracias a papadio que no se quienes son esos especimenes pero se ve que no son buenas piezas,Lenguaje Ofensivo,1,Burla,Personas en situación de pobreza,SI,NO,NO,93,18,0,0,0,0
2378,Facebook,2026-07-21,USER_2378,"Maje, cuando dices: Buenos dias! Y no contesta nadie ?? dan ganas de mandarlas a comer tiktokers salvadoreños.","Maje, cuando dices: Buenos dias! Y no contesta nadie ?? dan ganas de mandarlas a comer tiktokers salvadoreños.",maje cuando dices buenos dias y no contesta nadie dan ganas de mandarlas a comer tiktokers salvadorenos,Lenguaje Ofensivo,1,Burla,Salvadoreños,NO,NO,NO,110,18,0,0,0,1
1792,X,2026-06-07,USER_1792,"Aparte de Brayan y Nathan, creo que este chico es el que más potencial tiene para llegar lejos. Su defensa y su ataque son de primer nivel. Está demasiado bueno para esta liga local. Solo me da pena que haya desperdiciado tantos años en esta mierda de liga.”","Aparte de Brayan y Nathan, creo que este chico es el que más potencial tiene para llegar lejos. Su defensa y su ataque son de primer nivel. Está demasiado bueno para esta liga local. Solo me da pena que haya desperdiciado tantos años en esta mierda de liga.""",aparte de brayan y nathan creo que este chico es el que mas potencial tiene para llegar lejos su defensa y su ataque son de primer nivel esta demasiado bueno para esta liga local solo me da pena que haya desperdiciado tantos anos en esta mierda de liga,Lenguaje Ofensivo,1,Palabras Obscenas,,NO,NO,NO,258,48,0,0,0,1
1637,X,2026-05-30,USER_1637,Eres un vulgar patético.,Eres un vulgar patético.,eres un vulgar patetico,Lenguaje Ofensivo,1,Insulto Directo,Persona Individual,NO,NO,NO,24,4,0,0,0,0
1016,Facebook,2026-07-24,USER_1016,"Thank presi, usted es el unico que nos ha felicidado porque nuestro marido no se acordó y creo mo soy la unica","Thank presi, usted es el unico que nos ha felicidado porque nuestro marido no se acordó y creo mo soy la unica",thank presi usted es el unico que nos ha felicidado porque nuestro marido no se acordo y creo mo soy la unica,No Tóxico,0,,,NO,NO,SÍ,110,22,0,0,0,1
3041,X,2026-06-23,USER_3041,"les duele el orgullo al peronchito... son una mierda ustedes, negros indios de mierda","les duele el orgullo al peronchito... son una mierda ustedes, negros indios de mierda",les duele el orgullo al peronchito son una mierda ustedes negros indios de mierda,Discurso de Odio,2,Racismo,Personas negras o racializadas,NO,NO,NO,85,14,0,0,0,3
2867,X,2026-07-12,USER_2867,"Hay que defender España y Europa MORIR O VENCER O ELLOS O NOSOTROS, hay que defender lo que nuestros padres abuelos etc han dado por España y europa y no tenemos que dejar que una banda de inmigrantes de mierda destruya todo","Hay que defender España y Europa MORIR O VENCER O ELLOS O NOSOTROS, hay que defender lo que nuestros padres abuelos etc han dado por España y europa y no tenemos que dejar que una banda de inmigrantes de mierda destruya todo",hay que defender espana y europa morir o vencer o ellos o nosotros hay que defender lo que nuestros padres abuelos etc han dado por espana y europa y no tenemos que dejar que una banda de inmigrantes de mierda destruya todo,Amenazas/Violencia,3,Incitación a la Violencia,Personas inmigrantes,NO,NO,NO,224,42,0,0,0,3
1657,X,2026-06-02,USER_1657,Periodismo Basura al president lo elegimos los salvadoreños para gobernar nuestro país y ya,Periodismo Basura al president lo elegimos los salvadoreños para gobernar nuestro país y ya,periodismo basura al president lo elegimos los salvadorenos para gobernar nuestro pais y ya,Lenguaje Ofensivo,1,Insulto Directo,Medios de Comunicación,NO,NO,SÍ,91,14,0,0,0,1
956,Facebook,2026-07-24,USER_956,No anden con campañas de terror nadie quiere que salgan los Pandilleros esos que se pudran en la cárcel,No anden con campañas de terror nadie quiere que salgan los Pandilleros esos que se pudran en la cárcel,no anden con campanas de terror nadie quiere que salgan los pandilleros esos que se pudran en la carcel,Amenazas/Violencia,3,Deseo de Daño,Grupo,NO,NO,NO,103,19,0,0,0,2
408,X,2026-07-14,USER_408,Mañana seran exterminados los pandilleros terroristas los terroristas del FMLN ARENA y sus elites partiduchos defensores de pandilleros terroristas y El regimen de exepcion continuara hasta exterminarlos todos,Mañana seran exterminados los pandilleros terroristas los terroristas del FMLN ARENA y sus elites partiduchos defensores de pandilleros terroristas y El regimen de exepcion continuara hasta exterminarlos todos,manana seran exterminados los pandilleros terroristas los terroristas del fmln arena y sus elites partiduchos defensores de pandilleros terroristas y el regimen de exepcion continuara hasta exterminarlos todos,Amenazas/Violencia,3,Incitación a la Violencia,Pandilleros y políticos (FMLN/ARENA),NO,NO,SÍ,209,28,0,0,0,2
2001,X,2026-06-14,USER_2001,la puta colgadera mia literal cuando tiene q ponerse al rollo el colega,la puta colgadera mia literal cuando tiene q ponerse al rollo el colega,la puta colgadera mia literal cuando tiene q ponerse al rollo el colega,Lenguaje Ofensivo,1,Palabras Obscenas,,NO,NO,NO,71,13,0,0,0,1
1443,Facebook,2026-06-14,USER_1443,Vete a las más mierda HDP asqueroso de mierda,Vete a las más mierda HDP asqueroso de mierda,vete a las mas mierda hdp asqueroso de mierda,Lenguaje Ofensivo,1,Insulto Directo,Persona Individual,NO,NO,SÍ,45,9,0,0,0,3
2961,X,2026-06-05,USER_2961,"tirándole a los venezolanos que son los que ""no viven en paz con esas verdades"" Acabo de leer otro tuit de una colombiana diciéndonos ""venezolanos de mierda"" xq en una publicación había una arepa colombiana fea (dicho x ella misma) y resulta q la foto es de una colombiana","tirándole a los venezolanos que son los que ""no viven en paz con esas verdades"" Acabo de leer otro tuit de una colombiana diciéndonos ""venezolanos de mierda"" xq en una publicación había una arepa colombiana fea (dicho x ella misma) y resulta q la foto es de una colombiana",tirandole a los venezolanos que son los que no viven en paz con esas verdades acabo de leer otro tuit de una colombiana diciendonos venezolanos de mierda xq en una publicacion habia una arepa colombiana fea dicho x ella misma y resulta q la foto es de una colombiana,No Tóxico,0,,Personas latinoamericanas,NO,NO,NO,272,49,0,0,0,2
2560,Facebook,2026-07-22,USER_2560,Con lejía es de bañarlo para que quede algo blanquito este hediondo jajajajaja,Con lejía es de bañarlo para que quede algo blanquito este hediondo jajajajaja,con lejia es de banarlo para que quede algo blanquito este hediondo jajajajaja,Discurso de Odio,2,Racismo,Personas morenas,SI,NO,NO,78,13,0,0,0,1
577,Facebook,2026-07-14,USER_577,Mis sentido pésame a la familia UTEC. Salí de esa universidad y fui instructor de fotografía con Eulalio Gomez .,Mis sentido pésame a la familia UTEC. Salí de esa universidad y fui instructor de fotografía con Eulalio Gomez .,mis sentido pesame a la familia utec sali de esa universidad y fui instructor de fotografia con eulalio gomez,No Tóxico,0,,,NO,NO,NO,112,20,0,0,0,1
1404,Facebook,2026-06-25,USER_1404,Deberían mantener sus culeradas en secreto.....,Deberían mantener sus culeradas en secreto.....,deberian mantener sus culeradas en secreto,Lenguaje Ofensivo,1,Insulto Directo,Persona Individual,SÍ,NO,NO,47,6,0,0,0,0
545,Facebook,2026-07-14,USER_545,Y precios de $200 por media hora…. HASTA QUE NO HAYA POLÍTICA DE. CIELOS ABIERTOS LOS VUELOS REGIONALES SON RE CARÍSIMOS,Y precios de $200 por media hora…. HASTA QUE NO HAYA POLÍTICA DE. CIELOS ABIERTOS LOS VUELOS REGIONALES SON RE CARÍSIMOS,y precios de por media hora hasta que no haya politica de cielos abiertos los vuelos regionales son re carisimos,No Tóxico,0,,,NO,NO,NO,120,21,0,0,0,0
852,Facebook,2026-07-19,USER_852,"Miguel Torres hay muchas personas q por trabajar en el mero sol han perdido sus riñones necesitan trasplantes d órganos por sacrificarse y salir adelante, el q sea compatible vámonos q sirva para algo","Miguel Torres hay muchas personas q por trabajar en el mero sol han perdido sus riñones necesitan trasplantes d órganos por sacrificarse y salir adelante, el q sea compatible vámonos q sirva para algo",miguel torres hay muchas personas q por trabajar en el mero sol han perdido sus rinones necesitan trasplantes d organos por sacrificarse y salir adelante el q sea compatible vamonos q sirva para algo,Amenazas/Violencia,3,Deseo de Daño,Reos/delincuentes,NO,NO,NO,200,34,0,0,0,0
487,X,2026-07-14,USER_487,Liberen a los policías que grabaron dándole su merecido a los mareros. https:// t.co/ydqU5s7DZn,Liberen a los policías que grabaron dándole su merecido a los mareros. https:// t.co/ydqU5s7DZn,liberen a los policias que grabaron dandole su merecido a los mareros https t co ydqu s dzn,Amenazas/Violencia,3,Celebración de Violencia,Pandilleros/Mareros,NO,NO,SÍ,95,14,0,0,0,1
2743,X,2026-07-01,USER_2743,nah es imposible contra los judíos de mierda,nah es imposible contra los judíos de mierda,nah es imposible contra los judios de mierda,Discurso de Odio,2,Antisemitismo,Personas judi­as,NO,NO,NO,44,8,0,0,0,1
1652,X,2026-05-30,USER_1652,"Váyanse ala mierda si esto pasa, déjate de ser de este equipo, dígame que equipo empiezo a ser fanatico.","Váyanse ala mierda si esto pasa, déjate de ser de este equipo, dígame que equipo empiezo a ser fanatico.",vayanse ala mierda si esto pasa dejate de ser de este equipo digame que equipo empiezo a ser fanatico,Lenguaje Ofensivo,1,Palabras Obscenas,,NO,NO,NO,104,19,0,0,0,1
2583,Facebook,2026-07-26,USER_2583,Si ya se sabe q toda esa gente católica es enferma,Si ya se sabe q toda esa gente católica es enferma,si ya se sabe q toda esa gente catolica es enferma,Discurso de Odio,2,Religiofobia,"Cristianos, profetas",NO,NO,NO,50,11,0,0,0,0
2944,X,2026-06-20,USER_2944,Malparidos venezolanos de mierda,Malparidos venezolanos de mierda,malparidos venezolanos de mierda,Discurso de Odio,2,Xenofobia,Personas inmigrantes,NO,NO,NO,32,4,0,0,0,1
2249,Facebook,2026-06-02,USER_2249,Ya salieron los hambrientinos,Ya salieron los hambrientinos,ya salieron los hambrientinos,Discurso de Odio,2,Estigmatización Nacional,Personas en situación de pobreza o precariedad,SI,SI,NO,29,4,0,0,0,1
2065,X,2026-06-14,USER_2065,"Al contrario estás todo el día al palo, la testo te aumenta la libido, no se para cuando corta el ciclo","Al contrario estás todo el día al palo, la testo te aumenta la libido, no se para cuando corta el ciclo",al contrario estas todo el dia al palo la testo te aumenta la libido no se para cuando corta el ciclo,No Tóxico,0,,,NO,NO,NO,103,21,0,0,0,0
1254,Facebook,2026-07-14,USER_1254,Y un ignorante que más puede hacer? Y la gente que mira sus pendejadas lo hace ser prepotente y sentirse la gran 💩,Y un ignorante que más puede hacer? Y la gente que mira sus pendejadas lo hace ser prepotente y sentirse la gran :caca_con_ojos:,y un ignorante que mas puede hacer y la gente que mira sus pendejadas lo hace ser prepotente y sentirse la gran,Lenguaje Ofensivo,1,Insulto Directo,Persona Individual,NO,NO,SÍ,114,23,1,0,0,1
2739,X,2026-07-07,USER_2739,Judíos de mierda,Judíos de mierda,judios de mierda,Discurso de Odio,2,Antisemitismo,Personas judi­as,NO,NO,NO,16,3,0,0,0,1
988,Facebook,2026-07-24,USER_988,"Pena de muerte es lo que necesitan para que se acaben las siguientes generaciones de mareros , violadores, asesinos, políticos sin escrúpulos que roban dejando a familias en la hambruna o desgracia y a las autoridades que abusan del pueblo por su corrupción y falta de honor.","Pena de muerte es lo que necesitan para que se acaben las siguientes generaciones de mareros , violadores, asesinos, políticos sin escrúpulos que roban dejando a familias en la hambruna o desgracia y a las autoridades que abusan del pueblo por su corrupción y falta de honor.",pena de muerte es lo que necesitan para que se acaben las siguientes generaciones de mareros violadores asesinos politicos sin escrupulos que roban dejando a familias en la hambruna o desgracia y a las autoridades que abusan del pueblo por su corrupcion y falta de honor,Amenazas/Violencia,3,Deseo de Daño,Grupo,NO,NO,SÍ,275,47,0,0,0,1
2396,Facebook,2026-07-21,USER_2396,Y uno que otro aho0gado cómo excursión de colonia marginal,Y uno que otro aho0gado cómo excursión de colonia marginal,y uno que otro aho gado como excursion de colonia marginal,Discurso de Odio,2,Clasismo,Habitantes de colonias marginales,NO,NO,NO,58,10,0,0,0,0
1160,Facebook,2026-06-25,USER_1160,Vieja malcriada,Vieja malcriada,vieja malcriada,Lenguaje Ofensivo,1,Insulto Directo,Persona Individual,NO,NO,NO,15,2,0,0,0,0
493,X,2026-07-14,USER_493,"Con todo, hoy a usarlos de tiro al blanco. Malditos mareros. Un policia da su vida por su trabajo. Un maldito engendro marero mata, secuestran, violadores, roba y pasa feliz la vida o la cárcel. Pues ya basta, ojo por ojo. Y si alguien no le gusta tambien.","Con todo, hoy a usarlos de tiro al blanco. Malditos mareros. Un policia da su vida por su trabajo. Un maldito engendro marero mata, secuestran, violadores, roba y pasa feliz la vida o la cárcel. Pues ya basta, ojo por ojo. Y si alguien no le gusta tambien.",con todo hoy a usarlos de tiro al blanco malditos mareros un policia da su vida por su trabajo un maldito engendro marero mata secuestran violadores roba y pasa feliz la vida o la carcel pues ya basta ojo por ojo y si alguien no le gusta tambien,Amenazas/Violencia,3,Incitación a la Violencia,Pandilleros/Mareros,NO,NO,NO,256,48,0,0,0,5
2582,Facebook,2026-07-26,USER_2582,es un yeso vieja cerota retrasada,es un yeso vieja cerota retrasada,es un yeso vieja cerota retrasada,Discurso de Odio,2,Capacitismo,Persona objetivo,NO,NO,NO,33,6,0,0,0,1
430,X,2026-07-14,USER_430,Hsy q hacer justicia por nuestras propias manos marero y ladron visto laxron y marero muerto esa es la consigna,Hsy q hacer justicia por nuestras propias manos marero y ladron visto laxron y marero muerto esa es la consigna,hsy q hacer justicia por nuestras propias manos marero y ladron visto laxron y marero muerto esa es la consigna,Amenazas/Violencia,3,Incitación a la Violencia,Pandilleros/Mareros,NO,NO,NO,111,20,0,0,0,3
880,Facebook,2026-07-19,USER_880,Esta bien que muera más ciclistas por imprudentes van como enfermo no son profesionales así que que siguen muriendo,Esta bien que muera más ciclistas por imprudentes van como enfermo no son profesionales así que que siguen muriendo,esta bien que muera mas ciclistas por imprudentes van como enfermo no son profesionales asi que que siguen muriendo,Amenazas/Violencia,3,Celebración de Violencia,Ciclistas,NO,NO,NO,115,19,0,0,0,1
1877,X,2026-07-08,USER_1877,El hijo de puta de Oyarzabal cada que se pone la camisa de España,El hijo de puta de Oyarzabal cada que se pone la camisa de España,el hijo de puta de oyarzabal cada que se pone la camisa de espana,Lenguaje Ofensivo,1,Insulto Directo,Persona Individual,NO,NO,NO,65,14,0,0,0,1
2629,X,2026-07-05,USER_2629,"Perdón pero hay como montones de inmigrantes de mierda en las universidades argentinas porque en diferencia de tu país de cagada nosotros tenemos todo público,lo dejamos libre para todos pero claro nosotros somos los malos","Perdón pero hay como montones de inmigrantes de mierda en las universidades argentinas porque en diferencia de tu país de cagada nosotros tenemos todo público,lo dejamos libre para todos pero claro nosotros somos los malos",perdon pero hay como montones de inmigrantes de mierda en las universidades argentinas porque en diferencia de tu pais de cagada nosotros tenemos todo publico lo dejamos libre para todos pero claro nosotros somos los malos,Discurso de Odio,2,Xenofobia,Personas inmigrantes,NO,NO,NO,222,35,0,0,0,3
1985,X,2026-06-14,USER_1985,"No seas estupido nene, estamos hablando del muro que levantaron EN LA FRONTERA CON MEJICO PORQUE SE LES LLENA DE CACA EL PAIS. Después criminales hay en todos lados. Si lo sabrás vos que vivis en un narco-estado. Igual si hay que explicártelo es porque no te da la cabecita 😁","No seas estupido nene, estamos hablando del muro que levantaron EN LA FRONTERA CON MEJICO PORQUE SE LES LLENA DE CACA EL PAIS. Después criminales hay en todos lados. Si lo sabrás vos que vivis en un narco-estado. Igual si hay que explicártelo es porque no te da la cabecita :cara_radiante_con_ojos_sonrientes:",no seas estupido nene estamos hablando del muro que levantaron en la frontera con mejico porque se les llena de caca el pais despues criminales hay en todos lados si lo sabras vos que vivis en un narco estado igual si hay que explicartelo es porque no te da la cabecita,Lenguaje Ofensivo,1,Insulto Directo,Persona Individual,SÍ,NO,SÍ,275,51,1,0,0,4
899,Facebook,2026-07-20,USER_899,Podrirse ai,Podrirse ai,podrirse ai,Amenazas/Violencia,3,Deseo de Daño,Pandilleros/presos,NO,NO,NO,11,2,0,0,0,0
725,Facebook,2026-07-14,USER_725,Es importante rememorar cómo el viejo sistema intentó bloquear la voluntad popular y cómo Nuevas Ideas triunfó ante esos obstáculos #Consilidación,Es importante rememorar cómo el viejo sistema intentó bloquear la voluntad popular y cómo Nuevas Ideas triunfó ante esos obstáculos #Consilidación,es importante rememorar como el viejo sistema intento bloquear la voluntad popular y como nuevas ideas triunfo ante esos obstaculos consilidacion,No Tóxico,0,,,NO,NO,SÍ,146,21,0,0,1,0
400,X,2026-07-14,USER_400,"Yo lo ke No entiendo es porke putas se alegran ,,,,Si el cerote Favor hizo de despacharse a un monton de malditas Lacras ke habian en esa Prision,,,o ahora defienden a esos Malditos mareros ,extorsionadores y asesinos ke están ahi Vacacionando ?? Cooomaaan mierda !!","Yo lo ke No entiendo es porke putas se alegran ,,,,Si el cerote Favor hizo de despacharse a un monton de malditas Lacras ke habian en esa Prision,,,o ahora defienden a esos Malditos mareros ,extorsionadores y asesinos ke están ahi Vacacionando ?? Cooomaaan mierda !!",yo lo ke no entiendo es porke putas se alegran si el cerote favor hizo de despacharse a un monton de malditas lacras ke habian en esa prision o ahora defienden a esos malditos mareros extorsionadores y asesinos ke estan ahi vacacionando cooomaaan mierda,Amenazas/Violencia,3,Celebración de Violencia,Pandilleros/Mareros,NO,NO,NO,266,45,0,0,0,4
2034,X,2026-06-14,USER_2034,"Que hace el hijo de puta de Molina con el Rodri, leyenda viva del futbol. Otro que no debe volver las instalaciones del Atletico de Madrid https://x.com/camavingha694/status/2078965868629782642/video/1","Que hace el hijo de puta de Molina con el Rodri, leyenda viva del futbol. Otro que no debe volver las instalaciones del Atletico de Madrid http://url",que hace el hijo de puta de molina con el rodri leyenda viva del futbol otro que no debe volver las instalaciones del atletico de madrid http url,Lenguaje Ofensivo,1,Insulto Directo,Persona Individual,NO,NO,NO,201,27,0,0,0,2
2801,X,2026-06-25,USER_2801,"Dicen los negros de mierda que perdieron la mitad del país ajajaja que ni siquiera sirven para reclamarlo. Pq viven dejandose coger por el amo yankee. Les encanta humillarse y ponerse de rodillase ante el amo. Pero lo normal, si como dije son unos pobres animalitos, subespecie.","Dicen los negros de mierda que perdieron la mitad del país ajajaja que ni siquiera sirven para reclamarlo. Pq viven dejandose coger por el amo yankee. Les encanta humillarse y ponerse de rodillase ante el amo. Pero lo normal, si como dije son unos pobres animalitos, subespecie.",dicen los negros de mierda que perdieron la mitad del pais ajajaja que ni siquiera sirven para reclamarlo pq viven dejandose coger por el amo yankee les encanta humillarse y ponerse de rodillase ante el amo pero lo normal si como dije son unos pobres animalitos subespecie,Discurso de Odio,2,Racismo,Personas negras,NO,NO,NO,278,47,0,0,0,2
2099,Facebook,2026-07-02,USER_2099,Marco Pulido Amox ese nombre cogupto que ni los mismos PRIANDJOS IGNORANTES FRACASADOS quisieron sería pésima idea,Marco Pulido Amox ese nombre cogupto que ni los mismos PRIANDJOS IGNORANTES FRACASADOS quisieron sería pésima idea,marco pulido amox ese nombre cogupto que ni los mismos priandjos ignorantes fracasados quisieron seria pesima idea,Lenguaje Ofensivo,1,Insulto Directo,Grupo politico,NO,NO,SI,114,17,0,0,0,1
2348,Facebook,2026-07-21,USER_2348,En 4 lo pusieron y salió positivo ??,En 4 lo pusieron y salió positivo ??,en lo pusieron y salio positivo,Discurso de Odio,2,Serofobia,Personas con VIH,NO,NO,NO,36,8,0,0,0,0
1247,Facebook,2026-07-14,USER_1247,La mediocridad en toda expression..,La mediocridad en toda expression..,la mediocridad en toda expression,Lenguaje Ofensivo,1,Crítica Fuerte,Persona Individual,SÍ,SÍ,SÍ,35,5,0,0,0,0
655,Facebook,2026-07-14,USER_655,Bueno hasta la selección de mi barrio va a poder participar,Bueno hasta la selección de mi barrio va a poder participar,bueno hasta la seleccion de mi barrio va a poder participar,No Tóxico,0,,,NO,SÍ,NO,59,11,0,0,0,0
1239,Facebook,2026-06-26,USER_1239,Mucho a Dorado ese hijue o uta,Mucho a Dorado ese hijue o uta,mucho a dorado ese hijue o uta,Lenguaje Ofensivo,1,Insulto Directo,Persona Individual,SÍ,NO,NO,30,7,0,0,0,0
2247,Facebook,2026-06-25,USER_2247,Infantino le pagó al arquero de Inglaterra para que se dejara hacer esos 2 goles!!,Infantino le pagó al arquero de Inglaterra para que se dejara hacer esos 2 goles!!,infantino le pago al arquero de inglaterra para que se dejara hacer esos goles,No Tóxico,0,,Personas argentinas,SI,SI,NO,82,15,0,0,0,0
2167,Facebook,2026-05-29,USER_2167,Julio López Jr. ese we seguro es de Guate o Honduras jajaja que van a saber de futbol,Julio López Jr. ese we seguro es de Guate o Honduras jajaja que van a saber de futbol,julio lopez jr ese we seguro es de guate o honduras jajaja que van a saber de futbol,Discurso de Odio,2,Burla por nacionalidad,Personas argentinas,SI,SI,NO,85,18,0,0,0,0
558,Facebook,2026-07-14,USER_558,Listo me encantaria ser de las Feliz ganadora,Listo me encantaria ser de las Feliz ganadora,listo me encantaria ser de las feliz ganadora,No Tóxico,0,,,NO,NO,NO,45,8,0,0,0,0
2504,Facebook,2026-07-21,USER_2504,"jajajaja estos Mejichangos si que son un mate de risa ?? ??,si el 90% de Mexicanos son así,jajajaja,estos tienen la realidad bien alterada xd,ya veo porque piensan que México es potencia mundial xdxdxdxdxd","jajajaja estos Mejichangos si que son un mate de risa ?? ??,si el 90% de Mexicanos son así,jajajaja,estos tienen la realidad bien alterada xd,ya veo porque piensan que México es potencia mundial xdxdxdxdxd",jajajaja estos mejichangos si que son un mate de risa si el de mexicanos son asi jajajaja estos tienen la realidad bien alterada xd ya veo porque piensan que mexico es potencia mundial xdxdxdxdxd,Discurso de Odio,2,Xenofobia,Mexicanos,NO,NO,NO,205,33,0,0,0,1
1427,Facebook,2026-06-14,USER_1427,Q vuelva al verdadero dueño no es justo lo q asen estos hjd60milptas,Q vuelva al verdadero dueño no es justo lo q asen estos hjd60milptas,q vuelva al verdadero dueno no es justo lo q asen estos hjd milptas,Lenguaje Ofensivo,1,Insulto Directo,Persona Individual,NO,NO,NO,68,13,0,0,0,0
9,X,2026-07-13,USER_009,"#SurfCity | Jaime Abarca consiguió la primera posición del heat 3 de la categoría junior sub 16, asegurando su clasificación a semifinales. #SecretaríaDePrensa","#SurfCity | Jaime Abarca consiguió la primera posición del heat 3 de la categoría junior sub 16, asegurando su clasificación a semifinales. #SecretaríaDePrensa",surfcity jaime abarca consiguio la primera posicion del heat de la categoria junior sub asegurando su clasificacion a semifinales secretariadeprensa,No Tóxico,0,,,NO,NO,SÍ,159,23,0,0,2,0
57,X,2026-07-13,USER_057,"#Nacionales | Tanto salvadoreños como extranjeros participan y disfrutan de las diversas actividades que tienen lugar en #Suchitoto, Cuscatlán.","#Nacionales | Tanto salvadoreños como extranjeros participan y disfrutan de las diversas actividades que tienen lugar en #Suchitoto, Cuscatlán.",nacionales tanto salvadorenos como extranjeros participan y disfrutan de las diversas actividades que tienen lugar en suchitoto cuscatlan,No Tóxico,0,,,NO,NO,NO,143,19,0,0,2,0
1221,Facebook,2026-06-26,USER_1221,Esta bueno 👍 que solo yeven por vender esa maldita droga jente de mal vivir 😠😠,Esta bueno :pulgar_hacia_arriba: que solo yeven por vender esa maldita droga jente de mal vivir :cara_enfadada: :cara_enfadada:,esta bueno que solo yeven por vender esa maldita droga jente de mal vivir,Lenguaje Ofensivo,1,Insulto Directo,,SÍ,SÍ,NO,78,16,3,0,0,1
1406,Facebook,2026-06-25,USER_1406,Vichos culeros Los dos..,Vichos culeros Los dos..,vichos culeros los dos,Lenguaje Ofensivo,1,Insulto Directo,Persona Individual,NO,NO,NO,24,4,0,0,0,0
773,Facebook,2026-07-18,USER_773,Cadena perpetua El Salvador no es Guatemala,Cadena perpetua El Salvador no es Guatemala,cadena perpetua el salvador no es guatemala,No Tóxico,0,,Traficantes de personas,NO,NO,NO,43,7,0,0,0,0
476,X,2026-07-14,USER_476,Ya ratos que no veía buenas noticias como esa de los cuatro mareros muertos en yayantique la unión,Ya ratos que no veía buenas noticias como esa de los cuatro mareros muertos en yayantique la unión,ya ratos que no veia buenas noticias como esa de los cuatro mareros muertos en yayantique la union,Amenazas/Violencia,3,Celebración de Violencia,Pandilleros/Mareros,NO,NO,NO,98,18,0,0,0,2
680,Facebook,2026-07-14,USER_680,Cuando la veo me da más ancias de seguir viviendo mi espíritu se enaltese su bellesa penetra en lo más profundo de mi ser esque la veo tan linda aunque usted no lo crea que el cielo derrame todas las bendiciones para usted hasta pronto,Cuando la veo me da más ancias de seguir viviendo mi espíritu se enaltese su bellesa penetra en lo más profundo de mi ser esque la veo tan linda aunque usted no lo crea que el cielo derrame todas las bendiciones para usted hasta pronto,cuando la veo me da mas ancias de seguir viviendo mi espiritu se enaltese su bellesa penetra en lo mas profundo de mi ser esque la veo tan linda aunque usted no lo crea que el cielo derrame todas las bendiciones para usted hasta pronto,No Tóxico,0,,,NO,NO,NO,235,45,0,0,0,0
2367,Facebook,2026-07-22,USER_2367,Primeros te salen los uyeyos después los bagres y por último talves una tú loca,Primeros te salen los uyeyos después los bagres y por último talves una tú loca,primeros te salen los uyeyos despues los bagres y por ultimo talves una tu loca,Lenguaje Ofensivo,1,Palabras Obscenas,"Personas LGBT, personas con discapacidad",NO,NO,NO,79,15,0,0,0,0
2290,Facebook,2026-07-23,USER_2290,fiel seguidor de Israel?te creo que le desees la muerte a la gente.,fiel seguidor de Israel?te creo que le desees la muerte a la gente.,fiel seguidor de israel te creo que le desees la muerte a la gente,Discurso de Odio,2,Antisemitismo,Judíos,NO,NO,NO,67,13,0,0,0,0
2690,X,2026-06-18,USER_2690,Recuerden que el único país donde caribeño y quilombo son insultos es en Argentina y que los que fuera de dicho país usan su camiseta y son medio oscuritos allá no los bajan de negros de mierda. País que socialmente se enorgullece de no tener 'negros'.,Recuerden que el único país donde caribeño y quilombo son insultos es en Argentina y que los que fuera de dicho país usan su camiseta y son medio oscuritos allá no los bajan de negros de mierda. País que socialmente se enorgullece de no tener 'negros'.,recuerden que el unico pais donde caribeno y quilombo son insultos es en argentina y que los que fuera de dicho pais usan su camiseta y son medio oscuritos alla no los bajan de negros de mierda pais que socialmente se enorgullece de no tener negros,No Tóxico,0,,Personas negras,NO,NO,NO,252,46,0,0,0,2
2819,X,2026-07-07,USER_2819,"Encima puto se llevan al perro????? Putos gitanos de mierda y se creerán que saldrá todo bien, hijos de puta","Encima puto se llevan al perro????? Putos gitanos de mierda y se creerán que saldrá todo bien, hijos de puta",encima puto se llevan al perro putos gitanos de mierda y se creeran que saldra todo bien hijos de puta,Discurso de Odio,2,Racismo,Personas gitanas,NO,NO,NO,108,20,0,0,0,5
3054,X,2026-06-27,USER_3054,Argentinos se creen europeos. La verdad es que son sexta generación hijos de patas que se acostaron con sus dueños mientras le limpiaban la casa. Son indios de mierda que se creen blancos. Todos enanos. Celebran como animales. Le robaron los apellidos a sus dueños,Argentinos se creen europeos. La verdad es que son sexta generación hijos de patas que se acostaron con sus dueños mientras le limpiaban la casa. Son indios de mierda que se creen blancos. Todos enanos. Celebran como animales. Le robaron los apellidos a sus dueños,argentinos se creen europeos la verdad es que son sexta generacion hijos de patas que se acostaron con sus duenos mientras le limpiaban la casa son indios de mierda que se creen blancos todos enanos celebran como animales le robaron los apellidos a sus duenos,Discurso de Odio,2,Racismo,Personas latinoamericanas,NO,NO,NO,264,45,0,0,0,3
244,X,2026-07-14,USER_244,"Continuaremos trabajando para nuestra niñez y adolescencia. Jucuarán, Usulután. #EducacionSV #MiNuevaEscuela","Continuaremos trabajando para nuestra niñez y adolescencia. Jucuarán, Usulután. #EducacionSV #MiNuevaEscuela",continuaremos trabajando para nuestra ninez y adolescencia jucuaran usulutan educacionsv minuevaescuela,No Tóxico,0,,,NO,NO,SÍ,108,11,0,0,2,0
1912,X,2026-07-08,USER_1912,PA LA MIERDA SE VA USA 😂,PA LA MIERDA SE VA USA :cara_llorando_de_risa:,pa la mierda se va usa,Lenguaje Ofensivo,1,Palabras Obscenas,,SÍ,NO,SÍ,24,7,1,0,0,1
2427,Facebook,2026-07-23,USER_2427,Y como si no fuera suficiente.... Una g0r-dha h0rri-pilante..... Hace falta ser un gusano sin dignidad ??,Y como si no fuera suficiente.... Una g0r-dha h0rri-pilante..... Hace falta ser un gusano sin dignidad ??,y como si no fuera suficiente una g r dha h rri pilante hace falta ser un gusano sin dignidad,Discurso de Odio,2,Gordofobia,Personas con sobrepeso,NO,NO,NO,105,17,0,0,0,0
85,X,2026-07-13,USER_085,"Super #ENCHILADAS Salvadoreñas, la cena perfecta!! 󾍘󾌧󾬓󾓦#RecetasSV #ElSalvador http:// RecetasSalvadorenas.com http:// fb.me/4zIdwfuyA","Super #ENCHILADAS Salvadoreñas, la cena perfecta!! 󾍘󾌧󾬓󾓦#RecetasSV #ElSalvador http:// RecetasSalvadorenas.com http:// fb.me/4zIdwfuyA",super enchiladas salvadorenas la cena perfecta recetassv elsalvador http recetassalvadorenas com http fb me zidwfuya,No Tóxico,0,,,NO,NO,NO,133,12,0,0,3,0
1896,X,2026-07-08,USER_1896,"Ellos mismos se ponen para que se los hagan mierda, cual amor a la patria?, di esotos dos gorgojos cerotes velando hueso andan","Ellos mismos se ponen para que se los hagan mierda, cual amor a la patria?, di esotos dos gorgojos cerotes velando hueso andan",ellos mismos se ponen para que se los hagan mierda cual amor a la patria di esotos dos gorgojos cerotes velando hueso andan,Lenguaje Ofensivo,1,Insulto Directo,,SÍ,NO,SÍ,126,23,0,0,0,3
1534,Facebook,2026-07-26,USER_1534,Jaja bicha puta jajajaj,Jaja bicha puta jajajaj,jaja bicha puta jajajaj,Lenguaje Ofensivo,1,Insulto Directo,Persona Individual,SÍ,NO,NO,23,4,0,0,0,1
1218,Facebook,2026-06-26,USER_1218,"Ejemplo para los viejos q son, así quien no les da vergüenza y esas locas asaber q mañana tienen en el q muere por su gusto q lo entierren parado","Ejemplo para los viejos q son, así quien no les da vergüenza y esas locas asaber q mañana tienen en el q muere por su gusto q lo entierren parado",ejemplo para los viejos q son asi quien no les da verguenza y esas locas asaber q manana tienen en el q muere por su gusto q lo entierren parado,Lenguaje Ofensivo,1,Insulto Directo,Persona Individual,NO,NO,NO,145,30,0,0,0,1
1997,X,2026-06-14,USER_1997,Tiene cojones sí,Tiene cojones sí,tiene cojones si,No Tóxico,0,,,NO,NO,NO,16,3,0,0,0,0
1670,X,2026-06-02,USER_1670,Que Osico man grande de este perro no ofendo al perro estúpido 😡 gorgojo cuanto te pagan eso era antes con tus partidos estúpido,Que Osico man grande de este perro no ofendo al perro estúpido :cara_cabreada: gorgojo cuanto te pagan eso era antes con tus partidos estúpido,que osico man grande de este perro no ofendo al perro estupido gorgojo cuanto te pagan eso era antes con tus partidos estupido,Lenguaje Ofensivo,1,Insulto Directo,Persona Individual,NO,NO,SÍ,128,24,1,0,0,3
183,X,2026-07-13,USER_183,@AsambleaSV emite pronunciamiento con motivo de la celebración del Día de la Juventud #JuventudSV,@usuario emite pronunciamiento con motivo de la celebración del Día de la Juventud #JuventudSV,usuario emite pronunciamiento con motivo de la celebracion del dia de la juventud juventudsv,No Tóxico,0,,,NO,NO,SÍ,97,14,0,1,1,1
2704,X,2026-06-14,USER_2704,que se caguen batando negros de mierda yo ya soy español,que se caguen batando negros de mierda yo ya soy español,que se caguen batando negros de mierda yo ya soy espanol,Discurso de Odio,2,Racismo,Personas negras,NO,NO,NO,56,11,0,0,0,2
832,Facebook,2026-07-19,USER_832,Viejo cochino al cecot lo deberían llebar,Viejo cochino al cecot lo deberían llebar,viejo cochino al cecot lo deberian llebar,Amenazas/Violencia,3,Deseo de Daño,Individuo señalado (anciano acusado de conducta indecente),NO,NO,NO,41,7,0,0,0,0
2334,Facebook,2026-07-22,USER_2334,mejicanos = sin el culo sano,mejicanos = sin el culo sano,mejicanos sin el culo sano,Discurso de Odio,2,Xenofobia,Mexicanos,NO,NO,NO,28,6,0,0,0,2
568,Facebook,2026-07-14,USER_568,"Que bueno que es parte de la ayuda, bendiciones.","Que bueno que es parte de la ayuda, bendiciones.",que bueno que es parte de la ayuda bendiciones,No Tóxico,0,,,NO,NO,SÍ,48,9,0,0,0,0
2982,X,2026-06-29,USER_2982,Q negros de mierda,Q negros de mierda,q negros de mierda,Discurso de Odio,2,Racismo,Personas negras o racializadas,NO,NO,NO,18,4,0,0,0,2
3034,X,2026-07-11,USER_3034,"Indios de mierda, lastre de Bolivia. Devuelvan el gas y la gasolina. Goni les dejó un mar de gas.","Indios de mierda, lastre de Bolivia. Devuelvan el gas y la gasolina. Goni les dejó un mar de gas.",indios de mierda lastre de bolivia devuelvan el gas y la gasolina goni les dejo un mar de gas,Discurso de Odio,2,Racismo,Personas latinoamericanas,NO,NO,NO,97,19,0,0,0,2
1577,X,2026-05-24,USER_1577,Ella está en El Salvador y tú ? Ah huyendo como los otros cobardes no sos ni más ni menos que los otros ladrones basuras 🖕🖕,Ella está en El Salvador y tú ? Ah huyendo como los otros cobardes no sos ni más ni menos que los otros ladrones basuras :dedo_corazón_hacia_arriba: :dedo_corazón_hacia_arriba:,ella esta en el salvador y tu ah huyendo como los otros cobardes no sos ni mas ni menos que los otros ladrones basuras,Lenguaje Ofensivo,1,Insulto Directo,Persona Individual,NO,NO,SÍ,123,26,2,0,0,1
606,Facebook,2026-07-14,USER_606,"Enfermera Quiroa, gracias por curar mis manitos y por la sensibilidad y el cariño con que lo haces.","Enfermera Quiroa, gracias por curar mis manitos y por la sensibilidad y el cariño con que lo haces.",enfermera quiroa gracias por curar mis manitos y por la sensibilidad y el carino con que lo haces,No Tóxico,0,,,NO,NO,NO,99,18,0,0,0,1
1468,Facebook,2026-06-14,USER_1468,El silabario que se compre esa 0ta mejor,El silabario que se compre esa 0ta mejor,el silabario que se compre esa ta mejor,Lenguaje Ofensivo,1,Insulto Directo,Persona Individual,SÍ,NO,SÍ,40,8,0,0,0,0
2926,X,2026-06-01,USER_2926,"Siguiendo con la ucronía de su tuit: Si los venezolanos de mierda no hubieran votado por Chávez, este tuit no existiría. Abrazo.","Siguiendo con la ucronía de su tuit: Si los venezolanos de mierda no hubieran votado por Chávez, este tuit no existiría. Abrazo.",siguiendo con la ucronia de su tuit si los venezolanos de mierda no hubieran votado por chavez este tuit no existiria abrazo,Discurso de Odio,2,Xenofobia,Personas inmigrantes,NO,NO,NO,128,22,0,0,0,2
1083,Facebook,2026-06-22,USER_1083,Estos serotes solo por hacer número agarran ala jentes y los ponen como pandilleros miren los propios pandilleros si los agarran por qué afuera hay un montón todavía,Estos serotes solo por hacer número agarran ala jentes y los ponen como pandilleros miren los propios pandilleros si los agarran por qué afuera hay un montón todavía,estos serotes solo por hacer numero agarran ala jentes y los ponen como pandilleros miren los propios pandilleros si los agarran por que afuera hay un monton todavia,Lenguaje Ofensivo,1,Insulto Directo,Instituciones Públicas,NO,NO,SÍ,165,28,0,0,0,1
337,X,2026-07-14,USER_337,"Me comentan que hay un empresario de la zona oriental pone a disposición extenso terreno que servirá de fosa como para unos 5,000 mareros.","Me comentan que hay un empresario de la zona oriental pone a disposición extenso terreno que servirá de fosa como para unos 5,000 mareros.",me comentan que hay un empresario de la zona oriental pone a disposicion extenso terreno que servira de fosa como para unos mareros,Amenazas/Violencia,3,Celebración de Violencia,Pandilleros/Mareros,NO,NO,NO,138,24,0,0,0,1
1908,X,2026-07-08,USER_1908,Ese salvadoreño perro hijueputa no se puede caer un suizo porque todo les pita,Ese salvadoreño perro hijueputa no se puede caer un suizo porque todo les pita,ese salvadoreno perro hijueputa no se puede caer un suizo porque todo les pita,Lenguaje Ofensivo,1,Insulto Directo,Persona Individual,NO,NO,NO,78,14,0,0,0,3
491,X,2026-07-14,USER_491,"Policías aguambados, Mejor m@t€n a esos mareros, tanto miedo tienen? Osea que la muerte de su compañero es como a ver matado a un perro? Por salieron libres y ahora con más fuerza. Dispar£n sin miedo.","Policías aguambados, Mejor m@usuario€n a esos mareros, tanto miedo tienen? Osea que la muerte de su compañero es como a ver matado a un perro? Por salieron libres y ahora con más fuerza. Dispar£n sin miedo.",policias aguambados mejor m usuario n a esos mareros tanto miedo tienen osea que la muerte de su companero es como a ver matado a un perro por salieron libres y ahora con mas fuerza dispar n sin miedo,Amenazas/Violencia,3,Incitación a la Violencia,Pandilleros/Mareros,NO,NO,NO,200,36,0,1,0,3
200,X,2026-07-14,USER_200,"¡En Nauterra celebramos con orgullo las fiestas de independencia de El Salvador! Hoy celebramos la fuerza de nuestra gente, que hace de #ElSalvador un lugar único. ¡Felices fiestas patrias! #IndependenciaSV #ElSalvador #Nauterra","¡En Nauterra celebramos con orgullo las fiestas de independencia de El Salvador! Hoy celebramos la fuerza de nuestra gente, que hace de #ElSalvador un lugar único. ¡Felices fiestas patrias! #IndependenciaSV #ElSalvador #Nauterra",en nauterra celebramos con orgullo las fiestas de independencia de el salvador hoy celebramos la fuerza de nuestra gente que hace de elsalvador un lugar unico felices fiestas patrias independenciasv elsalvador nauterra,No Tóxico,0,,,NO,NO,NO,228,32,0,0,4,1
2223,Facebook,2026-06-20,USER_2223,"A diferencia del resto del mundo, a mi si me da alegría que la selección de argentina gane.. creo que vivir en un país hundido en la miseria donde no hay comida, no hay oportunidades de trabajo, su moneda se devalua dia a dia, no hay inversiones etc.. los triunfos deportivos son su única alegría, así que bien por ellos y ojalá argentina sea campeón mundial!!","A diferencia del resto del mundo, a mi si me da alegría que la selección de argentina gane.. creo que vivir en un país hundido en la miseria donde no hay comida, no hay oportunidades de trabajo, su moneda se devalua dia a dia, no hay inversiones etc.. los triunfos deportivos son su única alegría, así que bien por ellos y ojalá argentina sea campeón mundial!!",a diferencia del resto del mundo a mi si me da alegria que la seleccion de argentina gane creo que vivir en un pais hundido en la miseria donde no hay comida no hay oportunidades de trabajo su moneda se devalua dia a dia no hay inversiones etc los triunfos deportivos son su unica alegria asi que bien por ellos y ojala argentina sea campeon mundial,Discurso de Odio,2,Estigmatización Nacional,Personas en situación de pobreza o precariedad,SI,SI,NO,360,66,0,0,0,0
1829,X,2026-06-07,USER_1829,Parásitos delincuente eres tú pendejo Estúpido Era mejor que deportaran a él salvador y te hubieras encerrado de por vida en la cárcel de inmigración eres delincuente te hubieras muerto en la cárcel de inmigración por pendejo estúpido.eres un delincuente pandillero,Parásitos delincuente eres tú pendejo Estúpido Era mejor que deportaran a él salvador y te hubieras encerrado de por vida en la cárcel de inmigración eres delincuente te hubieras muerto en la cárcel de inmigración por pendejo estúpido.eres un delincuente pandillero,parasitos delincuente eres tu pendejo estupido era mejor que deportaran a el salvador y te hubieras encerrado de por vida en la carcel de inmigracion eres delincuente te hubieras muerto en la carcel de inmigracion por pendejo estupido eres un delincuente pandillero,Amenazas/Violencia,3,Deseo de Dano,Persona Individual,NO,NO,SÍ,265,41,0,0,0,4
2945,X,2026-06-22,USER_2945,Venezolanos de mierda hijos de puta,Venezolanos de mierda hijos de puta,venezolanos de mierda hijos de puta,Discurso de Odio,2,Xenofobia,Personas inmigrantes,NO,NO,NO,35,6,0,0,0,2
2147,Facebook,2026-06-29,USER_2147,Pero papá Infantino todo les perdona.,Pero papá Infantino todo les perdona.,pero papa infantino todo les perdona,No Tóxico,0,,Personas argentinas,SI,SI,NO,37,6,0,0,0,0
1078,Facebook,2026-06-14,USER_1078,Puta y yo ni ni les paro bolas,Puta y yo ni ni les paro bolas,puta y yo ni ni les paro bolas,Lenguaje Ofensivo,1,Palabras Obscenas,,NO,NO,NO,30,8,0,0,0,1
2305,Facebook,2026-07-23,USER_2305,ese imbécil piensa que porque está en el norte él es gringo más no sabe qué sigue siendo un lambe plato todavía un arrastrado migrante,ese imbécil piensa que porque está en el norte él es gringo más no sabe qué sigue siendo un lambe plato todavía un arrastrado migrante,ese imbecil piensa que porque esta en el norte el es gringo mas no sabe que sigue siendo un lambe plato todavia un arrastrado migrante,Discurso de Odio,2,Xenofobia,Migrantes,NO,NO,NO,134,25,0,0,0,2
338,X,2026-07-14,USER_338,"#PenaDeMuerte a mareros, reos comunes a rehabilitacion e incorporacion a la sociedad... pero #pandillero visto, pandillero muerto, si es capturado, cadena perpetua o mejor boleto directo al infierno.","#PenaDeMuerte a mareros, reos comunes a rehabilitacion e incorporacion a la sociedad... pero #pandillero visto, pandillero muerto, si es capturado, cadena perpetua o mejor boleto directo al infierno.",penademuerte a mareros reos comunes a rehabilitacion e incorporacion a la sociedad pero pandillero visto pandillero muerto si es capturado cadena perpetua o mejor boleto directo al infierno,Amenazas/Violencia,3,Incitación a la Violencia,Pandilleros/Mareros,NO,NO,NO,199,28,0,0,2,3
2206,Facebook,2026-06-30,USER_2206,"Ronald Enrique concuerdo contigo jajaja Soy fanático de cristiano Ronaldo pero también soy conciente del talento puro se Messi. Digan lo que digan eh independendiente de todo. Así como le dijo un jugador de Betis al entrenador una vez ""Messi es Messi que quiere que haga"" Además argentina jugó con la fé y la confianza de su 10 y el hizo lo suyo. Hoy en día criticar quien es mejor o subestimar todos los records y títulos de estos 2 grandes jugadores da entender que no son amantes del fútbol hace 15 años si debatía por qué cada uno estaba en su momento pero hoy en día solo le doy gracias a dios por nacer en el momento indicado para disfrutar de estas 2 leyendas. Y si argentina está dónde está es por culpa de los otros equipos que subestimanron al rival todos confiados con el marcador se le cerraban y algo que les gusta a los argentinos es tener la pelota y bombardear con cancha.","Ronald Enrique concuerdo contigo jajaja Soy fanático de cristiano Ronaldo pero también soy conciente del talento puro se Messi. Digan lo que digan eh independendiente de todo. Así como le dijo un jugador de Betis al entrenador una vez ""Messi es Messi que quiere que haga"" Además argentina jugó con la fé y la confianza de su 10 y el hizo lo suyo. Hoy en día criticar quien es mejor o subestimar todos los records y títulos de estos 2 grandes jugadores da entender que no son amantes del fútbol hace 15 años si debatía por qué cada uno estaba en su momento pero hoy en día solo le doy gracias a dios por nacer en el momento indicado para disfrutar de estas 2 leyendas. Y si argentina está dónde está es por culpa de los otros equipos que subestimanron al rival todos confiados con el marcador se le cerraban y algo que les gusta a los argentinos es tener la pelota y bombardear con cancha.",ronald enrique concuerdo contigo jajaja soy fanatico de cristiano ronaldo pero tambien soy conciente del talento puro se messi digan lo que digan eh independendiente de todo asi como le dijo un jugador de betis al entrenador una vez messi es messi que quiere que haga ademas argentina jugo con la fe y la confianza de su y el hizo lo suyo hoy en dia criticar quien es mejor o subestimar todos los records y titulos de estos grandes jugadores da entender que no son amantes del futbol hace anos si debatia por que cada uno estaba en su momento pero hoy en dia solo le doy gracias a dios por nacer en el momento indicado para disfrutar de estas leyendas y si argentina esta donde esta es por culpa de los otros equipos que subestimanron al rival todos confiados con el marcador se le cerraban y algo que les gusta a los argentinos es tener la pelota y bombardear con cancha,No Tóxico,0,,Personas argentinas,SI,SI,NO,888,166,0,0,0,1
1753,X,2026-06-07,USER_1753,Jajaja murió igual de pobre antes que el salvador de las galaxias engañara a tanto pendejo...,Jajaja murió igual de pobre antes que el salvador de las galaxias engañara a tanto pendejo...,jajaja murio igual de pobre antes que el salvador de las galaxias enganara a tanto pendejo,Lenguaje Ofensivo,1,Insulto Directo,Persona Individual,SÍ,SÍ,SÍ,93,16,0,0,0,1
985,Facebook,2026-07-24,USER_985,"Ismael VFranco te voy a dar un datico: por alla por el año 1995 estando en el glorioso ejercito presencie como ya hacian falsos positivos entonces eso es mentira que fue politica de Uribe, es mas el que era mi comandante directo hoy en dia esta preso por esto.. lo que pasa es que ahi metieron un monton de gente y los hicieron pasar por falsos positivos para sacarle plata al estado. igual paso con la up. el mismo martin sombra lo declaro bajo juramento ante la jep: que ellos habian exterminado a la up y se los habian achacado al estado para sacarle dinero... me imagino que sabes quien es el candidato que es hijo de un senador de la up asesinado.???... esta comprobado que esos delincuentes por las buenas no entienden, asi que no hay otra salida... En todas las guerras mueren personas de un bando u otro, pero es preferible acabar con esa plaga y no sentarse a dialogar..","Ismael VFranco te voy a dar un datico: por alla por el año 1995 estando en el glorioso ejercito presencie como ya hacian falsos positivos entonces eso es mentira que fue politica de Uribe, es mas el que era mi comandante directo hoy en dia esta preso por esto.. lo que pasa es que ahi metieron un monton de gente y los hicieron pasar por falsos positivos para sacarle plata al estado. igual paso con la up. el mismo martin sombra lo declaro bajo juramento ante la jep: que ellos habian exterminado a la up y se los habian achacado al estado para sacarle dinero... me imagino que sabes quien es el candidato que es hijo de un senador de la up asesinado.???... esta comprobado que esos delincuentes por las buenas no entienden, asi que no hay otra salida... En todas las guerras mueren personas de un bando u otro, pero es preferible acabar con esa plaga y no sentarse a dialogar..",ismael vfranco te voy a dar un datico por alla por el ano estando en el glorioso ejercito presencie como ya hacian falsos positivos entonces eso es mentira que fue politica de uribe es mas el que era mi comandante directo hoy en dia esta preso por esto lo que pasa es que ahi metieron un monton de gente y los hicieron pasar por falsos positivos para sacarle plata al estado igual paso con la up el mismo martin sombra lo declaro bajo juramento ante la jep que ellos habian exterminado a la up y se los habian achacado al estado para sacarle dinero me imagino que sabes quien es el candidato que es hijo de un senador de la up asesinado esta comprobado que esos delincuentes por las buenas no entienden asi que no hay otra salida en todas las guerras mueren personas de un bando u otro pero es preferible acabar con esa plaga y no sentarse a dialogar,Amenazas/Violencia,3,Incitación a la Violencia,Grupo,NO,NO,SÍ,879,162,0,0,0,2
2614,X,2026-05-28,USER_2614,"Europa ha prohibido una película llamada Citizen Vigilante, habla sobre un ciudadano justiciero que liquida a los putos inmigrantes que van por la vida asesinando a nuestros seres queridos. Os la recomiendo.","Europa ha prohibido una película llamada Citizen Vigilante, habla sobre un ciudadano justiciero que liquida a los putos inmigrantes que van por la vida asesinando a nuestros seres queridos. Os la recomiendo.",europa ha prohibido una pelicula llamada citizen vigilante habla sobre un ciudadano justiciero que liquida a los putos inmigrantes que van por la vida asesinando a nuestros seres queridos os la recomiendo,Discurso de Odio,2,Xenofobia,Personas inmigrantes,NO,NO,NO,207,32,0,0,0,2
2356,Facebook,2026-07-23,USER_2356,Estaba hablando en idioma LGBT jajajajaja,Estaba hablando en idioma LGBT jajajajaja,estaba hablando en idioma lgbt jajajajaja,Discurso de Odio,2,Homofobia,Personas LGBT,NO,NO,NO,41,6,0,0,0,0
843,Facebook,2026-07-19,USER_843,CECOT directamente y sin virar,CECOT directamente y sin virar,cecot directamente y sin virar,Amenazas/Violencia,3,Deseo de Daño,Joven señalado como delincuente/pandillero,NO,NO,NO,30,5,0,0,0,0
925,Facebook,2026-07-23,USER_925,Ojalá pasara eso en El Salvador para que se murieran todos los gorgojos,Ojalá pasara eso en El Salvador para que se murieran todos los gorgojos,ojala pasara eso en el salvador para que se murieran todos los gorgojos,Amenazas/Violencia,3,Deseo de Daño,Grupo (opositores),NO,NO,SÍ,71,13,0,0,0,1
2753,X,2026-06-05,USER_2753,"Claro, hay más españoles en Argentina porque en España son unos moros de mierda....y españolas violadas","Claro, hay más españoles en Argentina porque en España son unos moros de mierda....y españolas violadas",claro hay mas espanoles en argentina porque en espana son unos moros de mierda y espanolas violadas,Discurso de Odio,2,Islamofobia,Personas musulmanas,NO,NO,NO,103,16,0,0,0,2
1417,Facebook,2026-06-14,USER_1417,Como les pega las nuevas pendejadas qué se inventan ..van con las viejas ...,Como les pega las nuevas pendejadas qué se inventan ..van con las viejas ...,como les pega las nuevas pendejadas que se inventan van con las viejas,Lenguaje Ofensivo,1,Insulto Directo,Opositores Políticos,SÍ,NO,SÍ,76,14,0,0,0,1
3083,X,2026-06-12,USER_3083,"JD Vance es un alfil de la judería, no está traicionando a sus amos; les sigue siendo útil para manipular tu corazón y tu mente un favor de los judíos de mierda. PETER THIEL y PALANTIR, los de las cámaras; son lo titiriteros de Vance, desde siempre.","JD Vance es un alfil de la judería, no está traicionando a sus amos; les sigue siendo útil para manipular tu corazón y tu mente un favor de los judíos de mierda. PETER THIEL y PALANTIR, los de las cámaras; son lo titiriteros de Vance, desde siempre.",jd vance es un alfil de la juderia no esta traicionando a sus amos les sigue siendo util para manipular tu corazon y tu mente un favor de los judios de mierda peter thiel y palantir los de las camaras son lo titiriteros de vance desde siempre,Discurso de Odio,2,Antisemitismo,Personas judias,NO,NO,NO,249,47,0,0,0,1
1887,X,2026-07-08,USER_1887,FOTO 1: Uno de Victoriano del Río para Roca Rey en Pamplona FOTO 2: Uno de Álvaro Núñez para Morante en Pamplona Pero es el salvador de la fiesta dicen… VÁYASE A LA MIERDA,FOTO 1: Uno de Victoriano del Río para Roca Rey en Pamplona FOTO 2: Uno de Álvaro Núñez para Morante en Pamplona Pero es el salvador de la fiesta dicen… VÁYASE A LA MIERDA,foto uno de victoriano del rio para roca rey en pamplona foto uno de alvaro nunez para morante en pamplona pero es el salvador de la fiesta dicen vayase a la mierda,Lenguaje Ofensivo,1,Palabras Obscenas,,SÍ,SÍ,NO,171,34,0,0,0,1
2675,X,2026-05-30,USER_2675,"""Mogolico"" JAJAJA. Ni el español dominan estos negros de mierda.","""Mogolico"" JAJAJA. Ni el español dominan estos negros de mierda.",mogolico jajaja ni el espanol dominan estos negros de mierda,Discurso de Odio,2,Racismo,Personas negras,NO,NO,NO,64,10,0,0,0,2
2216,Facebook,2026-05-31,USER_2216,"Jair R. Adam no bro, ya con el partido de semis se cierra lo de la bota de oro y el mvp lo tiene ganado ya, ha sido decisivo de principio a fin con Argentina","Jair R. Adam no bro, ya con el partido de semis se cierra lo de la bota de oro y el mvp lo tiene ganado ya, ha sido decisivo de principio a fin con Argentina",jair r adam no bro ya con el partido de semis se cierra lo de la bota de oro y el mvp lo tiene ganado ya ha sido decisivo de principio a fin con argentina,No Tóxico,0,,Personas argentinas,SI,SI,NO,157,35,0,0,0,1
2277,Facebook,2026-07-21,USER_2277,Argentinos al enterarse que la pueden empeñar pa comprar comida,Argentinos al enterarse que la pueden empeñar pa comprar comida,argentinos al enterarse que la pueden empenar pa comprar comida,Discurso de Odio,2,Estigmatización Nacional,Argentinos,NO,NO,NO,63,10,0,0,0,0
3050,X,2026-06-21,USER_3050,Nada salvó tanto el fútbol como este equipo pero en Europa odian demasiado que unos indios de mierda jueguen mejor a la pelota que ellos,Nada salvó tanto el fútbol como este equipo pero en Europa odian demasiado que unos indios de mierda jueguen mejor a la pelota que ellos,nada salvo tanto el futbol como este equipo pero en europa odian demasiado que unos indios de mierda jueguen mejor a la pelota que ellos,Discurso de Odio,2,Racismo,Personas latinoamericanas,NO,NO,NO,136,25,0,0,0,2
553,Facebook,2026-07-14,USER_553,Con solo que manejen como la gente Más que suficiente Son bienvenidos,Con solo que manejen como la gente Más que suficiente Son bienvenidos,con solo que manejen como la gente mas que suficiente son bienvenidos,No Tóxico,0,,,NO,NO,NO,69,12,0,0,0,1
863,Facebook,2026-07-19,USER_863,Que se pudra en la cárcel ese demonio,Que se pudra en la cárcel ese demonio,que se pudra en la carcel ese demonio,Amenazas/Violencia,3,Deseo de Daño,Individuo señalado (asesino),NO,NO,NO,37,8,0,0,0,0
255,X,2026-07-14,USER_255,"Maten, maten mareros Les prometo que nadie los reprochar, alv los Derechos Humanos.","Maten, maten mareros Les prometo que nadie los reprochar, alv los Derechos Humanos.",maten maten mareros les prometo que nadie los reprochar alv los derechos humanos,Amenazas/Violencia,3,Incitación a la Violencia,Pandilleros/Mareros,NO,NO,NO,83,13,0,0,0,2
2308,Facebook,2026-07-23,USER_2308,Pues sí lo hayas más así porque te dicen la verdad si seguís haciendo un lambe plato entenderlo media vez no tengas tú y de nacionalidad Gringo sos un lambe plato siempre seguí siendo un Glam de plato,Pues sí lo hayas más así porque te dicen la verdad si seguís haciendo un lambe plato entenderlo media vez no tengas tú y de nacionalidad Gringo sos un lambe plato siempre seguí siendo un Glam de plato,pues si lo hayas mas asi porque te dicen la verdad si seguis haciendo un lambe plato entenderlo media vez no tengas tu y de nacionalidad gringo sos un lambe plato siempre segui siendo un glam de plato,Lenguaje Ofensivo,1,Insulto Directo,Migrantes pobres,NO,NO,NO,200,38,0,0,0,1
1720,X,2026-06-04,USER_1720,"a era hora que alguien hiciera algo por la gente de bien, esos 2,000 pedantes, arrogantes, doctores que se creén dioses no deberían trabajar en esos puestos, a ver si ahora aprienden toda esa malagente VIVA NAYIB BUKELE Y SU BANCADA CYAN","a era hora que alguien hiciera algo por la gente de bien, esos 2,000 pedantes, arrogantes, doctores que se creén dioses no deberían trabajar en esos puestos, a ver si ahora aprienden toda esa malagente VIVA NAYIB BUKELE Y SU BANCADA CYAN",a era hora que alguien hiciera algo por la gente de bien esos pedantes arrogantes doctores que se creen dioses no deberian trabajar en esos puestos a ver si ahora aprienden toda esa malagente viva nayib bukele y su bancada cyan,Lenguaje Ofensivo,1,Insulto Directo,,NO,NO,SÍ,237,42,0,0,0,0
2797,X,2026-06-27,USER_2797,Putos SUDACAS de mierda,Putos SUDACAS de mierda,putos sudacas de mierda,Discurso de Odio,2,Xenofobia,Personas latinoamericanas,NO,NO,NO,23,4,0,0,0,2
2362,Facebook,2026-07-23,USER_2362,Con el cabello negro era María José y ahora con el cabello rosa pasó a ser José María!(,Con el cabello negro era María José y ahora con el cabello rosa pasó a ser José María!(,con el cabello negro era maria jose y ahora con el cabello rosa paso a ser jose maria,Discurso de Odio,2,Transfobia,Personas LGBT,NO,NO,NO,87,18,0,0,0,2
793,Facebook,2026-07-18,USER_793,En el bote le van a dar su lección enfermo hdp,En el bote le van a dar su lección enfermo hdp,en el bote le van a dar su leccion enfermo hdp,Amenazas/Violencia,3,Amenaza Implícita,Individuo (acusado en publicación de la FGR),SÍ,NO,NO,46,11,0,0,0,1
2730,X,2026-06-09,USER_2730,No es voluntad. Esa gente estudia y no usa chuletas ni soborna a los profesores como ustedes. Malditos indios de mierda PUPUZOLANOS!!!!,No es voluntad. Esa gente estudia y no usa chuletas ni soborna a los profesores como ustedes. Malditos indios de mierda PUPUZOLANOS!!!!,no es voluntad esa gente estudia y no usa chuletas ni soborna a los profesores como ustedes malditos indios de mierda pupuzolanos,Discurso de Odio,2,Xenofobia,Personas indigenas,NO,NO,NO,135,22,0,0,0,2
1177,Facebook,2026-06-26,USER_1177,"Seguís de tonto a voz ya l as Tierra, te pide basura","Seguís de tonto a voz ya l as Tierra, te pide basura",seguis de tonto a voz ya l as tierra te pide basura,Lenguaje Ofensivo,1,Insulto Directo,Persona Individual,NO,NO,NO,52,12,0,0,0,2
1355,Facebook,2026-06-25,USER_1355,Me da lo mismo esa maitra ridícula,Me da lo mismo esa maitra ridícula,me da lo mismo esa maitra ridicula,Lenguaje Ofensivo,1,Insulto Directo,Persona Individual,NO,NO,NO,34,7,0,0,0,0
967,Facebook,2026-07-24,USER_967,yo preferia q usa lo destruya con misil y mueran todos pero bueno no se puede tener todo en la vida,yo preferia q usa lo destruya con misil y mueran todos pero bueno no se puede tener todo en la vida,yo preferia q usa lo destruya con misil y mueran todos pero bueno no se puede tener todo en la vida,Amenazas/Violencia,3,Deseo de Daño,Grupo,NO,NO,NO,99,21,0,0,0,2
2827,X,2026-07-01,USER_2827,"Tampoco están para reírse ellos puesto que puestos a decir gilipolleces los griegos son árabes, turcos y gitanos de mierda.","Tampoco están para reírse ellos puesto que puestos a decir gilipolleces los griegos son árabes, turcos y gitanos de mierda.",tampoco estan para reirse ellos puesto que puestos a decir gilipolleces los griegos son arabes turcos y gitanos de mierda,Discurso de Odio,2,Racismo,Personas gitanas,NO,NO,NO,123,20,0,0,0,1
1789,X,2026-06-07,USER_1789,"Las excusas bien de mierda que SE INVENTA la gente para hacer quedar mal a quien fue buena con ellos, suerte con su complejo de víctima. 🔄😘","Las excusas bien de mierda que SE INVENTA la gente para hacer quedar mal a quien fue buena con ellos, suerte con su complejo de víctima. :flechas_en_sentido_antihorario: :cara_lanzando_un_beso:",las excusas bien de mierda que se inventa la gente para hacer quedar mal a quien fue buena con ellos suerte con su complejo de victima,Lenguaje Ofensivo,1,Palabras Obscenas,Persona Individual,SÍ,NO,NO,139,27,2,0,0,2
982,Facebook,2026-07-24,USER_982,Y lo que dieron fue mentira entonces. Para los violadores pena de muerte. Gran mentira,Y lo que dieron fue mentira entonces. Para los violadores pena de muerte. Gran mentira,y lo que dieron fue mentira entonces para los violadores pena de muerte gran mentira,No Tóxico,0,,Grupo,NO,NO,NO,86,15,0,0,0,0
2800,X,2026-06-30,USER_2800,"es lo mismo, podes festejar sin portarte como un idiota.. sean morochas en caba, negros de mierda en mardel o tarados en ituzaingo. es lo mismo para todos.. que necesidad de romper cosas o arriesgarse??","es lo mismo, podes festejar sin portarte como un idiota.. sean morochas en caba, negros de mierda en mardel o tarados en ituzaingo. es lo mismo para todos.. que necesidad de romper cosas o arriesgarse??",es lo mismo podes festejar sin portarte como un idiota sean morochas en caba negros de mierda en mardel o tarados en ituzaingo es lo mismo para todos que necesidad de romper cosas o arriesgarse,Discurso de Odio,2,Racismo,Personas negras,NO,NO,NO,202,35,0,0,0,3
1334,Facebook,2026-06-25,USER_1334,Pues esa señora no me representa que vulgaridad!!! Ni que fuera de gran orgullo representado a nuestro país.,Pues esa señora no me representa que vulgaridad!!! Ni que fuera de gran orgullo representado a nuestro país.,pues esa senora no me representa que vulgaridad ni que fuera de gran orgullo representado a nuestro pais,Lenguaje Ofensivo,1,Crítica Fuerte,Persona Individual,NO,NO,NO,108,18,0,0,0,0
146,X,2026-07-13,USER_146,#salvadoreñosenelmundo se recuerdan de POPS #RADIOCHIVISIMA,#salvadoreñosenelmundo se recuerdan de POPS #RADIOCHIVISIMA,salvadorenosenelmundo se recuerdan de pops radiochivisima,No Tóxico,0,,,NO,NO,NO,59,6,0,0,2,0
1502,Facebook,2026-07-26,USER_1502,Gustavo Villatoro estas bien pendijin Si a la legalización!!!!,Gustavo Villatoro estas bien pendijin Si a la legalización!!!!,gustavo villatoro estas bien pendijin si a la legalizacion,Lenguaje Ofensivo,1,Insulto Directo,Persona Individual,NO,NO,SÍ,62,9,0,0,0,0
1170,Facebook,2026-06-26,USER_1170,Pleitos de vieja x el nervio aló mejor déjenla que se quiten las ganas,Pleitos de vieja x el nervio aló mejor déjenla que se quiten las ganas,pleitos de vieja x el nervio alo mejor dejenla que se quiten las ganas,No Tóxico,0,,Persona Individual,SÍ,NO,NO,70,14,0,0,0,0
12,X,2026-07-13,USER_012,"Un día como hoy, HACE 153 AÑOS, ocurrió el Gran Terremoto de San José, que destruyó a la ciudad de San Salvador y a otras poblaciones salvadoreñas. #CulturaSV #HemerotecaPersonal @EfemeridesSV","Un día como hoy, HACE 153 AÑOS, ocurrió el Gran Terremoto de San José, que destruyó a la ciudad de San Salvador y a otras poblaciones salvadoreñas. #CulturaSV #HemerotecaPersonal @usuario",un dia como hoy hace anos ocurrio el gran terremoto de san jose que destruyo a la ciudad de san salvador y a otras poblaciones salvadorenas culturasv hemerotecapersonal usuario,No Tóxico,0,,,NO,NO,NO,192,30,0,1,2,0
1779,X,2026-06-07,USER_1779,Este mierda 💩 no se cuando lo van a poner en su puesto ya aburre este hijueputa con sus payasadas,Este mierda :caca_con_ojos: no se cuando lo van a poner en su puesto ya aburre este hijueputa con sus payasadas,este mierda no se cuando lo van a poner en su puesto ya aburre este hijueputa con sus payasadas,Lenguaje Ofensivo,1,Insulto Directo,Persona Individual,NO,NO,NO,97,20,1,0,0,3
2517,Facebook,2026-07-24,USER_2517,Los que toman puras golden ??????,Los que toman puras golden ??????,los que toman puras golden,Lenguaje Ofensivo,1,Clasismo,Personas LGBT,NO,NO,NO,33,6,0,0,0,0
2619,X,2026-06-20,USER_2619,Malditos judíos de mierda,Malditos judíos de mierda,malditos judios de mierda,Discurso de Odio,2,Antisemitismo,Personas judias,NO,NO,NO,25,4,0,0,0,1
915,Facebook,2026-07-23,USER_915,"Excelente trabajo, por favor con pasaporte directo al CECOT, sin lastima.","Excelente trabajo, por favor con pasaporte directo al CECOT, sin lastima.",excelente trabajo por favor con pasaporte directo al cecot sin lastima,Amenazas/Violencia,3,Deseo de Daño,Detenidos señalados,NO,NO,NO,73,11,0,0,0,1
908,Facebook,2026-07-23,USER_908,Al cecot directamente,Al cecot directamente,al cecot directamente,Amenazas/Violencia,3,Deseo de Daño,Delincuentes/pandilleros,NO,NO,NO,21,3,0,0,0,0
531,Facebook,2026-07-14,USER_531,Pense que era una broma de la selección noruega,Pense que era una broma de la selección noruega,pense que era una broma de la seleccion noruega,No Tóxico,0,,,NO,NO,NO,47,9,0,0,0,0
84,X,2026-07-13,USER_084,Disfruta tu finde con nosotros recibimos pedidos para mañana y el sábado @CABUDA_CABUDA #pupusassalvadoreñas #comidasalvadoreña #glutenfree #comerico,Disfruta tu finde con nosotros recibimos pedidos para mañana y el sábado @usuario #pupusassalvadoreñas #comidasalvadoreña #glutenfree #comerico,disfruta tu finde con nosotros recibimos pedidos para manana y el sabado usuario pupusassalvadorenas comidasalvadorena glutenfree comerico,No Tóxico,0,,,NO,NO,NO,149,17,0,1,4,1
1944,X,2026-06-14,USER_1944,Wow con una despensa del Sams que barata salió la puta,Wow con una despensa del Sams que barata salió la puta,wow con una despensa del sams que barata salio la puta,Lenguaje Ofensivo,1,Palabras Obscenas,,SÍ,SÍ,NO,54,11,0,0,0,2
186,X,2026-07-13,USER_186,Carmen Salinas Estudió en la Universidad de El Salvador Desde 1997 se desempeña como Jefa de Biblioteca en el ISSS. Fue presidenta en la Asociación de Bibliotecarios de El Salvador en el 2006 al 2008. #OrgulloABES #Bibliotecaria #MujerSalvadoreña #TODOSSOMOSABES,Carmen Salinas Estudió en la Universidad de El Salvador Desde 1997 se desempeña como Jefa de Biblioteca en el ISSS. Fue presidenta en la Asociación de Bibliotecarios de El Salvador en el 2006 al 2008. #OrgulloABES #Bibliotecaria #MujerSalvadoreña #TODOSSOMOSABES,carmen salinas estudio en la universidad de el salvador desde se desempena como jefa de biblioteca en el isss fue presidenta en la asociacion de bibliotecarios de el salvador en el al orgulloabes bibliotecaria mujersalvadorena todossomosabes,No Tóxico,0,,,NO,NO,NO,262,39,0,0,4,0
1959,X,2026-06-14,USER_1959,".@SebastianNohra siendo lo que sabe ser, un imbecil.",".@usuario siendo lo que sabe ser, un imbecil.",usuario siendo lo que sabe ser un imbecil,Lenguaje Ofensivo,1,Insulto Directo,Persona Individual,SÍ,NO,NO,52,8,0,1,0,1
2981,X,2026-07-05,USER_2981,"""Mi jefe"" dice el veneco mitómano y delirante éste jajaja Agradezcan que no los tenemos a latigazos cosechando cerezas, negros de mierda","""Mi jefe"" dice el veneco mitómano y delirante éste jajaja Agradezcan que no los tenemos a latigazos cosechando cerezas, negros de mierda",mi jefe dice el veneco mitomano y delirante este jajaja agradezcan que no los tenemos a latigazos cosechando cerezas negros de mierda,Amenazas/Violencia,3,Amenaza Implícita,Personas negras o racializadas,NO,NO,NO,136,22,0,0,0,2
1557,X,2026-05-24,USER_1557,"Estos corruptos, ladrones, incapaces, populistas, pandilleros, coyotes y traficantes, no respetan ni a su mamá... y no estoy hablando de los diputados.","Estos corruptos, ladrones, incapaces, populistas, pandilleros, coyotes y traficantes, no respetan ni a su mamá... y no estoy hablando de los diputados.",estos corruptos ladrones incapaces populistas pandilleros coyotes y traficantes no respetan ni a su mama y no estoy hablando de los diputados,Lenguaje Ofensivo,1,Insulto Directo,,SÍ,SÍ,SÍ,151,22,0,0,0,2
2997,X,2026-06-06,USER_2997,"y siguio porque hay gente que lo banco a muerte que era mucha mas que estos ""periodistas"" y los negros de mierda esos, asi como messi sigue siendo del barsa aunque probablemente se canso de leer que ""no quiere al barsa"" o el ""messi fundio al club"" -","y siguio porque hay gente que lo banco a muerte que era mucha mas que estos ""periodistas"" y los negros de mierda esos, asi como messi sigue siendo del barsa aunque probablemente se canso de leer que ""no quiere al barsa"" o el ""messi fundio al club"" -",y siguio porque hay gente que lo banco a muerte que era mucha mas que estos periodistas y los negros de mierda esos asi como messi sigue siendo del barsa aunque probablemente se canso de leer que no quiere al barsa o el messi fundio al club,Discurso de Odio,2,Racismo,Personas negras o racializadas,NO,NO,NO,249,48,0,0,0,3
2279,Facebook,2026-07-23,USER_2279,"Nomas qje al enano hambrientino nadie le gane, el rompe récord en robos, ya la copa la tiene en su casa seguro jajaja no se contesta a ardidos jaja y punto jaja","Nomas qje al enano hambrientino nadie le gane, el rompe récord en robos, ya la copa la tiene en su casa seguro jajaja no se contesta a ardidos jaja y punto jaja",nomas qje al enano hambrientino nadie le gane el rompe record en robos ya la copa la tiene en su casa seguro jajaja no se contesta a ardidos jaja y punto jaja,Discurso de Odio,2,Estigmatización Nacional,Argentinos,NO,NO,NO,160,32,0,0,0,1
635,Facebook,2026-07-14,USER_635,Esta más cerca la muerte y esa es la venida de cristo para los que mueren porque ahí termina la oportunidad de ser salvos recuerdoden que para los que mueren ahí terminan las esperanzas depende como ayan vivido así será lo que Dios decida en el gran trono blanco para algunos primero la muerte para los que estén vivos el rapto para los que se queden del rapto la gran tribulación después de 7 años la bebida de cristo donde dise la palabra de Dios que todo ojo le vera,Esta más cerca la muerte y esa es la venida de cristo para los que mueren porque ahí termina la oportunidad de ser salvos recuerdoden que para los que mueren ahí terminan las esperanzas depende como ayan vivido así será lo que Dios decida en el gran trono blanco para algunos primero la muerte para los que estén vivos el rapto para los que se queden del rapto la gran tribulación después de 7 años la bebida de cristo donde dise la palabra de Dios que todo ojo le vera,esta mas cerca la muerte y esa es la venida de cristo para los que mueren porque ahi termina la oportunidad de ser salvos recuerdoden que para los que mueren ahi terminan las esperanzas depende como ayan vivido asi sera lo que dios decida en el gran trono blanco para algunos primero la muerte para los que esten vivos el rapto para los que se queden del rapto la gran tribulacion despues de anos la bebida de cristo donde dise la palabra de dios que todo ojo le vera,No Tóxico,0,,,NO,NO,NO,469,90,0,0,0,2
1137,Facebook,2026-06-25,USER_1137,"En un mundo ordinario los idiotas son genios, y todos esa bola de idiot, en esa casa no aportan nada positivo a la sociedad","En un mundo ordinario los idiotas son genios, y todos esa bola de idiot, en esa casa no aportan nada positivo a la sociedad",en un mundo ordinario los idiotas son genios y todos esa bola de idiot en esa casa no aportan nada positivo a la sociedad,Lenguaje Ofensivo,1,Insulto Directo,,NO,NO,NO,123,24,0,0,0,1
1803,X,2026-06-07,USER_1803,Que coma mierda el bolillo gomez,Que coma mierda el bolillo gomez,que coma mierda el bolillo gomez,Lenguaje Ofensivo,1,Insulto Directo,Persona Individual,NO,NO,NO,32,6,0,0,0,1
2824,X,2026-07-08,USER_2824,"Como odio a los gitanos de mierda, se tienen que pudrirse todos, siempre te venden sahumerios o mierdas que huelen mal, te intentan sacar plata y huelen mal, el odio de iorio hacia los hippies es como yo hacia los gitanos","Como odio a los gitanos de mierda, se tienen que pudrirse todos, siempre te venden sahumerios o mierdas que huelen mal, te intentan sacar plata y huelen mal, el odio de iorio hacia los hippies es como yo hacia los gitanos",como odio a los gitanos de mierda se tienen que pudrirse todos siempre te venden sahumerios o mierdas que huelen mal te intentan sacar plata y huelen mal el odio de iorio hacia los hippies es como yo hacia los gitanos,Amenazas/Violencia,3,Deseo de Daño,Personas gitanas,NO,NO,NO,221,41,0,0,0,1
1449,Facebook,2026-06-14,USER_1449,Hdpmilputas bocon y cobarde,Hdpmilputas bocon y cobarde,hdpmilputas bocon y cobarde,Lenguaje Ofensivo,1,Insulto Directo,Persona Individual,NO,NO,SÍ,27,4,0,0,0,0
1370,Facebook,2026-06-25,USER_1370,Y todos los pa$mados que le donan dinero alquilando y en bus 😂,Y todos los pa$mados que le donan dinero alquilando y en bus :cara_llorando_de_risa:,y todos los pa mados que le donan dinero alquilando y en bus,Lenguaje Ofensivo,1,Insulto Directo,Persona Individual,SÍ,NO,NO,62,13,1,0,0,0
444,X,2026-07-14,USER_444,"Bueno, hay que darle piso ya que no hace nada bueno y dice que es de la pandilla, el pueblo debe también utilizar el Lema. Pandillero visto, pandillero Muerto....¡¡¡¡¡¡","Bueno, hay que darle piso ya que no hace nada bueno y dice que es de la pandilla, el pueblo debe también utilizar el Lema. Pandillero visto, pandillero Muerto....¡¡¡¡¡¡",bueno hay que darle piso ya que no hace nada bueno y dice que es de la pandilla el pueblo debe tambien utilizar el lema pandillero visto pandillero muerto,Amenazas/Violencia,3,Incitación a la Violencia,Pandilleros,NO,NO,NO,168,29,0,0,0,2
1905,X,2026-07-08,USER_1905,Este pendejo todo el tiempo metiéndose con el origen geográfico de las personas. Claro como carece de identidad en su país de origen es un cero análisis la izquierda y en El Salvador ni la madre lo tolera.,Este pendejo todo el tiempo metiéndose con el origen geográfico de las personas. Claro como carece de identidad en su país de origen es un cero análisis la izquierda y en El Salvador ni la madre lo tolera.,este pendejo todo el tiempo metiendose con el origen geografico de las personas claro como carece de identidad en su pais de origen es un cero analisis la izquierda y en el salvador ni la madre lo tolera,Lenguaje Ofensivo,1,Insulto Directo,Persona Individual,SÍ,NO,SÍ,205,38,0,0,0,2
197,X,2026-07-14,USER_197,"Presidente Nayib Bukele destaca seguridad, educación y patriotismo en su mensaje por los 204 años de independencia. ¡Celebremos nuestra libertad y unión! Léalo aquí https:// shre.ink/SClo #IndependenciaSV #MensajePresidencial @PresidenciaSV @SecPrensaSV","Presidente Nayib Bukele destaca seguridad, educación y patriotismo en su mensaje por los 204 años de independencia. ¡Celebremos nuestra libertad y unión! Léalo aquí https:// shre.ink/SClo #IndependenciaSV #MensajePresidencial @usuario @usuario",presidente nayib bukele destaca seguridad educacion y patriotismo en su mensaje por los anos de independencia celebremos nuestra libertad y union lealo aqui https shre ink sclo independenciasv mensajepresidencial usuario usuario,No Tóxico,0,,,NO,NO,SÍ,253,30,0,2,2,0
1665,X,2026-06-02,USER_1665,"Está gente p3ndja no merecen que les ayuden a nada, creo que estarían mejor con los pandilleros en las calles y siendo gobernados por el Frente y Arena.","Está gente p3ndja no merecen que les ayuden a nada, creo que estarían mejor con los pandilleros en las calles y siendo gobernados por el Frente y Arena.",esta gente p ndja no merecen que les ayuden a nada creo que estarian mejor con los pandilleros en las calles y siendo gobernados por el frente y arena,Lenguaje Ofensivo,1,Insulto Directo,,NO,NO,SÍ,152,28,0,0,0,2
1472,Facebook,2026-06-14,USER_1472,Todos estos cerotes son troleros q les paga el narcogobierno con nuestros impuestos para poder desprestigiar a los q están sacando la verdad sobre ellos y q no quieren q el pueblo cd cuenta y es así como los narcogobiernos actúan,Todos estos cerotes son troleros q les paga el narcogobierno con nuestros impuestos para poder desprestigiar a los q están sacando la verdad sobre ellos y q no quieren q el pueblo cd cuenta y es así como los narcogobiernos actúan,todos estos cerotes son troleros q les paga el narcogobierno con nuestros impuestos para poder desprestigiar a los q estan sacando la verdad sobre ellos y q no quieren q el pueblo cd cuenta y es asi como los narcogobiernos actuan,Lenguaje Ofensivo,1,Insulto Directo,Gobierno,NO,NO,SÍ,229,41,0,0,0,2
2604,X,2026-07-10,USER_2604,"Que cogidos que están, indios de mierda!!! Jaja","Que cogidos que están, indios de mierda!!! Jaja",que cogidos que estan indios de mierda jaja,Discurso de Odio,2,Racismo,Personas indi­genas,NO,NO,NO,47,8,0,0,0,2
2042,X,2026-06-14,USER_2042,"Ya ni en moto se puede andar en Bogotá, que mierda. Al menos tuve tiempo para pensar y preparar en todas las clases de filosofía la próxima semana.","Ya ni en moto se puede andar en Bogotá, que mierda. Al menos tuve tiempo para pensar y preparar en todas las clases de filosofía la próxima semana.",ya ni en moto se puede andar en bogota que mierda al menos tuve tiempo para pensar y preparar en todas las clases de filosofia la proxima semana,Lenguaje Ofensivo,1,Palabras Obscenas,,NO,NO,NO,147,28,0,0,0,1
1522,Facebook,2026-07-26,USER_1522,Que noticia más mierda,Que noticia más mierda,que noticia mas mierda,Lenguaje Ofensivo,1,Palabras Obscenas,,NO,NO,NO,22,4,0,0,0,1
1348,Facebook,2026-06-25,USER_1348,"Bajate,desa nube,la Mico cholco,quiere inbentar,asta le arranco,el peyejo,delos dedos,la gorilita ysu propuesta chuca","Bajate,desa nube,la Mico cholco,quiere inbentar,asta le arranco,el peyejo,delos dedos,la gorilita ysu propuesta chuca",bajate desa nube la mico cholco quiere inbentar asta le arranco el peyejo delos dedos la gorilita ysu propuesta chuca,Lenguaje Ofensivo,1,Insulto Directo,Persona Individual,SÍ,NO,NO,117,13,0,0,0,3
267,X,2026-07-14,USER_267,Si se van a poner a discutir sobre derechos de pandilleros conmigo dele recto !! Para mi eso es basura humana y merecen morir de la peor manera! Si no le gusta ahí está el botón de unfollow,Si se van a poner a discutir sobre derechos de pandilleros conmigo dele recto !! Para mi eso es basura humana y merecen morir de la peor manera! Si no le gusta ahí está el botón de unfollow,si se van a poner a discutir sobre derechos de pandilleros conmigo dele recto para mi eso es basura humana y merecen morir de la peor manera si no le gusta ahi esta el boton de unfollow,Amenazas/Violencia,3,Deseo de Daño,Pandilleros,NO,NO,NO,189,38,0,0,0,3
2609,X,2026-07-01,USER_2609,Sudacas de mierda TERCERMUNDISTAS,Sudacas de mierda TERCERMUNDISTAS,sudacas de mierda tercermundistas,Discurso de Odio,2,Xenofobia,Personas latinoamericanas,NO,NO,NO,33,4,0,0,0,1
1364,Facebook,2026-06-25,USER_1364,Y los jilotes que le pasan regalando dinero no tienen donde caer y está a costillas de ellos tiene casa,Y los jilotes que le pasan regalando dinero no tienen donde caer y está a costillas de ellos tiene casa,y los jilotes que le pasan regalando dinero no tienen donde caer y esta a costillas de ellos tiene casa,Lenguaje Ofensivo,1,Insulto Directo,Persona Individual,NO,NO,NO,103,20,0,0,0,0
1743,X,2026-06-07,USER_1743,CONVOCATORIA PARA !!!HOY!!! SI NO LLEGAS EL PROBLEMA DEL MEDIO AMBIENTE ES DEL SALVADOREÑO. HIJOS DE PUTA,CONVOCATORIA PARA !!!HOY!!! SI NO LLEGAS EL PROBLEMA DEL MEDIO AMBIENTE ES DEL SALVADOREÑO. HIJOS DE PUTA,convocatoria para hoy si no llegas el problema del medio ambiente es del salvadoreno hijos de puta,Lenguaje Ofensivo,1,Insulto Directo,,NO,NO,NO,105,17,0,0,0,1
2094,Facebook,2026-05-29,USER_2094,Más pendejo vos que no sabes diferenciar la IA de verdad gente más estúpida,Más pendejo vos que no sabes diferenciar la IA de verdad gente más estúpida,mas pendejo vos que no sabes diferenciar la ia de verdad gente mas estupida,Lenguaje Ofensivo,1,Insulto Directo,Persona individual,NO,NO,NO,75,14,0,0,0,1
27,X,2026-07-13,USER_027,#Consumamoslocal #EmprendimientoSV Dios le siga dando ánimos para salir adelante!!! https:// t.co/9fJoYEiYwU,#Consumamoslocal #EmprendimientoSV Dios le siga dando ánimos para salir adelante!!! https:// t.co/9fJoYEiYwU,consumamoslocal emprendimientosv dios le siga dando animos para salir adelante https t co fjoyeiywu,No Tóxico,0,,,NO,NO,NO,108,12,0,0,2,0
3002,X,2026-06-28,USER_3002,Y quienes son estos negros de mierda son kirchneristas o de algún país musulman???,Y quienes son estos negros de mierda son kirchneristas o de algún país musulman???,y quienes son estos negros de mierda son kirchneristas o de algun pais musulman,Discurso de Odio,2,Racismo,Personas musulmanas,NO,NO,NO,82,14,0,0,0,2
771,Facebook,2026-07-18,USER_771,"Que los metan a ellos al cecot. Tambien. Y q, se les quite la bulla.","Que los metan a ellos al cecot. Tambien. Y q, se les quite la bulla.",que los metan a ellos al cecot tambien y q se les quite la bulla,No Tóxico,0,,Individuo/Grupo (figuras políticas/religiosas críticas),NO,NO,SÍ,68,15,0,0,0,0
1191,Facebook,2026-06-26,USER_1191,Cómo todos los países latinmrs. Tiene zonas bonitas y partes feas ..... Aún estados unidos tiene áreas terribles no digamos latinoamérica,Cómo todos los países latinmrs. Tiene zonas bonitas y partes feas ..... Aún estados unidos tiene áreas terribles no digamos latinoamérica,como todos los paises latinmrs tiene zonas bonitas y partes feas aun estados unidos tiene areas terribles no digamos latinoamerica,No Tóxico,0,,Persona Individual,SÍ,NO,NO,137,21,0,0,0,0
2125,Facebook,2026-06-06,USER_2125,Shamir Herrera también! los 3 entrenadores de Argentina que lograron el mundial fueron argentinos.,Shamir Herrera también! los 3 entrenadores de Argentina que lograron el mundial fueron argentinos.,shamir herrera tambien los entrenadores de argentina que lograron el mundial fueron argentinos,No Tóxico,0,,Personas argentinas,SI,SI,NO,98,14,0,0,0,0
1813,X,2026-06-07,USER_1813,SÍIIII!!! BASURA DE MIERDA ESA,SÍIIII!!! BASURA DE MIERDA ESA,siiiii basura de mierda esa,Lenguaje Ofensivo,1,Insulto Directo,,NO,NO,NO,30,5,0,0,0,2
1736,X,2026-06-04,USER_1736,"Solo un pendejo votara por vos HDP asqueroso como vos. Timador, asilado. Ni regresar a El Salvador podes basura.","Solo un pendejo votara por vos HDP asqueroso como vos. Timador, asilado. Ni regresar a El Salvador podes basura.",solo un pendejo votara por vos hdp asqueroso como vos timador asilado ni regresar a el salvador podes basura,Lenguaje Ofensivo,1,Insulto Directo,Persona Individual,NO,NO,SÍ,112,19,0,0,0,4
464,X,2026-07-14,USER_464,"Que no quede ninguno suelto, sigamos hasta acabar con los mareros. Siga adelante diputado.","Que no quede ninguno suelto, sigamos hasta acabar con los mareros. Siga adelante diputado.",que no quede ninguno suelto sigamos hasta acabar con los mareros siga adelante diputado,Amenazas/Violencia,3,Incitación a la Violencia,Pandilleros/Mareros,NO,NO,SÍ,90,14,0,0,0,2
2016,X,2026-06-14,USER_2016,Ni le hagas caso a ese pendejo; con lo único que le tiran a tigres es con las Concachampions y nosotros tenemos hasta más de esas...,Ni le hagas caso a ese pendejo; con lo único que le tiran a tigres es con las Concachampions y nosotros tenemos hasta más de esas...,ni le hagas caso a ese pendejo con lo unico que le tiran a tigres es con las concachampions y nosotros tenemos hasta mas de esas,Lenguaje Ofensivo,1,Insulto Directo,Persona Individual,NO,NO,NO,132,26,0,0,0,2
2260,Facebook,2026-07-12,USER_2260,Argentina no paso legalmente le ayudo la FIFA los árbitros Infantino ENTONCES INGLATERRA TIENE QUE GANAR,Argentina no paso legalmente le ayudo la FIFA los árbitros Infantino ENTONCES INGLATERRA TIENE QUE GANAR,argentina no paso legalmente le ayudo la fifa los arbitros infantino entonces inglaterra tiene que ganar,No Tóxico,0,,Personas argentinas,SI,SI,NO,104,16,0,0,0,0
1132,Facebook,2026-06-25,USER_1132,"mientras hayan pnds,habran otros pnds haciendo pndejads!","mientras hayan pnds,habran otros pnds haciendo pndejads!",mientras hayan pnds habran otros pnds haciendo pndejads,Lenguaje Ofensivo,1,Insulto Directo,,NO,NO,NO,56,7,0,0,0,0
191,X,2026-07-13,USER_191,#NavidadSV Miles de salvadoreños dan la bienvenida a la época navideña en la Plaza Salvador del Mundo.,#NavidadSV Miles de salvadoreños dan la bienvenida a la época navideña en la Plaza Salvador del Mundo.,navidadsv miles de salvadorenos dan la bienvenida a la epoca navidena en la plaza salvador del mundo,No Tóxico,0,,,NO,NO,NO,102,17,0,0,1,0
2100,Facebook,2026-06-14,USER_2100,Crus Ramiro cuando eres pendejo hasta a Dios le das las gracias no te equivoques tu Dios es un piche viejillo nalgas miadas pobre de ti,Crus Ramiro cuando eres pendejo hasta a Dios le das las gracias no te equivoques tu Dios es un piche viejillo nalgas miadas pobre de ti,crus ramiro cuando eres pendejo hasta a dios le das las gracias no te equivoques tu dios es un piche viejillo nalgas miadas pobre de ti,Lenguaje Ofensivo,1,Insulto Directo,Persona individual,NO,NO,NO,135,26,0,0,0,1
1180,Facebook,2026-06-26,USER_1180,El Prófugo es curtido 😫😂😂,El Prófugo es curtido :cara_cansada: :cara_llorando_de_risa: :cara_llorando_de_risa:,el profugo es curtido,No Tóxico,0,,Persona Individual,SÍ,NO,SÍ,25,5,3,0,0,0
2114,Facebook,2026-06-12,USER_2114,"Martin Fernandez Sabemos que los Argentinos estamos trabajando mucho,para salir del desastre económico que nos dejaron. La elección del Presidente Javier Milei que es Economista Universitario junto a su equipo económico están trabajando también para sacar adelante a Argentina. Con las buenas noticias de Economía: Cuáles son los datos para comparar: Noviembre 2023 y Julio 2026. Reducción del Riesgo País. Reducción de la inflación. Estabilidad del dólar. Cumplimientos con los Vencimientos a los Bonistas y otras obligaciones de Vencimientos. Aquí los datos que provee la IA Géminis de Google: El panorama macroeconómico de la Argentina ha registrado un cambio profundo. Al contrastar las variables clave entre el cierre de la gestión anterior (**noviembre de 2023**) y el escenario actual (**julio de 2026**), las cifras muestran un proceso de estabilización y ordenamiento fiscal muy marcado. A continuación, se detalla la comparativa directa basada en los datos oficiales de ambos períodos: ### 1. Reducción del Riesgo País El Riesgo País (medido por el indicador EMBI de JPMorgan) refleja la confianza de los mercados internacionales en la capacidad de pago del país y es el termómetro del costo de financiamiento. * **Noviembre 2023:** El indicador promediaba niveles sumamente elevados, cerrando el mes en torno a los **1.982 puntos básicos** (con picos que llegaron a superar los 2.600 puntos durante el año). * **Julio 2026:** Como reflejo del orden fiscal y el cumplimiento de compromisos,","Martin Fernandez Sabemos que los Argentinos estamos trabajando mucho,para salir del desastre económico que nos dejaron. La elección del Presidente Javier Milei que es Economista Universitario junto a su equipo económico están trabajando también para sacar adelante a Argentina. Con las buenas noticias de Economía: Cuáles son los datos para comparar: Noviembre 2023 y Julio 2026. Reducción del Riesgo País. Reducción de la inflación. Estabilidad del dólar. Cumplimientos con los Vencimientos a los Bonistas y otras obligaciones de Vencimientos. Aquí los datos que provee la IA Géminis de Google: El panorama macroeconómico de la Argentina ha registrado un cambio profundo. Al contrastar las variables clave entre el cierre de la gestión anterior (**noviembre de 2023**) y el escenario actual (**julio de 2026**), las cifras muestran un proceso de estabilización y ordenamiento fiscal muy marcado. A continuación, se detalla la comparativa directa basada en los datos oficiales de ambos períodos: ### 1. Reducción del Riesgo País El Riesgo País (medido por el indicador EMBI de JPMorgan) refleja la confianza de los mercados internacionales en la capacidad de pago del país y es el termómetro del costo de financiamiento. * **Noviembre 2023:** El indicador promediaba niveles sumamente elevados, cerrando el mes en torno a los **1.982 puntos básicos** (con picos que llegaron a superar los 2.600 puntos durante el año). * **Julio 2026:** Como reflejo del orden fiscal y el cumplimiento de compromisos,",martin fernandez sabemos que los argentinos estamos trabajando mucho para salir del desastre economico que nos dejaron la eleccion del presidente javier milei que es economista universitario junto a su equipo economico estan trabajando tambien para sacar adelante a argentina con las buenas noticias de economia cuales son los datos para comparar noviembre y julio reduccion del riesgo pais reduccion de la inflacion estabilidad del dolar cumplimientos con los vencimientos a los bonistas y otras obligaciones de vencimientos aqui los datos que provee la ia geminis de google el panorama macroeconomico de la argentina ha registrado un cambio profundo al contrastar las variables clave entre el cierre de la gestion anterior noviembre de y el escenario actual julio de las cifras muestran un proceso de estabilizacion y ordenamiento fiscal muy marcado a continuacion se detalla la comparativa directa basada en los datos oficiales de ambos periodos reduccion del riesgo pais el riesgo pais medido por el indicador embi de jpmorgan refleja la confianza de los mercados internacionales en la capacidad de pago del pais y es el termometro del costo de financiamiento noviembre el indicador promediaba niveles sumamente elevados cerrando el mes en torno a los puntos basicos con picos que llegaron a superar los puntos durante el ano julio como reflejo del orden fiscal y el cumplimiento de compromisos,No Tóxico,0,,Personas argentinas,SI,SI,NO,1500,231,0,0,0,1
209,X,2026-07-14,USER_209,"#SanVicenteSV || Personal de @FOVIALITO ejecuta labores de limpieza de tragantes y alcantarillas en la carretera Panamericana sector San Ildefonso, San Vicente, con el objetivo de mantener libres los desagües y evitar las inundaciones y daños en carreteras.","#SanVicenteSV || Personal de @usuario ejecuta labores de limpieza de tragantes y alcantarillas en la carretera Panamericana sector San Ildefonso, San Vicente, con el objetivo de mantener libres los desagües y evitar las inundaciones y daños en carreteras.",sanvicentesv personal de usuario ejecuta labores de limpieza de tragantes y alcantarillas en la carretera panamericana sector san ildefonso san vicente con el objetivo de mantener libres los desagues y evitar las inundaciones y danos en carreteras,No Tóxico,0,,,NO,NO,NO,257,38,0,1,1,1
2850,X,2026-07-15,USER_2850,"na amigo, 15 minutos y nos sacaron a uno disimulen un poco discapacitados de mierda @ric_sastre @Gus_Sastre","na amigo, 15 minutos y nos sacaron a uno disimulen un poco discapacitados de mierda @usuario @usuario",na amigo minutos y nos sacaron a uno disimulen un poco discapacitados de mierda usuario usuario,Discurso de Odio,2,Capacitismo,Personas con discapacidad,NO,NO,NO,107,17,0,2,0,1
1738,X,2026-06-04,USER_1738,"Yo y toda mi familia vamos a votar en contra de ese cerote, ya basta, ni todos los mojarras de mierda van a poder contra la voz popular y el verdadero pueblo salvadoreño.","Yo y toda mi familia vamos a votar en contra de ese cerote, ya basta, ni todos los mojarras de mierda van a poder contra la voz popular y el verdadero pueblo salvadoreño.",yo y toda mi familia vamos a votar en contra de ese cerote ya basta ni todos los mojarras de mierda van a poder contra la voz popular y el verdadero pueblo salvadoreno,Lenguaje Ofensivo,1,Insulto Directo,Grupos Políticos,NO,NO,SÍ,170,33,0,0,0,2
2411,Facebook,2026-07-22,USER_2411,El man: Les ganamos la guerra del fulbo Mi novia: cómo así perrunco (mitad perro mitad tunco),El man: Les ganamos la guerra del fulbo Mi novia: cómo así perrunco (mitad perro mitad tunco),el man les ganamos la guerra del fulbo mi novia como asi perrunco mitad perro mitad tunco,Lenguaje Ofensivo,1,Insulto Directo,Hondureños,NO,NO,NO,93,17,0,0,0,1
96,X,2026-07-13,USER_096,Ellos también merecen protección y cariño #mascotassv @colitasbox @mi_buscando @alertux @PEsperanza503,Ellos también merecen protección y cariño #mascotassv @usuario @usuario @usuario @usuario,ellos tambien merecen proteccion y carino mascotassv usuario usuario usuario usuario,No Tóxico,0,,,NO,NO,NO,102,11,0,4,1,0
2890,X,2026-05-30,USER_2890,"mano dura con esos venezolanos de mierda que solo vienen a robar y andar matando, que bien Ayyy mk","mano dura con esos venezolanos de mierda que solo vienen a robar y andar matando, que bien Ayyy mk",mano dura con esos venezolanos de mierda que solo vienen a robar y andar matando que bien ayyy mk,Discurso de Odio,2,Xenofobia,Personas venezolanas,NO,NO,NO,98,19,0,0,0,2
526,Facebook,2026-07-14,USER_526,Jugará en el FAS ??? WOW,Jugará en el FAS ??? WOW,jugara en el fas wow,No Tóxico,0,,,NO,NO,NO,24,6,0,0,0,0
2359,Facebook,2026-07-22,USER_2359,"Cuando te dieron el diagnóstico de positivo, no se referían a esto??","Cuando te dieron el diagnóstico de positivo, no se referían a esto??",cuando te dieron el diagnostico de positivo no se referian a esto,Discurso de Odio,2,Serofobia,Personas con VIH,NO,NO,NO,68,12,0,0,0,0
2242,Facebook,2026-06-13,USER_2242,Infantino vs negreira,Infantino vs negreira,infantino vs negreira,No Tóxico,0,,Personas argentinas,SI,SI,NO,21,3,0,0,0,0
1382,Facebook,2026-06-25,USER_1382,Todo lo facil primero PROSTITUTO HOY creador de CON TENIDO y despues QUE politico. ????? Como aquel. Ya saven de qjien,Todo lo facil primero PROSTITUTO HOY creador de CON TENIDO y despues QUE politico. ????? Como aquel. Ya saven de qjien,todo lo facil primero prostituto hoy creador de con tenido y despues que politico como aquel ya saven de qjien,Lenguaje Ofensivo,1,Insulto Directo,,SÍ,NO,NO,118,21,0,0,0,1
1804,X,2026-06-07,USER_1804,"Señor pendejo, solo le recuerdo que Bukele activó la Cuarentena en Marzo 2020, no 2019 Esos 170 millones para el Rosales solo los robó y nunca rindió cuentas en que los invirtió No hace falta mucha imaginación para saber que fueron a parar a los Paraísos Fiscales de los Bukele","Señor pendejo, solo le recuerdo que Bukele activó la Cuarentena en Marzo 2020, no 2019 Esos 170 millones para el Rosales solo los robó y nunca rindió cuentas en que los invirtió No hace falta mucha imaginación para saber que fueron a parar a los Paraísos Fiscales de los Bukele",senor pendejo solo le recuerdo que bukele activo la cuarentena en marzo no esos millones para el rosales solo los robo y nunca rindio cuentas en que los invirtio no hace falta mucha imaginacion para saber que fueron a parar a los paraisos fiscales de los bukele,Lenguaje Ofensivo,1,Insulto Directo,Persona Individual,NO,NO,SÍ,277,50,0,0,0,1
646,Facebook,2026-07-14,USER_646,Y como va el viaducto de Los Chorros??,Y como va el viaducto de Los Chorros??,y como va el viaducto de los chorros,No Tóxico,0,,,NO,NO,NO,38,8,0,0,0,0
2195,Facebook,2026-07-08,USER_2195,Messi con Infantino después de cada partido,Messi con Infantino después de cada partido,messi con infantino despues de cada partido,No Tóxico,0,,Personas argentinas,SI,SI,NO,43,7,0,0,0,1
809,Facebook,2026-07-18,USER_809,Vamos a ese cara de tacuazin cara de purgante ojala un dia lo vea en el cecot junto alos parasitos de pandilleros,Vamos a ese cara de tacuazin cara de purgante ojala un dia lo vea en el cecot junto alos parasitos de pandilleros,vamos a ese cara de tacuazin cara de purgante ojala un dia lo vea en el cecot junto alos parasitos de pandilleros,Amenazas/Violencia,3,Deseo de Daño,Individuo (figura política) y pandilleros/mareros,NO,NO,SÍ,113,22,0,0,0,2
388,X,2026-07-14,USER_388,Urge la ley para q les den con todo a estos mareros buenos para nada,Urge la ley para q les den con todo a estos mareros buenos para nada,urge la ley para q les den con todo a estos mareros buenos para nada,Lenguaje Ofensivo,1,Crítica Fuerte,Pandilleros/Mareros,NO,NO,SÍ,68,15,0,0,0,2
251,X,2026-07-14,USER_251,#Internacionales | Turistas europeos compartieron un video mostrando que viajaron desde Europa únicamente para comer #pupusas en El Salvador. : https:// vt.tiktok.com/ZSmp9qRgs/,#Internacionales | Turistas europeos compartieron un video mostrando que viajaron desde Europa únicamente para comer #pupusas en El Salvador. : https:// vt.tiktok.com/ZSmp9qRgs/,internacionales turistas europeos compartieron un video mostrando que viajaron desde europa unicamente para comer pupusas en el salvador https vt tiktok com zsmp qrgs,No Tóxico,0,,,NO,NO,NO,177,22,0,0,2,0
1651,X,2026-05-30,USER_1651,"Por qué siempre tienen una puntería de mierda, son más malos que Isak.","Por qué siempre tienen una puntería de mierda, son más malos que Isak.",por que siempre tienen una punteria de mierda son mas malos que isak,Lenguaje Ofensivo,1,Crítica Fuerte,,NO,NO,NO,70,13,0,0,0,1
2461,Facebook,2026-07-21,USER_2461,Ese wey debería obtener el papel de la película 13 fantasmas el torso,Ese wey debería obtener el papel de la película 13 fantasmas el torso,ese wey deberia obtener el papel de la pelicula fantasmas el torso,Lenguaje Ofensivo,1,Burla,Personas con discapacidad,NO,NO,NO,69,13,0,0,0,0
2942,X,2026-05-28,USER_2942,Deberían matar a estos hijueputas asesinos venezolanos de mierda que plaga tan grande está orda de asesinos y prostitutas Malparidos de mierda,Deberían matar a estos hijueputas asesinos venezolanos de mierda que plaga tan grande está orda de asesinos y prostitutas Malparidos de mierda,deberian matar a estos hijueputas asesinos venezolanos de mierda que plaga tan grande esta orda de asesinos y prostitutas malparidos de mierda,Amenazas/Violencia,3,Incitación a la Violencia,Personas inmigrantes,NO,NO,NO,142,22,0,0,0,3
2511,Facebook,2026-07-21,USER_2511,con esa cara critica el marrón,con esa cara critica el marrón,con esa cara critica el marron,Discurso de Odio,2,Racismo,Personas morenas,NO,NO,NO,30,6,0,0,0,1
2518,Facebook,2026-07-20,USER_2518,"Que rico gemía esa perra, a ver cuándo tengo la oportunidad también ??","Que rico gemía esa perra, a ver cuándo tengo la oportunidad también ??",que rico gemia esa perra a ver cuando tengo la oportunidad tambien,Discurso de Odio,2,Misoginia,Mujeres,NO,NO,NO,70,13,0,0,0,1
2747,X,2026-06-11,USER_2747,Son unos judíos de mierda que por suerte están acabados,Son unos judíos de mierda que por suerte están acabados,son unos judios de mierda que por suerte estan acabados,Discurso de Odio,2,Antisemitismo,Personas judi­as,NO,NO,NO,55,10,0,0,0,1
2936,X,2026-07-07,USER_2936,Hoy salvaron que la mano del final la pudimos ver bien recién al salir de la cancha. Llegaba a haber mejor señal (?) y todavía estabamos en La Bombonera a ver si salían los venezolanos de mierda esos.,Hoy salvaron que la mano del final la pudimos ver bien recién al salir de la cancha. Llegaba a haber mejor señal (?) y todavía estabamos en La Bombonera a ver si salían los venezolanos de mierda esos.,hoy salvaron que la mano del final la pudimos ver bien recien al salir de la cancha llegaba a haber mejor senal y todavia estabamos en la bombonera a ver si salian los venezolanos de mierda esos,Discurso de Odio,2,Xenofobia,Personas inmigrantes,NO,NO,NO,200,38,0,0,0,1
333,X,2026-07-14,USER_333,Entierren se vivos mejor mareros criminales Y todavía tiene el descaro de salir opinando hablando,Entierren se vivos mejor mareros criminales Y todavía tiene el descaro de salir opinando hablando,entierren se vivos mejor mareros criminales y todavia tiene el descaro de salir opinando hablando,Amenazas/Violencia,3,Incitación a la Violencia,Pandilleros/Mareros,NO,NO,NO,97,15,0,0,0,1
817,Facebook,2026-07-18,USER_817,No.los queremos afuera en la calles solo pueden salir en una caja de madera,No.los queremos afuera en la calles solo pueden salir en una caja de madera,no los queremos afuera en la calles solo pueden salir en una caja de madera,Amenazas/Violencia,3,Deseo de Daño,Pandilleros/Reos,NO,NO,NO,75,14,0,0,0,0
2187,Facebook,2026-06-29,USER_2187,Y seas mamón eres Mexicano los argentinos ni nos quieren deberías tener más dignidad jajajajaja,Y seas mamón eres Mexicano los argentinos ni nos quieren deberías tener más dignidad jajajajaja,y seas mamon eres mexicano los argentinos ni nos quieren deberias tener mas dignidad jajajajaja,Lenguaje Ofensivo,1,Insulto Directo,Personas argentinas,SI,SI,NO,95,15,0,0,0,0
2084,X,2026-06-14,USER_2084,El gobierno de la vida @petrogustavo hdp complice de todos estos traficantes. Les entrego el territorio y la vida. Tanto discurso que es solo mierda lo que habla.,El gobierno de la vida @usuario hdp complice de todos estos traficantes. Les entrego el territorio y la vida. Tanto discurso que es solo mierda lo que habla.,el gobierno de la vida usuario hdp complice de todos estos traficantes les entrego el territorio y la vida tanto discurso que es solo mierda lo que habla,Lenguaje Ofensivo,1,Insulto Directo,Funcionarios Públicos,NO,NO,SÍ,162,28,0,1,0,2
1012,Facebook,2026-07-24,USER_1012,Esa de verde........es la mas linda pero todas unas verdaderas bellezas....,Esa de verde........es la mas linda pero todas unas verdaderas bellezas....,esa de verde es la mas linda pero todas unas verdaderas bellezas,No Tóxico,0,,,NO,NO,NO,75,11,0,0,0,0
248,X,2026-07-14,USER_248,fui a #Olocuilta y terminé haciendo las pupusas que comí no es tan fácil como parece… ¿pasé la prueba? #ElSalvador #Pupusas,fui a #Olocuilta y terminé haciendo las pupusas que comí no es tan fácil como parece… ¿pasé la prueba? #ElSalvador #Pupusas,fui a olocuilta y termine haciendo las pupusas que comi no es tan facil como parece pase la prueba elsalvador pupusas,No Tóxico,0,,,NO,SÍ,NO,123,21,0,0,3,0
3007,X,2026-07-07,USER_3007,"que medida populista, kuka, planera, kircha, comunista, son todos negros de mierda que no quieren laburar !!!!!!","que medida populista, kuka, planera, kircha, comunista, son todos negros de mierda que no quieren laburar !!!!!!",que medida populista kuka planera kircha comunista son todos negros de mierda que no quieren laburar,Discurso de Odio,2,Racismo,Personas negras o racializadas,NO,NO,NO,112,17,0,0,0,2
1508,Facebook,2026-07-26,USER_1508,Para ahí van todos los nicas malparidos,Para ahí van todos los nicas malparidos,para ahi van todos los nicas malparidos,Discurso de Odio,2,Xenofobia,,NO,NO,SÍ,39,7,0,0,0,0
991,Facebook,2026-07-24,USER_991,"Menéndez Erickmejor hacer lo que hacen en china, allá si sos un narcoterrorista, fusilado de una. Si hicieramos eso con tanto drogadicto y bolo inservible, nombre avanzamos como sociedad.","Menéndez Erickmejor hacer lo que hacen en china, allá si sos un narcoterrorista, fusilado de una. Si hicieramos eso con tanto drogadicto y bolo inservible, nombre avanzamos como sociedad.",menendez erickmejor hacer lo que hacen en china alla si sos un narcoterrorista fusilado de una si hicieramos eso con tanto drogadicto y bolo inservible nombre avanzamos como sociedad,Amenazas/Violencia,3,Incitación a la Violencia,Grupo,NO,NO,NO,187,29,0,0,0,2
2725,X,2026-06-27,USER_2725,Abrieron la puerta al infierno los indios de mierda estos,Abrieron la puerta al infierno los indios de mierda estos,abrieron la puerta al infierno los indios de mierda estos,Discurso de Odio,2,Racismo,Personas indigenas,NO,NO,NO,57,10,0,0,0,2
44,X,2026-07-13,USER_044,Deep in the Playas of El Salvador. #ElSalvador #playaselsalvador #playaeltunco,Deep in the Playas of El Salvador. #ElSalvador #playaselsalvador #playaeltunco,deep in the playas of el salvador elsalvador playaselsalvador playaeltunco,No Tóxico,0,,,NO,NO,NO,78,10,0,0,3,0
2925,X,2026-07-08,USER_2925,"Ah pero a los venezolanos de mierda que no aportan nada, que solo son un lastre nunca le tiran un gasesito ni nada","Ah pero a los venezolanos de mierda que no aportan nada, que solo son un lastre nunca le tiran un gasesito ni nada",ah pero a los venezolanos de mierda que no aportan nada que solo son un lastre nunca le tiran un gasesito ni nada,Discurso de Odio,2,Xenofobia,Personas inmigrantes,NO,NO,NO,114,23,0,0,0,1
1510,Facebook,2026-07-26,USER_1510,Asta nunca hijo de puta,Asta nunca hijo de puta,asta nunca hijo de puta,Lenguaje Ofensivo,1,Insulto Directo,Persona Individual,NO,NO,NO,23,5,0,0,0,1
1499,Facebook,2026-07-26,USER_1499,Desde que recibió? Quien lo entregó 👀 y porque a ese no lo capturan 😒 y porque Mrd saben de dónde viene 🤨😒 ratas.,Desde que recibió? Quien lo entregó :ojos: y porque a ese no lo capturan :cara_de_desaprobación: y porque Mrd saben de dónde viene :cara_con_ceja_alzada: :cara_de_desaprobación: ratas.,desde que recibio quien lo entrego y porque a ese no lo capturan y porque mrd saben de donde viene ratas,Lenguaje Ofensivo,1,Insulto Directo,Persona Individual,NO,NO,SÍ,113,24,4,0,0,2
1030,Facebook,2026-06-10,USER_1030,PAN Y CIRCO PARA LOS MAJES,PAN Y CIRCO PARA LOS MAJES,pan y circo para los majes,Lenguaje Ofensivo,1,Insulto Directo,,SÍ,SÍ,SÍ,26,6,0,0,0,0
701,Facebook,2026-07-14,USER_701,"Tenía mis dudas con España Pero me cerraron el hocico, partidazo y ahora solo falta ver si se cumple el España vs Argentina","Tenía mis dudas con España Pero me cerraron el hocico, partidazo y ahora solo falta ver si se cumple el España vs Argentina",tenia mis dudas con espana pero me cerraron el hocico partidazo y ahora solo falta ver si se cumple el espana vs argentina,No Tóxico,0,,,NO,SÍ,NO,123,23,0,0,0,2
1277,Facebook,2026-07-12,USER_1277,Haciendo famosos a estos gays para que adoptrinen a niños,Haciendo famosos a estos gays para que adoptrinen a niños,haciendo famosos a estos gays para que adoptrinen a ninos,Discurso de Odio,2,Homofobia,Persona Individual,SÍ,NO,NO,57,10,0,0,0,0
2845,X,2026-07-15,USER_2845,uds no vieron a alguien desnudo en sus vidas q siempre q se filtran nudes se horrorizan manga de discapacitados de mierda busquense un laburitoo Personas que vieron la foto de karina/ personas que no lo vieron,uds no vieron a alguien desnudo en sus vidas q siempre q se filtran nudes se horrorizan manga de discapacitados de mierda busquense un laburitoo Personas que vieron la foto de karina/ personas que no lo vieron,uds no vieron a alguien desnudo en sus vidas q siempre q se filtran nudes se horrorizan manga de discapacitados de mierda busquense un laburitoo personas que vieron la foto de karina personas que no lo vieron,Discurso de Odio,2,Capacitismo,Personas con discapacidad,NO,NO,NO,209,37,0,0,0,1
1236,Facebook,2026-06-26,USER_1236,"Todo lo que a qui se hase a qui se paga y al doble, cuantas personas an lloran ver a sus familias pero por causas de estos maldts hay muchas personas que están sufriendo","Todo lo que a qui se hase a qui se paga y al doble, cuantas personas an lloran ver a sus familias pero por causas de estos maldts hay muchas personas que están sufriendo",todo lo que a qui se hase a qui se paga y al doble cuantas personas an lloran ver a sus familias pero por causas de estos maldts hay muchas personas que estan sufriendo,Lenguaje Ofensivo,1,Insulto Directo,,SÍ,NO,NO,169,34,0,0,0,0
2170,Facebook,2026-07-01,USER_2170,"· Top fanSi mañana gana Argentina, Sin duda vuelve a ser campeón","· Top fanSi mañana gana Argentina, Sin duda vuelve a ser campeón",top fansi manana gana argentina sin duda vuelve a ser campeon,No Tóxico,0,,Personas argentinas,SI,SI,NO,64,12,0,0,0,0
393,X,2026-07-14,USER_393,Si son diputados de arena y fmln dejenlos q se mueran esas ratas,Si son diputados de arena y fmln dejenlos q se mueran esas ratas,si son diputados de arena y fmln dejenlos q se mueran esas ratas,Amenazas/Violencia,3,Deseo de Daño,Individuo (diputados ARENA/FMLN),NO,NO,SÍ,64,13,0,0,0,1
3039,X,2026-07-10,USER_3039,Hay que aplastar a esos indios de mierda.,Hay que aplastar a esos indios de mierda.,hay que aplastar a esos indios de mierda,Amenazas/Violencia,3,Incitación a la Violencia,Personas latinoamericanas,NO,NO,NO,41,8,0,0,0,2
2588,Facebook,2026-07-27,USER_2588,"pero los curitas son pedofi.los, entonces de k se preocupan??","pero los curitas son pedofi.los, entonces de k se preocupan??",pero los curitas son pedofi los entonces de k se preocupan,Lenguaje Ofensivo,1,Crítica Fuerte,"Cristianos, profetas",NO,NO,NO,61,10,0,0,0,0
1450,Facebook,2026-06-14,USER_1450,Tu madre hijos de perrr,Tu madre hijos de perrr,tu madre hijos de perrr,Lenguaje Ofensivo,1,Insulto Directo,Persona Individual,NO,NO,SÍ,23,5,0,0,0,0
1149,Facebook,2026-06-25,USER_1149,Mejor porque de cholera la tenían,Mejor porque de cholera la tenían,mejor porque de cholera la tenian,No Tóxico,0,,Persona Individual,SÍ,NO,NO,33,6,0,0,0,1
1835,X,2026-06-07,USER_1835,"Gran ceroton de excusado, tu no sos nadie o sea si sos un burdo pendejo acabado con infulas pero de cerote. Te veremos en el CECOT sin duda","Gran ceroton de excusado, tu no sos nadie o sea si sos un burdo pendejo acabado con infulas pero de cerote. Te veremos en el CECOT sin duda",gran ceroton de excusado tu no sos nadie o sea si sos un burdo pendejo acabado con infulas pero de cerote te veremos en el cecot sin duda,Lenguaje Ofensivo,1,Insulto Directo,Persona Individual,NO,NO,SÍ,139,28,0,0,0,3
1181,Facebook,2026-06-26,USER_1181,Investiguen quines son los capos. Mucho excremento hace la vida fácil a tanto vago inepto.,Investiguen quines son los capos. Mucho excremento hace la vida fácil a tanto vago inepto.,investiguen quines son los capos mucho excremento hace la vida facil a tanto vago inepto,Lenguaje Ofensivo,1,Insulto Directo,Persona Individual,SÍ,NO,NO,90,15,0,0,0,2
1271,Facebook,2026-07-14,USER_1271,"Quienes realmente preocupan son las personas que le donan a este tipo de escoria, zánganos, mediocres, zanguijuelas, energúmenos y muchas otras cosas que no puedo decir porque me bloquearia facebook.","Quienes realmente preocupan son las personas que le donan a este tipo de escoria, zánganos, mediocres, zanguijuelas, energúmenos y muchas otras cosas que no puedo decir porque me bloquearia facebook.",quienes realmente preocupan son las personas que le donan a este tipo de escoria zanganos mediocres zanguijuelas energumenos y muchas otras cosas que no puedo decir porque me bloquearia facebook,Lenguaje Ofensivo,1,Insulto Directo,Persona Individual,SÍ,NO,NO,199,30,0,0,0,2
1794,X,2026-06-07,USER_1794,Otro Pendejo. Hablando y repetiendo las pendejadas De la oposición internacional. Los Salvadoreños Mandamos en El Salvador. Lo que diga este tarado me lo paso por el arco del triunfo. ….,Otro Pendejo. Hablando y repetiendo las pendejadas De la oposición internacional. Los Salvadoreños Mandamos en El Salvador. Lo que diga este tarado me lo paso por el arco del triunfo. ….,otro pendejo hablando y repetiendo las pendejadas de la oposicion internacional los salvadorenos mandamos en el salvador lo que diga este tarado me lo paso por el arco del triunfo,Lenguaje Ofensivo,1,Insulto Directo,Persona Individual,NO,NO,SÍ,186,31,0,0,0,1
3081,X,2026-06-13,USER_3081,"NADIE LES CREE HIJOS DE PUTA,SOLO QUEREMOS VERLOS DESTRUIDOS JUDIOS DE MIERDA","NADIE LES CREE HIJOS DE PUTA,SOLO QUEREMOS VERLOS DESTRUIDOS JUDIOS DE MIERDA",nadie les cree hijos de puta solo queremos verlos destruidos judios de mierda,Amenazas/Violencia,3,Deseo de Daño,Personas judias,NO,NO,NO,77,12,0,0,0,2
978,Facebook,2026-07-24,USER_978,"Franko Lopez Estas seguro que ra victima? te consta? Y si fue un chambre nomas para que el hombre fuera arrestado porque como a la mujer todo le creen.y si los policias salvatruchos no estan bien preparados, desconocen lenguaje corporal.No saben cuando alguien les miente..Ensen̈ame kos golpes que la mujer tiene y los hijos..ensen̈amelos yaaa..Esperate mejor para que des una opinion..espera que se investigue..Esa ley cerota la confundiwron las mujeres..Pero se les olvida un detallito chiquito..hay hijos, hnos.padres, en la familia.Y tarde o temprano....jujuyyy.Preguntate como va a vivir quien acusoʻ falsamente..CUANDO LES LLEGA EL.KARMA DICEN. ASABER PORQ UÈ LE PASO ESO SI ERA TAN BUENO O BUENA","Franko Lopez Estas seguro que ra victima? te consta? Y si fue un chambre nomas para que el hombre fuera arrestado porque como a la mujer todo le creen.y si los policias salvatruchos no estan bien preparados, desconocen lenguaje corporal.No saben cuando alguien les miente..Ensen̈ame kos golpes que la mujer tiene y los hijos..ensen̈amelos yaaa..Esperate mejor para que des una opinion..espera que se investigue..Esa ley cerota la confundiwron las mujeres..Pero se les olvida un detallito chiquito..hay hijos, hnos.padres, en la familia.Y tarde o temprano....jujuyyy.Preguntate como va a vivir quien acusoʻ falsamente..CUANDO LES LLEGA EL.KARMA DICEN. ASABER PORQ UÈ LE PASO ESO SI ERA TAN BUENO O BUENA",franko lopez estas seguro que ra victima te consta y si fue un chambre nomas para que el hombre fuera arrestado porque como a la mujer todo le creen y si los policias salvatruchos no estan bien preparados desconocen lenguaje corporal no saben cuando alguien les miente ensename kos golpes que la mujer tiene y los hijos ensenamelos yaaa esperate mejor para que des una opinion espera que se investigue esa ley cerota la confundiwron las mujeres pero se les olvida un detallito chiquito hay hijos hnos padres en la familia y tarde o temprano jujuyyy preguntate como va a vivir quien acusoʻ falsamente cuando les llega el karma dicen asaber porq ue le paso eso si era tan bueno o buena,No Tóxico,0,,Individuo,NO,NO,NO,702,107,0,0,0,2
1583,X,2026-05-24,USER_1583,A la mierda con esa 💩💩💩HDP mal parido.,A la mierda con esa :caca_con_ojos: :caca_con_ojos: :caca_con_ojos: HDP mal parido.,a la mierda con esa hdp mal parido,Lenguaje Ofensivo,1,Insulto Directo,Persona Individual,NO,NO,SÍ,38,8,3,0,0,3
1140,Facebook,2026-06-25,USER_1140,El hecho que a las moscas le guste la mi3rda no quiere decir que sea buena 🤣,El hecho que a las moscas le guste la mi3rda no quiere decir que sea buena :cara_revolviéndose_de_la_risa:,el hecho que a las moscas le guste la mi rda no quiere decir que sea buena,Lenguaje Ofensivo,1,Insulto Directo,,SÍ,SÍ,NO,76,17,1,0,0,1
2611,X,2026-05-29,USER_2611,Inglaterra: listo ya les ganamos 1 a 0 a estos sudacas de mierda Enzo Fernández y el Toro Martínez en los últimos 10 minutos:,Inglaterra: listo ya les ganamos 1 a 0 a estos sudacas de mierda Enzo Fernández y el Toro Martínez en los últimos 10 minutos:,inglaterra listo ya les ganamos a a estos sudacas de mierda enzo fernandez y el toro martinez en los ultimos minutos,Discurso de Odio,2,Xenofobia,Personas latinoamericanas,NO,NO,NO,125,24,0,0,0,1
1530,Facebook,2026-07-26,USER_1530,Por zorra y cerota deberían demandarte,Por zorra y cerota deberían demandarte,por zorra y cerota deberian demandarte,Lenguaje Ofensivo,1,Insulto Directo,Persona Individual,NO,NO,NO,38,6,0,0,0,2
1276,Facebook,2026-07-12,USER_1276,"Pipianes, ridiculos, pedigüeños, tan jóvenes y mendigos, teniendo energías para trabajar","Pipianes, ridiculos, pedigüeños, tan jóvenes y mendigos, teniendo energías para trabajar",pipianes ridiculos pediguenos tan jovenes y mendigos teniendo energias para trabajar,Lenguaje Ofensivo,1,Insulto Directo,,SÍ,SÍ,NO,88,11,0,0,0,0
2729,X,2026-06-25,USER_2729,"Nadie quiere nada de ustedes, indios de mierda. Con la Patagonia estamos satisfechos. Ojala los termine de tapar el mar","Nadie quiere nada de ustedes, indios de mierda. Con la Patagonia estamos satisfechos. Ojala los termine de tapar el mar",nadie quiere nada de ustedes indios de mierda con la patagonia estamos satisfechos ojala los termine de tapar el mar,Amenazas/Violencia,3,Deseo de Daño,Personas indigenas,NO,NO,NO,119,20,0,0,0,3
2189,Facebook,2026-05-29,USER_2189,"El mensaje de Messi para los hinchas argentinos: ""SOMOS LOS MEJORES ESTOS CUATRO AÑOS, DUELA A QUIEN LE DUELA. NADIE NOS REGALÓ NADA. CONSEGUIR DOS FINALES SEGUIDAS ES PARA POCOS"".","El mensaje de Messi para los hinchas argentinos: ""SOMOS LOS MEJORES ESTOS CUATRO AÑOS, DUELA A QUIEN LE DUELA. NADIE NOS REGALÓ NADA. CONSEGUIR DOS FINALES SEGUIDAS ES PARA POCOS"".",el mensaje de messi para los hinchas argentinos somos los mejores estos cuatro anos duela a quien le duela nadie nos regalo nada conseguir dos finales seguidas es para pocos,No Tóxico,0,,Personas argentinas,SI,SI,NO,180,30,0,0,0,0
2118,Facebook,2026-06-16,USER_2118,· Top fanEl significado de FIFA( Federación Internacional a Favor de Argentina),· Top fanEl significado de FIFA( Federación Internacional a Favor de Argentina),top fanel significado de fifa federacion internacional a favor de argentina,No Tóxico,0,,Personas argentinas,SI,SI,NO,79,12,0,0,0,0
1336,Facebook,2026-06-25,USER_1336,Que asquito 😂😂,Que asquito :cara_llorando_de_risa: :cara_llorando_de_risa:,que asquito,Lenguaje Ofensivo,1,Tono Agresivo,Persona Individual,SÍ,NO,NO,14,3,2,0,0,0
2108,Facebook,2026-07-11,USER_2108,MUJER ..APOLLO TOTALMENTE ....Y GOZAS DE MI ABSOLUTA ADMIRACION ....ARGENTINA PATRIOTA...DEFENSORA DE MUESTROS DERECHOS,MUJER ..APOLLO TOTALMENTE ....Y GOZAS DE MI ABSOLUTA ADMIRACION ....ARGENTINA PATRIOTA...DEFENSORA DE MUESTROS DERECHOS,mujer apollo totalmente y gozas de mi absoluta admiracion argentina patriota defensora de muestros derechos,No Tóxico,0,,Personas argentinas,SI,SI,NO,119,14,0,0,0,0
2574,Facebook,2026-07-23,USER_2574,"vuelvo y te digo que si fuera gay,no me gustaran hambrezolanos,ya que las perrazolana que hay aquí en los cabaret,dicen que a ustedes no se le para.","vuelvo y te digo que si fuera gay,no me gustaran hambrezolanos,ya que las perrazolana que hay aquí en los cabaret,dicen que a ustedes no se le para.",vuelvo y te digo que si fuera gay no me gustaran hambrezolanos ya que las perrazolana que hay aqui en los cabaret dicen que a ustedes no se le para,Discurso de Odio,2,Xenofobia,Venezolanos,NO,NO,NO,148,27,0,0,0,0
860,Facebook,2026-07-19,USER_860,Perodarbeneno,Perodarbeneno,perodarbeneno,Amenazas/Violencia,3,Deseo de Daño,Individuo/politico señalado,NO,NO,NO,13,1,0,0,0,0
1034,Facebook,2026-06-10,USER_1034,Facundo Cabral lo dijo con santo y seña: LE TENGO MIEDO A LOS PENDEJOS... ¿POR QUÉ? .... POR QUE SON MUCHOS....!!!,Facundo Cabral lo dijo con santo y seña: LE TENGO MIEDO A LOS PENDEJOS... ¿POR QUÉ? .... POR QUE SON MUCHOS....!!!,facundo cabral lo dijo con santo y sena le tengo miedo a los pendejos por que por que son muchos,Lenguaje Ofensivo,1,Palabras Obscenas,,SÍ,SÍ,NO,114,21,0,0,0,2
18,X,2026-07-13,USER_018,El Salvador lo tiene todo Así se vive la seguridad bajo el liderazgo de Nayib Bukele en El Salvador #visitelsalvador,El Salvador lo tiene todo Así se vive la seguridad bajo el liderazgo de Nayib Bukele en El Salvador #visitelsalvador,el salvador lo tiene todo asi se vive la seguridad bajo el liderazgo de nayib bukele en el salvador visitelsalvador,No Tóxico,0,,,NO,NO,SÍ,116,20,0,0,1,0
1241,Facebook,2026-07-14,USER_1241,A ESTOS PARÁSITOS SANDIJUELAS CRICHAS DE ARENA Y FMLN CON 50 AÑOS EN EL CECOT ESTARAN FELICES,A ESTOS PARÁSITOS SANDIJUELAS CRICHAS DE ARENA Y FMLN CON 50 AÑOS EN EL CECOT ESTARAN FELICES,a estos parasitos sandijuelas crichas de arena y fmln con anos en el cecot estaran felices,Lenguaje Ofensivo,1,Insulto Directo,Persona Individual,SÍ,NO,NO,93,17,0,0,0,2
1143,Facebook,2026-06-25,USER_1143,Un millón de idiotas,Un millón de idiotas,un millon de idiotas,Lenguaje Ofensivo,1,Insulto Directo,,NO,NO,NO,20,4,0,0,0,0
1506,Facebook,2026-07-26,USER_1506,A chillar al cecot malnacido,A chillar al cecot malnacido,a chillar al cecot malnacido,Amenazas/Violencia,3,Deseo de Dano,Persona Individual,NO,NO,SÍ,28,5,0,0,0,0
2813,X,2026-06-10,USER_2813,Con esos judíos de mierda nadie sería feliz,Con esos judíos de mierda nadie sería feliz,con esos judios de mierda nadie seria feliz,Discurso de Odio,2,Antisemitismo,Personas judi­as,NO,NO,NO,43,8,0,0,0,2
1217,Facebook,2026-06-26,USER_1217,#NOALAIMPUNIDAD que sea procesado como todos los asesinos que pendejada estaría haciendo para que se disparará accidentalmente y así nos garantizan la seguridad,#NOALAIMPUNIDAD que sea procesado como todos los asesinos que pendejada estaría haciendo para que se disparará accidentalmente y así nos garantizan la seguridad,noalaimpunidad que sea procesado como todos los asesinos que pendejada estaria haciendo para que se disparara accidentalmente y asi nos garantizan la seguridad,Lenguaje Ofensivo,1,Palabras Obscenas,,NO,NO,NO,160,23,0,0,1,0
2324,Facebook,2026-07-21,USER_2324,Mechicooo sin cuartos y sin la mitad de su país. Y sin brazo y piernas,Mechicooo sin cuartos y sin la mitad de su país. Y sin brazo y piernas,mechicooo sin cuartos y sin la mitad de su pais y sin brazo y piernas,Lenguaje Ofensivo,1,Insulto Directo,Mexicanos,NO,NO,NO,70,15,0,0,0,0
2965,X,2026-06-19,USER_2965,Se integran? No has pisado jamás una villa para ver la mugre que son. No construyen y no progresan; son la antítesis del ciudadano argentino. Igual de mugre que los venezolanos de mierda. Este país se deja bajar los pantalones por cualquiera marron.,Se integran? No has pisado jamás una villa para ver la mugre que son. No construyen y no progresan; son la antítesis del ciudadano argentino. Igual de mugre que los venezolanos de mierda. Este país se deja bajar los pantalones por cualquiera marron.,se integran no has pisado jamas una villa para ver la mugre que son no construyen y no progresan son la antitesis del ciudadano argentino igual de mugre que los venezolanos de mierda este pais se deja bajar los pantalones por cualquiera marron,Discurso de Odio,2,Xenofobia,Personas latinoamericanas,NO,NO,NO,249,43,0,0,0,1
1074,Facebook,2026-06-14,USER_1074,Gana más en el putero que estándo ahí maes es de entender está perdiendo plata por estar ahí,Gana más en el putero que estándo ahí maes es de entender está perdiendo plata por estar ahí,gana mas en el putero que estando ahi maes es de entender esta perdiendo plata por estar ahi,Lenguaje Ofensivo,1,Insulto Directo,Persona Individual,NO,NO,NO,92,18,0,0,0,0
616,Facebook,2026-07-14,USER_616,Un vuelo directo desde aquí hasta Belice,Un vuelo directo desde aquí hasta Belice,un vuelo directo desde aqui hasta belice,No Tóxico,0,,,NO,NO,NO,40,7,0,0,0,0
102,X,2026-07-13,USER_102,#ElSalvador100Discos 95 Alma de Cuzcatlán -Pancho Lara- Varios 2025 #MusicaSV #PanchoLara,#ElSalvador100Discos 95 Alma de Cuzcatlán -Pancho Lara- Varios 2025 #MusicaSV #PanchoLara,elsalvador discos alma de cuzcatlan pancho lara varios musicasv pancholara,No Tóxico,0,,,NO,NO,NO,89,11,0,0,3,0
945,Facebook,2026-07-24,USER_945,Tiremoles un bombazo lo que este alli quese muera alfin da lo mismo,Tiremoles un bombazo lo que este alli quese muera alfin da lo mismo,tiremoles un bombazo lo que este alli quese muera alfin da lo mismo,Amenazas/Violencia,3,Incitación a la Violencia,Grupo,NO,NO,NO,67,13,0,0,0,1
2069,X,2026-07-08,USER_2069,Todo Centroamérica en contra de estos mejichangos pata sucia 💪,Todo Centroamérica en contra de estos mejichangos pata sucia :bíceps_flexionado:,todo centroamerica en contra de estos mejichangos pata sucia,Discurso de Odio,2,Xenofobia,Mexicanos,NO,NO,SÍ,62,10,1,0,0,0
1606,X,2026-05-30,USER_1606,Pobre rabiosa. Ya esta sintiendo el acido de haber perdido el hueso.,Pobre rabiosa. Ya esta sintiendo el acido de haber perdido el hueso.,pobre rabiosa ya esta sintiendo el acido de haber perdido el hueso,Lenguaje Ofensivo,1,Insulto Directo,Persona Individual,SÍ,NO,NO,68,12,0,0,0,0
161,X,2026-07-13,USER_161,En este lugar del mundo puedes estar un día en la playa y al siguiente en la montaña o el lago así de maravilloso es mi país El Salvador #ElSalvador #TurismoInternoSv,En este lugar del mundo puedes estar un día en la playa y al siguiente en la montaña o el lago así de maravilloso es mi país El Salvador #ElSalvador #TurismoInternoSv,en este lugar del mundo puedes estar un dia en la playa y al siguiente en la montana o el lago asi de maravilloso es mi pais el salvador elsalvador turismointernosv,No Tóxico,0,,,NO,NO,NO,166,31,0,0,2,0
1058,Facebook,2026-06-10,USER_1058,Manden un par de soldados para que los enderecen a estos Majes,Manden un par de soldados para que los enderecen a estos Majes,manden un par de soldados para que los enderecen a estos majes,Lenguaje Ofensivo,1,Tono Agresivo,Persona Individual,NO,NO,SÍ,62,12,0,0,0,0
1895,X,2026-07-08,USER_1895,"No seas tan chambroso hijo de puta, no se reeligira, se postulo y nosotros los ciudadanos de El Salvador lo reeligiremos democraticamente, semajante hijo de puta chambroso perro malparido","No seas tan chambroso hijo de puta, no se reeligira, se postulo y nosotros los ciudadanos de El Salvador lo reeligiremos democraticamente, semajante hijo de puta chambroso perro malparido",no seas tan chambroso hijo de puta no se reeligira se postulo y nosotros los ciudadanos de el salvador lo reeligiremos democraticamente semajante hijo de puta chambroso perro malparido,Lenguaje Ofensivo,1,Insulto Directo,Persona Individual,NO,NO,SÍ,187,29,0,0,0,3
2642,X,2026-06-09,USER_2642,No se fueron ni a rescatar muertos para el temblor y siguen pidiendo q les solucionen los problemas chupa pico venezolanos de mierda,No se fueron ni a rescatar muertos para el temblor y siguen pidiendo q les solucionen los problemas chupa pico venezolanos de mierda,no se fueron ni a rescatar muertos para el temblor y siguen pidiendo q les solucionen los problemas chupa pico venezolanos de mierda,Discurso de Odio,2,Xenofobia,Personas venezolanas,NO,NO,NO,132,23,0,0,0,2
2413,Facebook,2026-07-23,USER_2413,Como arruinar la raza ????,Como arruinar la raza ????,como arruinar la raza,Discurso de Odio,2,Racismo,Personas morenas,NO,NO,NO,26,5,0,0,0,0
1683,X,2026-06-02,USER_1683,No es mas tonta...porque le falta CANCHA PARA ENTRENAR.,No es mas tonta...porque le falta CANCHA PARA ENTRENAR.,no es mas tonta porque le falta cancha para entrenar,Lenguaje Ofensivo,1,Insulto Directo,Persona Individual,SÍ,NO,NO,55,9,0,0,0,2
2544,Facebook,2026-07-24,USER_2544,"Con esa cara de estiércol que tienes, también me pregunto cual habrá sido la necesitada ??","Con esa cara de estiércol que tienes, también me pregunto cual habrá sido la necesitada ??",con esa cara de estiercol que tienes tambien me pregunto cual habra sido la necesitada,Lenguaje Ofensivo,1,Insulto Directo,Persona objetivo,NO,NO,NO,90,16,0,0,0,1
356,X,2026-07-14,USER_356,"No tienen perdón, malditos mareros... No merecen estar vivos.","No tienen perdón, malditos mareros... No merecen estar vivos.",no tienen perdon malditos mareros no merecen estar vivos,Amenazas/Violencia,3,Deseo de Daño,Pandilleros/Mareros,NO,NO,NO,61,9,0,0,0,1
1655,X,2026-06-02,USER_1655,Busquen trabajo bola de flojos El Salvador tiene tanto trabajo y lo que necesitamos mano de obra,Busquen trabajo bola de flojos El Salvador tiene tanto trabajo y lo que necesitamos mano de obra,busquen trabajo bola de flojos el salvador tiene tanto trabajo y lo que necesitamos mano de obra,Lenguaje Ofensivo,1,Insulto Directo,,NO,NO,SÍ,96,17,0,0,0,0
3099,X,2026-07-27,USER_3099,"Que bueno por Alemania, ahora solo falta que saquen ese montón de inmigrantes de mierda.","Que bueno por Alemania, ahora solo falta que saquen ese montón de inmigrantes de mierda.",que bueno por alemania ahora solo falta que saquen ese monton de inmigrantes de mierda,Discurso de Odio,2,Xenofobia,Inmigrantes,NO,NO,NO,88,15,0,0,0,2
1089,Facebook,2026-06-22,USER_1089,Tremendos tamales de patas se maneja la niña Katy,Tremendos tamales de patas se maneja la niña Katy,tremendos tamales de patas se maneja la nina katy,Lenguaje Ofensivo,1,Insulto Directo,Persona Individual,NO,NO,NO,49,9,0,0,0,0
2979,X,2026-06-11,USER_2979,"PERO CERRA LA COLA, LA VEREDA ES MIA YO LA ARREGLO.... ESOS NEGROS DE MIERDA CANSAN CON ESO PARLANTES DE MIERDA.","PERO CERRA LA COLA, LA VEREDA ES MIA YO LA ARREGLO.... ESOS NEGROS DE MIERDA CANSAN CON ESO PARLANTES DE MIERDA.",pero cerra la cola la vereda es mia yo la arreglo esos negros de mierda cansan con eso parlantes de mierda,Discurso de Odio,2,Racismo,Personas negras o racializadas,NO,NO,NO,112,21,0,0,0,3
124,X,2026-07-13,USER_124,Quizá sea el mejor libro de narrativa publicado recientemente por estos lares. Atentos #LiteraturaSV ⁦ @indoleditores ⁩,Quizá sea el mejor libro de narrativa publicado recientemente por estos lares. Atentos #LiteraturaSV ⁦ @usuario ⁩,quiza sea el mejor libro de narrativa publicado recientemente por estos lares atentos literaturasv usuario,No Tóxico,0,,,NO,NO,NO,119,17,0,1,1,0
1454,Facebook,2026-06-14,USER_1454,Mejor...ya descansará la gente de ver pendejadas.. jajaja,Mejor...ya descansará la gente de ver pendejadas.. jajaja,mejor ya descansara la gente de ver pendejadas jajaja,Lenguaje Ofensivo,1,Insulto Directo,Persona Individual,SÍ,SÍ,SÍ,57,8,0,0,0,0
2386,Facebook,2026-07-21,USER_2386,ranchero mugroso tu que sabes de fútbol ajaja vete a batir la mezcla ????,ranchero mugroso tu que sabes de fútbol ajaja vete a batir la mezcla ????,ranchero mugroso tu que sabes de futbol ajaja vete a batir la mezcla,Lenguaje Ofensivo,1,Clasismo,Personas de campo,NO,NO,NO,73,14,0,0,0,0
1093,Facebook,2026-06-22,USER_1093,Les gusta la ñeca,Les gusta la ñeca,les gusta la neca,No Tóxico,0,,Persona Individual,NO,NO,NO,17,4,0,0,0,0
275,X,2026-07-14,USER_275,Que se pudran los malditos mareros mataron a familiares míos así que por mi ni estuvieran en el CECOT sino bajo tierra junto a los que los defienden así de sencillo,Que se pudran los malditos mareros mataron a familiares míos así que por mi ni estuvieran en el CECOT sino bajo tierra junto a los que los defienden así de sencillo,que se pudran los malditos mareros mataron a familiares mios asi que por mi ni estuvieran en el cecot sino bajo tierra junto a los que los defienden asi de sencillo,Amenazas/Violencia,3,Deseo de Daño,Pandilleros/Mareros,NO,NO,NO,164,31,0,0,0,2
1661,X,2026-06-02,USER_1661,"Sos pura mierddddd Nayib Bukele. Bien, dicen que las mentiras duran sólo mientras la verdad llega , aquí está la Realidad de dos escuelas por día 👇","Sos pura mierddddd Nayib Bukele. Bien, dicen que las mentiras duran sólo mientras la verdad llega , aquí está la Realidad de dos escuelas por día :dorso_de_mano_con_índice_hacia_abajo:",sos pura mierddddd nayib bukele bien dicen que las mentiras duran solo mientras la verdad llega aqui esta la realidad de dos escuelas por dia,Lenguaje Ofensivo,1,Insulto Directo,Funcionarios Públicos,NO,NO,SÍ,147,27,1,0,0,0
2352,Facebook,2026-07-22,USER_2352,"Es bien ""positivo"" el compañere ??","Es bien ""positivo"" el compañere ??",es bien positivo el companere,Discurso de Odio,2,Homofobia,Personas con VIH,SI,NO,NO,34,6,0,0,0,0
805,Facebook,2026-07-18,USER_805,No sea tonto mae ya el cecot lo espera alos bujiji,No sea tonto mae ya el cecot lo espera alos bujiji,no sea tonto mae ya el cecot lo espera alos bujiji,Amenazas/Violencia,3,Deseo de Daño,Individuo/Grupo (señalados en el hilo),NO,NO,NO,50,11,0,0,0,1
762,Facebook,2026-07-16,USER_762,Desgraciado mal nacido hijo de SATANÁS OJALÁ que los presos le den su merecido en la cárcel,Desgraciado mal nacido hijo de SATANÁS OJALÁ que los presos le den su merecido en la cárcel,desgraciado mal nacido hijo de satanas ojala que los presos le den su merecido en la carcel,Amenazas/Violencia,3,Deseo de Daño,Individuo,NO,NO,NO,91,17,0,0,0,0
88,X,2026-07-13,USER_088,Comente y Comparta si sabe a qué comidas Salvadoreñas se refiere cada expresión... :) #RecetasSV #ElSalvador... http:// fb.me/53EO4p6yd,Comente y Comparta si sabe a qué comidas Salvadoreñas se refiere cada expresión... :) #RecetasSV #ElSalvador... http:// fb.me/53EO4p6yd,comente y comparta si sabe a que comidas salvadorenas se refiere cada expresion recetassv elsalvador http fb me eo p yd,No Tóxico,0,,,NO,NO,NO,135,18,0,0,2,0
754,Facebook,2026-07-14,USER_754,Alguien me puede indicar si es recomendable viajar para el salvador?? Esta habilitado susent Park y playa los cobanos?? Llevo a un grupo de familia pero tengo miedo x el clima,Alguien me puede indicar si es recomendable viajar para el salvador?? Esta habilitado susent Park y playa los cobanos?? Llevo a un grupo de familia pero tengo miedo x el clima,alguien me puede indicar si es recomendable viajar para el salvador esta habilitado susent park y playa los cobanos llevo a un grupo de familia pero tengo miedo x el clima,No Tóxico,0,,,NO,NO,NO,175,31,0,0,0,0
257,X,2026-07-14,USER_257,Bien hecho. Mareros de mierda que los maten a todos,Bien hecho. Mareros de mierda que los maten a todos,bien hecho mareros de mierda que los maten a todos,Amenazas/Violencia,3,Incitación a la Violencia,Pandilleros/Mareros,NO,NO,NO,51,10,0,0,0,3
676,Facebook,2026-07-14,USER_676,Señora Verónica Ramos. Quiero desearle una feliz navidad . Y un próspero Año Nuevo. Siempre estoy pendiente de su programación y felicitar al canal 33 por elegir personas profesionales como usted y hermosa Tenor,Señora Verónica Ramos. Quiero desearle una feliz navidad . Y un próspero Año Nuevo. Siempre estoy pendiente de su programación y felicitar al canal 33 por elegir personas profesionales como usted y hermosa Tenor,senora veronica ramos quiero desearle una feliz navidad y un prospero ano nuevo siempre estoy pendiente de su programacion y felicitar al canal por elegir personas profesionales como usted y hermosa tenor,No Tóxico,0,,,NO,NO,NO,211,34,0,0,0,0
2150,Facebook,2026-06-30,USER_2150,Papá FIFAntino le dió permiso a VARgentina de hacerlo,Papá FIFAntino le dió permiso a VARgentina de hacerlo,papa fifantino le dio permiso a vargentina de hacerlo,No Tóxico,0,,Personas argentinas,SI,SI,NO,53,9,0,0,0,0
1024,Facebook,2026-07-24,USER_1024,Tiger Hely allí lo están velando gracias o si sabe dónde sería la vela o el entierro. Si me podría dar esa información se lo agradezco porque mi esposo era un gran amigo de él. Gracias.,Tiger Hely allí lo están velando gracias o si sabe dónde sería la vela o el entierro. Si me podría dar esa información se lo agradezco porque mi esposo era un gran amigo de él. Gracias.,tiger hely alli lo estan velando gracias o si sabe donde seria la vela o el entierro si me podria dar esa informacion se lo agradezco porque mi esposo era un gran amigo de el gracias,No Tóxico,0,,,NO,NO,NO,185,36,0,0,0,1
840,Facebook,2026-07-19,USER_840,Conejeado vas a llegar al cecot,Conejeado vas a llegar al cecot,conejeado vas a llegar al cecot,Amenazas/Violencia,3,Deseo de Daño,Individuo señalado en el hilo (apodado 'conejeado'),NO,NO,NO,31,6,0,0,0,0
700,Facebook,2026-07-14,USER_700,España estuvo a la altura y más allá!,España estuvo a la altura y más allá!,espana estuvo a la altura y mas alla,No Tóxico,0,,,NO,NO,NO,37,8,0,0,0,0
699,Facebook,2026-07-14,USER_699,"Gregorio Rodriguez nadie apareció, ni Doue, ni Dembele, Ni Mbappe, ni Olise en fin se durmió Francia, no hizo nadaaaa","Gregorio Rodriguez nadie apareció, ni Doue, ni Dembele, Ni Mbappe, ni Olise en fin se durmió Francia, no hizo nadaaaa",gregorio rodriguez nadie aparecio ni doue ni dembele ni mbappe ni olise en fin se durmio francia no hizo nadaaaa,No Tóxico,0,,,NO,NO,NO,117,20,0,0,0,0
220,X,2026-07-14,USER_220,"#DeportesSV | La próxima semana inician los Juegos Deportivos Estudiantiles Centroamericanos Codicader El Salvador 2024. La antorcha que iluminará los 14 departamentos recién ha ingresado esta mañana por el Arco de La Paz, Ahuachapán.","#DeportesSV | La próxima semana inician los Juegos Deportivos Estudiantiles Centroamericanos Codicader El Salvador 2024. La antorcha que iluminará los 14 departamentos recién ha ingresado esta mañana por el Arco de La Paz, Ahuachapán.",deportessv la proxima semana inician los juegos deportivos estudiantiles centroamericanos codicader el salvador la antorcha que iluminara los departamentos recien ha ingresado esta manana por el arco de la paz ahuachapan,No Tóxico,0,,,NO,NO,NO,234,34,0,0,1,0
302,X,2026-07-14,USER_302,"Los pandilleros no son nada productivos para la sociedad, es más son una carga para el estado, así que hoy es cuando exterminarlos y de paso los financistas y voceros quedan solos .","Los pandilleros no son nada productivos para la sociedad, es más son una carga para el estado, así que hoy es cuando exterminarlos y de paso los financistas y voceros quedan solos .",los pandilleros no son nada productivos para la sociedad es mas son una carga para el estado asi que hoy es cuando exterminarlos y de paso los financistas y voceros quedan solos,Amenazas/Violencia,3,Incitación a la Violencia,Pandilleros/Mareros,NO,NO,NO,181,33,0,0,0,1
1500,Facebook,2026-07-26,USER_1500,me dejaron sin el churro vlvg,me dejaron sin el churro vlvg,me dejaron sin el churro vlvg,Lenguaje Ofensivo,1,Palabras Obscenas,,SÍ,NO,NO,29,6,0,0,0,0
33,X,2026-07-13,USER_033,Ya se nos jodio el arquero y ni hemos iniciado el juego #SelectaSV,Ya se nos jodio el arquero y ni hemos iniciado el juego #SelectaSV,ya se nos jodio el arquero y ni hemos iniciado el juego selectasv,No Tóxico,0,,,NO,NO,NO,66,13,0,0,1,1
890,Facebook,2026-07-20,USER_890,Pena de muerte para salir de ese gasto,Pena de muerte para salir de ese gasto,pena de muerte para salir de ese gasto,Amenazas/Violencia,3,Deseo de Daño,Presos/delincuentes,NO,NO,NO,38,8,0,0,0,0
593,Facebook,2026-07-14,USER_593,"Y como que yo me voy a perder de ustedes mis bellas mamasitas preciosas y bien bonitas. Si son las que más me gusta ver. Por eso y muchas cosas más les mando un millón de besitos y abrazos, solamente para ustedes dos; especialmente más para Mónica que casi me siento como henamorado de ella. Felicidades mis amorcitos más bonitas de toda mi vida.","Y como que yo me voy a perder de ustedes mis bellas mamasitas preciosas y bien bonitas. Si son las que más me gusta ver. Por eso y muchas cosas más les mando un millón de besitos y abrazos, solamente para ustedes dos; especialmente más para Mónica que casi me siento como henamorado de ella. Felicidades mis amorcitos más bonitas de toda mi vida.",y como que yo me voy a perder de ustedes mis bellas mamasitas preciosas y bien bonitas si son las que mas me gusta ver por eso y muchas cosas mas les mando un millon de besitos y abrazos solamente para ustedes dos especialmente mas para monica que casi me siento como henamorado de ella felicidades mis amorcitos mas bonitas de toda mi vida,No Tóxico,0,,,NO,NO,NO,346,64,0,0,0,0
1788,X,2026-06-07,USER_1788,Saben que ya me vale puta mierda,Saben que ya me vale puta mierda,saben que ya me vale puta mierda,Lenguaje Ofensivo,1,Palabras Obscenas,,NO,NO,NO,32,7,0,0,0,2
1359,Facebook,2026-06-25,USER_1359,Ella lo que quiere es desempolvarse y sacar de aguas talvez vuelve a su normalidad eso queria 😱,Ella lo que quiere es desempolvarse y sacar de aguas talvez vuelve a su normalidad eso queria :cara_gritando_de_miedo:,ella lo que quiere es desempolvarse y sacar de aguas talvez vuelve a su normalidad eso queria,No Tóxico,0,,,SÍ,SÍ,NO,95,18,1,0,0,0
1732,X,2026-06-04,USER_1732,Algo pendejo ese paisano que contestó.,Algo pendejo ese paisano que contestó.,algo pendejo ese paisano que contesto,Lenguaje Ofensivo,1,Insulto Directo,Persona Individual,NO,NO,SÍ,38,6,0,0,0,1
533,Facebook,2026-07-14,USER_533,Debajo de los acientos andan las bicinas,Debajo de los acientos andan las bicinas,debajo de los acientos andan las bicinas,No Tóxico,0,,,NO,NO,NO,40,7,0,0,0,0
1593,X,2026-05-30,USER_1593,"Di que eres huevón, sin decir que eres huevón...","Di que eres huevón, sin decir que eres huevón...",di que eres huevon sin decir que eres huevon,Lenguaje Ofensivo,1,Insulto Directo,Persona Individual,SÍ,SÍ,NO,48,9,0,0,0,0
2500,Facebook,2026-07-22,USER_2500,"De perrito, no sé elefante","De perrito, no sé elefante",de perrito no se elefante,Discurso de Odio,2,Gordofobia,Personas con sobrepeso,NO,NO,NO,26,5,0,0,0,1
1855,X,2026-06-28,USER_1855,y ese maldito tráfico para entrar al pueblo QUEEEEEEE váyanse a la verga,y ese maldito tráfico para entrar al pueblo QUEEEEEEE váyanse a la verga,y ese maldito trafico para entrar al pueblo queeeeeee vayanse a la verga,Lenguaje Ofensivo,1,Palabras Obscenas,,NO,NO,NO,72,13,0,0,0,2
1592,X,2026-05-30,USER_1592,¡ unfffa! Hoy si se pelo carecuche @trukini0404 @funess26 @jeanhj98,¡ unfffa! Hoy si se pelo carecuche @usuario @usuario @usuario,unfffa hoy si se pelo carecuche usuario usuario usuario,Lenguaje Ofensivo,1,Insulto Directo,Persona Individual,SÍ,NO,NO,67,10,0,3,0,0
99,X,2026-07-13,USER_099,"#SantaAna #naturalezasv Si las ve por allí, no las moleste. Verlas saltar de árbol en árbol en esta jungla de cemento es una maravilla. Amiguita captada infraganti en algún punto de esta ciudad. @santa_supra @elblog @InterDiario_ @_RoxanaRuiz @ElPaisSV","#SantaAna #naturalezasv Si las ve por allí, no las moleste. Verlas saltar de árbol en árbol en esta jungla de cemento es una maravilla. Amiguita captada infraganti en algún punto de esta ciudad. @usuario @usuario @usuario @usuario @usuario",santaana naturalezasv si las ve por alli no las moleste verlas saltar de arbol en arbol en esta jungla de cemento es una maravilla amiguita captada infraganti en algun punto de esta ciudad usuario usuario usuario usuario usuario,No Tóxico,0,,,NO,NO,NO,252,38,0,5,2,0
2657,X,2026-06-26,USER_2657,"Todos los putos venezolanos de mierda vienen a vivir a Uruguay, trabajan, comen y hasta se cogen a las uruguayas y me vas a decir que hinchas x españa pelotudo de mierda","Todos los putos venezolanos de mierda vienen a vivir a Uruguay, trabajan, comen y hasta se cogen a las uruguayas y me vas a decir que hinchas x españa pelotudo de mierda",todos los putos venezolanos de mierda vienen a vivir a uruguay trabajan comen y hasta se cogen a las uruguayas y me vas a decir que hinchas x espana pelotudo de mierda,Discurso de Odio,2,Xenofobia,Personas venezolanas,NO,NO,NO,169,32,0,0,0,2
1682,X,2026-06-02,USER_1682,Pobre loca...,Pobre loca...,pobre loca,Lenguaje Ofensivo,1,Insulto Directo,Persona Individual,SÍ,NO,NO,13,2,0,0,0,0
2276,Facebook,2026-07-22,USER_2276,La final de los ladrones... El de un país con la experiencia de siglos robando oro y el de otro robando copas en dos siglos.,La final de los ladrones... El de un país con la experiencia de siglos robando oro y el de otro robando copas en dos siglos.,la final de los ladrones el de un pais con la experiencia de siglos robando oro y el de otro robando copas en dos siglos,Lenguaje Ofensivo,1,Insulto Directo,"Españoles, Argentinos",NO,NO,NO,124,25,0,0,0,2
2782,X,2026-06-17,USER_2782,Los moros de mierda son asi,Los moros de mierda son asi,los moros de mierda son asi,Discurso de Odio,2,Islamofobia,Personas musulmanas,NO,NO,NO,27,6,0,0,0,1
1722,X,2026-06-04,USER_1722,Y quien sos vos para que te Hagan caso asi fue cuando estaba Hugo Perez gente mierda que posible nunca a jugado futbol DEJA de opinar mierda no sos nada mierda por eso nuestro futbol no crese NO HAY BUENOS JUGADORES PENDEJO LA LIGA SALVADOREÑA NO SIRBE PENDEJO,Y quien sos vos para que te Hagan caso asi fue cuando estaba Hugo Perez gente mierda que posible nunca a jugado futbol DEJA de opinar mierda no sos nada mierda por eso nuestro futbol no crese NO HAY BUENOS JUGADORES PENDEJO LA LIGA SALVADOREÑA NO SIRBE PENDEJO,y quien sos vos para que te hagan caso asi fue cuando estaba hugo perez gente mierda que posible nunca a jugado futbol deja de opinar mierda no sos nada mierda por eso nuestro futbol no crese no hay buenos jugadores pendejo la liga salvadorena no sirbe pendejo,Lenguaje Ofensivo,1,Insulto Directo,Persona Individual,NO,NO,NO,260,48,0,0,0,2
3069,X,2026-07-04,USER_3069,"Judíos de mierda Fuera de la Patagonia, fuera de Palestina","Judíos de mierda Fuera de la Patagonia, fuera de Palestina",judios de mierda fuera de la patagonia fuera de palestina,Discurso de Odio,2,Antisemitismo,Personas judias,NO,NO,NO,58,10,0,0,0,1
332,X,2026-07-14,USER_332,"Mareros, ladrones y extorsionistas que los maten de una vez esas escorias no le sirven para nada al país ni a nadie, nadie los extrañará solo son problemas y gastos para el país, no aportan nada de nada bueno. ¿De qué nos sirven en las cárceles? Absolutamente en nada.","Mareros, ladrones y extorsionistas que los maten de una vez esas escorias no le sirven para nada al país ni a nadie, nadie los extrañará solo son problemas y gastos para el país, no aportan nada de nada bueno. ¿De qué nos sirven en las cárceles? Absolutamente en nada.",mareros ladrones y extorsionistas que los maten de una vez esas escorias no le sirven para nada al pais ni a nadie nadie los extranara solo son problemas y gastos para el pais no aportan nada de nada bueno de que nos sirven en las carceles absolutamente en nada,Amenazas/Violencia,3,Incitación a la Violencia,Pandilleros y extorsionistas,NO,NO,NO,268,49,0,0,0,4
2140,Facebook,2026-06-26,USER_2140,"A. Mi si. Me ayudará la. FIFA y fifantino hasta yo soy campeón del mundo y el. Papa, de. Messi es y seguirá. Siendo CR7","A. Mi si. Me ayudará la. FIFA y fifantino hasta yo soy campeón del mundo y el. Papa, de. Messi es y seguirá. Siendo CR7",a mi si me ayudara la fifa y fifantino hasta yo soy campeon del mundo y el papa de messi es y seguira siendo cr,No Tóxico,0,,Personas argentinas,SI,SI,NO,119,25,0,0,0,0
2135,Facebook,2026-06-11,USER_2135,Fue con permiso de infantino ya saco comunicado.,Fue con permiso de infantino ya saco comunicado.,fue con permiso de infantino ya saco comunicado,No Tóxico,0,,Personas argentinas,SI,SI,NO,48,8,0,0,0,1
1113,Facebook,2026-06-24,USER_1113,Bolo mamon 😂😂😂,Bolo mamon :cara_llorando_de_risa: :cara_llorando_de_risa: :cara_llorando_de_risa:,bolo mamon,Lenguaje Ofensivo,1,Insulto Directo,Persona Individual,SÍ,NO,NO,14,3,3,0,0,0
308,X,2026-07-14,USER_308,Que mas quieren saber para topar a Norman Quijano. Lo dicen los mareros y lo dicen los mismos areneros. Actúe sr. Fiscal pero que Sea ya. Si no el pueblo lo va a linchar a usted.,Que mas quieren saber para topar a Norman Quijano. Lo dicen los mareros y lo dicen los mismos areneros. Actúe sr. Fiscal pero que Sea ya. Si no el pueblo lo va a linchar a usted.,que mas quieren saber para topar a norman quijano lo dicen los mareros y lo dicen los mismos areneros actue sr fiscal pero que sea ya si no el pueblo lo va a linchar a usted,Amenazas/Violencia,3,Amenaza Implícita,Individuo (funcionario/Norman Quijano),NO,NO,SÍ,178,36,0,0,0,1
3058,X,2026-07-12,USER_3058,"Llevo más de un mes así y estoy hasta los cojones, ni siquiera he hecho nada que lo justifique, simplemente perdí visibilidad de golpe y pasa el tiempo, pero no la recupero. Es como que los indios de mierda han decidido joderme la cuenta a perpetuidad; estoy por irme para siempre","Llevo más de un mes así y estoy hasta los cojones, ni siquiera he hecho nada que lo justifique, simplemente perdí visibilidad de golpe y pasa el tiempo, pero no la recupero. Es como que los indios de mierda han decidido joderme la cuenta a perpetuidad; estoy por irme para siempre",llevo mas de un mes asi y estoy hasta los cojones ni siquiera he hecho nada que lo justifique simplemente perdi visibilidad de golpe y pasa el tiempo pero no la recupero es como que los indios de mierda han decidido joderme la cuenta a perpetuidad estoy por irme para siempre,Discurso de Odio,2,Xenofobia,Personas latinoamericanas,NO,NO,NO,280,51,0,0,0,2
868,Facebook,2026-07-19,USER_868,Al cecot porfavor no queremos ese tipo de jovenes fuera,Al cecot porfavor no queremos ese tipo de jovenes fuera,al cecot porfavor no queremos ese tipo de jovenes fuera,Amenazas/Violencia,3,Deseo de Daño,Jovenes señalados,NO,NO,NO,55,10,0,0,0,0
1536,Facebook,2026-07-26,USER_1536,"Buenas noches, no soy mucho de hacer este tipo de publicaciones. Pero si un supervisor de mi trabajo me dejó embarazada y no se quiere hacer cargo de la criatura, estoy en todo mi derecho en ir a toparlo a la procuraduría? No lo he hecho porque me ha amenazado con despedirme","Buenas noches, no soy mucho de hacer este tipo de publicaciones. Pero si un supervisor de mi trabajo me dejó embarazada y no se quiere hacer cargo de la criatura, estoy en todo mi derecho en ir a toparlo a la procuraduría? No lo he hecho porque me ha amenazado con despedirme",buenas noches no soy mucho de hacer este tipo de publicaciones pero si un supervisor de mi trabajo me dejo embarazada y no se quiere hacer cargo de la criatura estoy en todo mi derecho en ir a toparlo a la procuraduria no lo he hecho porque me ha amenazado con despedirme,No Tóxico,0,,Persona Individual,NO,NO,NO,275,52,0,0,0,2
602,Facebook,2026-07-14,USER_602,Tienen razón y ni dejan que los dueños les de mantenimiento asta que hay percance,Tienen razón y ni dejan que los dueños les de mantenimiento asta que hay percance,tienen razon y ni dejan que los duenos les de mantenimiento asta que hay percance,No Tóxico,0,,,NO,NO,NO,81,15,0,0,0,0
949,Facebook,2026-07-24,USER_949,UNA PATADA EN EL LOCU.LES HUBIERAN DADO A CADA UNO PARA Q NO VUELVAN,UNA PATADA EN EL LOCU.LES HUBIERAN DADO A CADA UNO PARA Q NO VUELVAN,una patada en el locu les hubieran dado a cada uno para q no vuelvan,Amenazas/Violencia,3,Deseo de Daño,Grupo,NO,NO,NO,68,14,0,0,0,1
1555,X,2026-05-24,USER_1555,"Después de ver la serie donde exponen a Marcial Maciel, voy a decir lo siguiente: Qué asco la Iglesia Católica. No la religión, sino la institución como tal.","Después de ver la serie donde exponen a Marcial Maciel, voy a decir lo siguiente: Qué asco la Iglesia Católica. No la religión, sino la institución como tal.",despues de ver la serie donde exponen a marcial maciel voy a decir lo siguiente que asco la iglesia catolica no la religion sino la institucion como tal,Lenguaje Ofensivo,1,Crítica Fuerte,Institución Religiosa,NO,NO,NO,157,28,0,0,0,0
53,X,2026-07-13,USER_053,"En #Suchitoto, las mujeres ganaderas sostienen la seguridad alimentaria de sus comunidades El #PNUDSV acompañó a 45 mujeres con formación en igualdad, clima, biodiversidad, liderazgo y empoderamiento económico Más: https:// shorturl.at/oj74z @acuna_jairo @BradeKryssia @pnudLAC","En #Suchitoto, las mujeres ganaderas sostienen la seguridad alimentaria de sus comunidades El #PNUDSV acompañó a 45 mujeres con formación en igualdad, clima, biodiversidad, liderazgo y empoderamiento económico Más: https:// shorturl.at/oj74z @usuario @usuario @usuario",en suchitoto las mujeres ganaderas sostienen la seguridad alimentaria de sus comunidades el pnudsv acompano a mujeres con formacion en igualdad clima biodiversidad liderazgo y empoderamiento economico mas https shorturl at oj z usuario usuario usuario,No Tóxico,0,,,NO,NO,NO,277,34,0,3,2,1
390,X,2026-07-14,USER_390,Excelente que les den las herramientas necesarias a nuestra @PNCSV Y @FUERZARMADASV . Vamos con todo contra esos mareros. #GuerraContraLasPandillas . https:// x.com/HeroesAzules_s /HeroesAzules_sv/status/1511112630286667779 …,Excelente que les den las herramientas necesarias a nuestra @usuario Y @usuario . Vamos con todo contra esos mareros. #GuerraContraLasPandillas . https:// x.com/HeroesAzules_s /HeroesAzules_sv/status/1511112630286667779 …,excelente que les den las herramientas necesarias a nuestra usuario y usuario vamos con todo contra esos mareros guerracontralaspandillas https x com heroesazules_s heroesazules_sv status,No Tóxico,0,,Pandilleros/Mareros,NO,NO,SÍ,225,25,0,2,1,2
2768,X,2026-06-05,USER_2768,anda a cojerte una cabra folla moros de mierda,anda a cojerte una cabra folla moros de mierda,anda a cojerte una cabra folla moros de mierda,Discurso de Odio,2,Islamofobia,Personas musulmanas,NO,NO,NO,46,9,0,0,0,1
2127,Facebook,2026-07-06,USER_2127,Noa Quiroga tengo un amigo madridistas y fans de cr7 que siempre decía eso jaja pero se le olvidaba que argentina es toda una selección todos corren por el,Noa Quiroga tengo un amigo madridistas y fans de cr7 que siempre decía eso jaja pero se le olvidaba que argentina es toda una selección todos corren por el,noa quiroga tengo un amigo madridistas y fans de cr que siempre decia eso jaja pero se le olvidaba que argentina es toda una seleccion todos corren por el,No Tóxico,0,,Personas argentinas,SI,SI,NO,155,29,0,0,0,0
1758,X,2026-06-07,USER_1758,"Hay deja lo que quieras pedazo de basura, traes a tu hermana ok","Hay deja lo que quieras pedazo de basura, traes a tu hermana ok",hay deja lo que quieras pedazo de basura traes a tu hermana ok,Lenguaje Ofensivo,1,Insulto Directo,Persona Individual,NO,NO,NO,63,13,0,0,0,1
1809,X,2026-06-07,USER_1809,"Qué hace un salvadoreño hijo de puta metido con Bolivia, a este pelotudo le meten plata por el orto los narcos.","Qué hace un salvadoreño hijo de puta metido con Bolivia, a este pelotudo le meten plata por el orto los narcos.",que hace un salvadoreno hijo de puta metido con bolivia a este pelotudo le meten plata por el orto los narcos,Lenguaje Ofensivo,1,Insulto Directo,Persona Individual,NO,NO,NO,111,21,0,0,0,2
812,Facebook,2026-07-18,USER_812,qué excelentes y maravillosas noticias ojalá esto fuera a diario pues esas basuras solo merecen salir en bolsas negras,qué excelentes y maravillosas noticias ojalá esto fuera a diario pues esas basuras solo merecen salir en bolsas negras,que excelentes y maravillosas noticias ojala esto fuera a diario pues esas basuras solo merecen salir en bolsas negras,Amenazas/Violencia,3,Celebración de Violencia,Pandilleros/Reos,SÍ,NO,NO,118,19,0,0,0,1
2964,X,2026-06-15,USER_2964,Putos venezolanos de mierda son una porquería,Putos venezolanos de mierda son una porquería,putos venezolanos de mierda son una porqueria,Discurso de Odio,2,Xenofobia,Personas inmigrantes,NO,NO,NO,45,7,0,0,0,2
343,X,2026-07-14,USER_343,"Muchos dicen q pena de muerte y grupos de exterminio no son opción, pero mejor matar mareros que mueran ciudadanos honrados. Ya es el colmo.","Muchos dicen q pena de muerte y grupos de exterminio no son opción, pero mejor matar mareros que mueran ciudadanos honrados. Ya es el colmo.",muchos dicen q pena de muerte y grupos de exterminio no son opcion pero mejor matar mareros que mueran ciudadanos honrados ya es el colmo,Amenazas/Violencia,3,Incitación a la Violencia,Pandilleros/Mareros,NO,NO,SÍ,140,25,0,0,0,3
1735,X,2026-06-04,USER_1735,Me vale verga. 7 te comiste y si no es porque España le baja rompen el récord de El Salvador..,Me vale verga. 7 te comiste y si no es porque España le baja rompen el récord de El Salvador..,me vale verga te comiste y si no es porque espana le baja rompen el record de el salvador,Lenguaje Ofensivo,1,Palabras Obscenas,,NO,NO,NO,94,20,0,0,0,2
536,Facebook,2026-07-14,USER_536,Excelente ya era tiempo de poner orden en el sistema de transporte público,Excelente ya era tiempo de poner orden en el sistema de transporte público,excelente ya era tiempo de poner orden en el sistema de transporte publico,No Tóxico,0,,,NO,NO,NO,74,13,0,0,0,0
2368,Facebook,2026-07-21,USER_2368,Les gusta ver pijas a los pipianes roba canastos,Les gusta ver pijas a los pipianes roba canastos,les gusta ver pijas a los pipianes roba canastos,Lenguaje Ofensivo,1,Estereotipo Regional,"Personas LGBT, clase baja",NO,NO,NO,48,9,0,0,0,0
1727,X,2026-06-04,USER_1727,Parecen fanáticos igualitos a los de un equipo de El Salvador que está formado solo por delincuentes y pandilleros y entre ellos mismos se aplastan hasta morir Vlianza se llama esa mierda de equipo,Parecen fanáticos igualitos a los de un equipo de El Salvador que está formado solo por delincuentes y pandilleros y entre ellos mismos se aplastan hasta morir Vlianza se llama esa mierda de equipo,parecen fanaticos igualitos a los de un equipo de el salvador que esta formado solo por delincuentes y pandilleros y entre ellos mismos se aplastan hasta morir vlianza se llama esa mierda de equipo,Lenguaje Ofensivo,1,Insulto Directo,,SÍ,SÍ,NO,197,34,0,0,0,3
2292,Facebook,2026-07-23,USER_2292,Vos tu madre pdnjo que se muera tu familia y tu pto israel,Vos tu madre pdnjo que se muera tu familia y tu pto israel,vos tu madre pdnjo que se muera tu familia y tu pto israel,Amenazas/Violencia,3,Deseo de Daño,"Judíos, Israel",NO,NO,NO,58,13,0,0,0,1
1910,X,2026-07-08,USER_1910,"Pues hoy se la tragaron, hasta para llevar les dieron, pendejo 🤣🤣🤣🤣🤣🤣🤣🤣🤣🤣🤣🤣🤣🤣","Pues hoy se la tragaron, hasta para llevar les dieron, pendejo :cara_revolviéndose_de_la_risa: :cara_revolviéndose_de_la_risa: :cara_revolviéndose_de_la_risa: :cara_revolviéndose_de_la_risa: :cara_revolviéndose_de_la_risa: :cara_revolviéndose_de_la_risa: :cara_revolviéndose_de_la_risa: :cara_revolviéndose_de_la_risa: :cara_revolviéndose_de_la_risa: :cara_revolviéndose_de_la_risa: :cara_revolviéndose_de_la_risa: :cara_revolviéndose_de_la_risa: :cara_revolviéndose_de_la_risa: :cara_revolviéndose_de_la_risa:",pues hoy se la tragaron hasta para llevar les dieron pendejo,Lenguaje Ofensivo,1,Insulto Directo,Persona Individual,SÍ,NO,NO,77,12,14,0,0,2
2646,X,2026-07-06,USER_2646,"Cristina con su Patria Grande, y vos con tu Ley de refugiados y todos los venezolanos de mierda que pusiste en tu militancia.","Cristina con su Patria Grande, y vos con tu Ley de refugiados y todos los venezolanos de mierda que pusiste en tu militancia.",cristina con su patria grande y vos con tu ley de refugiados y todos los venezolanos de mierda que pusiste en tu militancia,Discurso de Odio,2,Xenofobia,Personas venezolanas,NO,NO,NO,125,23,0,0,0,2
1,X,2026-07-13,USER_001,"Mi madrecita a sus más de 60 años volvió a emprender. La pueden encontrar en ese localito en la décima avenida sur, calle Darío González, San Jacinto, por el Don Pollo autoservicio en San Jacinto. Llegue por #pupusas tortas, hot dogs, almuerzos y más","Mi madrecita a sus más de 60 años volvió a emprender. La pueden encontrar en ese localito en la décima avenida sur, calle Darío González, San Jacinto, por el Don Pollo autoservicio en San Jacinto. Llegue por #pupusas tortas, hot dogs, almuerzos y más",mi madrecita a sus mas de anos volvio a emprender la pueden encontrar en ese localito en la decima avenida sur calle dario gonzalez san jacinto por el don pollo autoservicio en san jacinto llegue por pupusas tortas hot dogs almuerzos y mas,No Tóxico,0,,,NO,NO,NO,250,44,0,0,1,0
648,Facebook,2026-07-14,USER_648,Desde que Bukele es alcalde están en reparación y remodelación esas calles,Desde que Bukele es alcalde están en reparación y remodelación esas calles,desde que bukele es alcalde estan en reparacion y remodelacion esas calles,No Tóxico,0,,,NO,NO,SÍ,74,12,0,0,0,0
2128,Facebook,2026-06-23,USER_2128,Que desicion tan difícil ....apoyar a medio Barcelona o a argentina,Que desicion tan difícil ....apoyar a medio Barcelona o a argentina,que desicion tan dificil apoyar a medio barcelona o a argentina,No Tóxico,0,,Personas argentinas,SI,SI,NO,67,11,0,0,0,0
666,Facebook,2026-07-14,USER_666,Lindo mi bendición todavía en Venezuela,Lindo mi bendición todavía en Venezuela,lindo mi bendicion todavia en venezuela,No Tóxico,0,,,NO,NO,NO,39,6,0,0,0,0
484,X,2026-07-14,USER_484,"Eso no es asambleísta, no tenemos asamblea, lo q tenemos es una cueva llena de ladrones, mafiosos y pandilleros, si mañana se cae ese edificio con todos adentro nadie los va a extrañar","Eso no es asambleísta, no tenemos asamblea, lo q tenemos es una cueva llena de ladrones, mafiosos y pandilleros, si mañana se cae ese edificio con todos adentro nadie los va a extrañar",eso no es asambleista no tenemos asamblea lo q tenemos es una cueva llena de ladrones mafiosos y pandilleros si manana se cae ese edificio con todos adentro nadie los va a extranar,Amenazas/Violencia,3,Deseo de Daño,Individuo (diputados) y Pandilleros,NO,NO,SÍ,184,33,0,0,0,3
1448,Facebook,2026-06-14,USER_1448,Ya es tarde perro abigael ya esta en el salvador y llego a clavarte si eres hombre agale huevo y si no vete del pais por que iras preso si te quedas atentamente la diaspora ajajajajajajaja,Ya es tarde perro abigael ya esta en el salvador y llego a clavarte si eres hombre agale huevo y si no vete del pais por que iras preso si te quedas atentamente la diaspora ajajajajajajaja,ya es tarde perro abigael ya esta en el salvador y llego a clavarte si eres hombre agale huevo y si no vete del pais por que iras preso si te quedas atentamente la diaspora ajajajajajajaja,Lenguaje Ofensivo,1,Insulto Directo,Persona Individual,SÍ,NO,SÍ,188,36,0,0,0,1
2929,X,2026-06-03,USER_2929,"Venezolanos de mierda, arruinaron Venezuela","Venezolanos de mierda, arruinaron Venezuela",venezolanos de mierda arruinaron venezuela,Discurso de Odio,2,Xenofobia,Personas inmigrantes,NO,NO,NO,43,5,0,0,0,1
1993,X,2026-06-14,USER_1993,Por narcos como vos pendejo,Por narcos como vos pendejo,por narcos como vos pendejo,Lenguaje Ofensivo,1,Insulto Directo,Persona Individual,NO,NO,NO,27,5,0,0,0,1
800,Facebook,2026-07-18,USER_800,Al CECOT,Al CECOT,al cecot,Amenazas/Violencia,3,Deseo de Daño,Individuo (mujer acusada de cobrar renta/extorsión),NO,NO,NO,8,2,0,0,0,0
504,X,2026-07-14,USER_504,"Que en Venezuela no haya gasolina, es como que en El Salvador se acaben los mareros, Es inaudito.","Que en Venezuela no haya gasolina, es como que en El Salvador se acaben los mareros, Es inaudito.",que en venezuela no haya gasolina es como que en el salvador se acaben los mareros es inaudito,No Tóxico,0,,Pandilleros/Mareros,NO,NO,NO,97,18,0,0,0,1
1069,Facebook,2026-06-14,USER_1069,Esa mierda de tiktoker mejor que trabajen en algo bueno bola de serotes,Esa mierda de tiktoker mejor que trabajen en algo bueno bola de serotes,esa mierda de tiktoker mejor que trabajen en algo bueno bola de serotes,Lenguaje Ofensivo,1,Insulto Directo,,NO,NO,NO,71,13,0,0,0,1
2683,X,2026-06-22,USER_2683,Negros de piel Negros de alma Negros de mierda Son completitos,Negros de piel Negros de alma Negros de mierda Son completitos,negros de piel negros de alma negros de mierda son completitos,Discurso de Odio,2,Racismo,Personas negras,NO,NO,NO,62,11,0,0,0,2
497,X,2026-07-14,USER_497,Que se apruebe una ley de poder recetar plomo a las ratas y asta con recompensa aver siguen estos an de ser parientes de los terroristas mareros de seguro o del frente o areneros.,Que se apruebe una ley de poder recetar plomo a las ratas y asta con recompensa aver siguen estos an de ser parientes de los terroristas mareros de seguro o del frente o areneros.,que se apruebe una ley de poder recetar plomo a las ratas y asta con recompensa aver siguen estos an de ser parientes de los terroristas mareros de seguro o del frente o areneros,Amenazas/Violencia,3,Incitación a la Violencia,Pandilleros/Mareros,NO,NO,SÍ,179,34,0,0,0,3
1372,Facebook,2026-06-25,USER_1372,Ahora a poner adornos de paloma en todos lados,Ahora a poner adornos de paloma en todos lados,ahora a poner adornos de paloma en todos lados,No Tóxico,0,,Persona Individual,NO,NO,NO,46,9,0,0,0,1
210,X,2026-07-14,USER_210,"Plaza Morazán y primer Teatro Nacional de San Salvador, en una fotografía de 1897. #CulturaSV #SanSalvadorDesaparecida #HistoriaSinIA @EfemeridesSV @historia_ca","Plaza Morazán y primer Teatro Nacional de San Salvador, en una fotografía de 1897. #CulturaSV #SanSalvadorDesaparecida #HistoriaSinIA @usuario @usuario",plaza morazan y primer teatro nacional de san salvador en una fotografia de culturasv sansalvadordesaparecida historiasinia usuario usuario,No Tóxico,0,,,NO,NO,NO,160,19,0,2,3,0
1106,Facebook,2026-06-24,USER_1106,Por hay por hay dijo aquel pónganlos de rodillas por cobardes frente a a frente,Por hay por hay dijo aquel pónganlos de rodillas por cobardes frente a a frente,por hay por hay dijo aquel ponganlos de rodillas por cobardes frente a a frente,Lenguaje Ofensivo,1,Tono Agresivo,,NO,NO,SÍ,79,15,0,0,0,0
2194,Facebook,2026-05-28,USER_2194,¡¡EL ARBITRAJE LE DA LA VICTORIA A ARGENTINA!! Argentina con un robo histórico más le da la vuelta a Inglaterra y se clasifica a la gran final de la Copa del Mundo. INFANTINO LO HIZO DE NUEVO.,¡¡EL ARBITRAJE LE DA LA VICTORIA A ARGENTINA!! Argentina con un robo histórico más le da la vuelta a Inglaterra y se clasifica a la gran final de la Copa del Mundo. INFANTINO LO HIZO DE NUEVO.,el arbitraje le da la victoria a argentina argentina con un robo historico mas le da la vuelta a inglaterra y se clasifica a la gran final de la copa del mundo infantino lo hizo de nuevo,No Tóxico,0,,Personas argentinas,SI,SI,NO,192,37,0,0,0,1
2213,Facebook,2026-05-31,USER_2213,Jona Camero no todos los argentinos odian a México ni todos los mexicanos odian Argentina,Jona Camero no todos los argentinos odian a México ni todos los mexicanos odian Argentina,jona camero no todos los argentinos odian a mexico ni todos los mexicanos odian argentina,No Tóxico,0,,Personas argentinas,SI,SI,NO,89,15,0,0,0,0
1836,X,2026-06-07,USER_1836,"Para el pendejo número uno de El Salvador, el hermano del cerote, es más preocupante los carbohidratos de los 🫔 🫓 🌽🫘 y no el de las harinas refinadas del 🍞🥐, 🍕, 🍝, 🍩, 🍥.","Para el pendejo número uno de El Salvador, el hermano del cerote, es más preocupante los carbohidratos de los :tamal: :pan_sin_levadura: :espiga_de_maíz: :alubias: y no el de las harinas refinadas del :pan_de_molde: :cruasán: , :pizza: , :espagueti: , :dónut: , :pastel_de_pescado_japonés: .",para el pendejo numero uno de el salvador el hermano del cerote es mas preocupante los carbohidratos de los y no el de las harinas refinadas del,Lenguaje Ofensivo,1,Insulto Directo,Funcionarios Públicos,SÍ,SÍ,SÍ,169,35,10,0,0,2
741,Facebook,2026-07-14,USER_741,yo e seguido paso a paso los videos e entrvistas y todos piden ayuda de carpas colchonetas lamparas palas por que la gente jamas se esta dando por vensida dios quiera sean eschuchados a sus peticiones par que ellos sigan buscando mas desaparecidos,yo e seguido paso a paso los videos e entrvistas y todos piden ayuda de carpas colchonetas lamparas palas por que la gente jamas se esta dando por vensida dios quiera sean eschuchados a sus peticiones par que ellos sigan buscando mas desaparecidos,yo e seguido paso a paso los videos e entrvistas y todos piden ayuda de carpas colchonetas lamparas palas por que la gente jamas se esta dando por vensida dios quiera sean eschuchados a sus peticiones par que ellos sigan buscando mas desaparecidos,No Tóxico,0,,,NO,NO,NO,247,43,0,0,0,0
243,X,2026-07-14,USER_243,"¡Escuela en proceso de transformación! Estamos interviniendo el Centro Escolar de la Colonia Guadalupe en Sonsonate. Ahora, más de 215 estudiantes de la zona pronto disfrutarán de instalaciones modernas y ambientes óptimos para su aprendizaje. #EducacionSV #MiNuevaEscuela","¡Escuela en proceso de transformación! Estamos interviniendo el Centro Escolar de la Colonia Guadalupe en Sonsonate. Ahora, más de 215 estudiantes de la zona pronto disfrutarán de instalaciones modernas y ambientes óptimos para su aprendizaje. #EducacionSV #MiNuevaEscuela",escuela en proceso de transformacion estamos interviniendo el centro escolar de la colonia guadalupe en sonsonate ahora mas de estudiantes de la zona pronto disfrutaran de instalaciones modernas y ambientes optimos para su aprendizaje educacionsv minuevaescuela,No Tóxico,0,,,NO,NO,SÍ,272,37,0,0,2,0
2818,X,2026-06-10,USER_2818,"Por eso jamas pero jamas hay que comprar autos usados en agencias. Son todos una porquería, gitanos de mierda estafadores.","Por eso jamas pero jamas hay que comprar autos usados en agencias. Son todos una porquería, gitanos de mierda estafadores.",por eso jamas pero jamas hay que comprar autos usados en agencias son todos una porqueria gitanos de mierda estafadores,Discurso de Odio,2,Racismo,Personas gitanas,NO,NO,NO,122,20,0,0,0,1
2137,Facebook,2026-06-09,USER_2137,Sobre todo sigan soñando que sacaran a Argentina del mundial,Sobre todo sigan soñando que sacaran a Argentina del mundial,sobre todo sigan sonando que sacaran a argentina del mundial,No Tóxico,0,,Personas argentinas,SI,SI,NO,60,10,0,0,0,0
315,X,2026-07-14,USER_315,Cual miedo? Uds se pronuncian por todos lados en todas partes y nadie les dice nada. Los pandilleros se quedarán en las cárceles y morirán lentamente como castigo por sus actos diabólicos actos criminales de lesa. Los terroristas asesinos Deben de morir nunca salir en libertad.,Cual miedo? Uds se pronuncian por todos lados en todas partes y nadie les dice nada. Los pandilleros se quedarán en las cárceles y morirán lentamente como castigo por sus actos diabólicos actos criminales de lesa. Los terroristas asesinos Deben de morir nunca salir en libertad.,cual miedo uds se pronuncian por todos lados en todas partes y nadie les dice nada los pandilleros se quedaran en las carceles y moriran lentamente como castigo por sus actos diabolicos actos criminales de lesa los terroristas asesinos deben de morir nunca salir en libertad,Amenazas/Violencia,3,Deseo de Daño,Pandilleros/Mareros,NO,NO,NO,278,46,0,0,0,3
2512,Facebook,2026-07-20,USER_2512,Todos los hdp que son de soya apopa y san martín ??,Todos los hdp que son de soya apopa y san martín ??,todos los hdp que son de soya apopa y san martin,Lenguaje Ofensivo,1,Insulto Directo,Habitantes de zonas marginales,NO,NO,NO,51,12,0,0,0,1
929,Facebook,2026-07-24,USER_929,Este tipo le hubieran dado de baja,Este tipo le hubieran dado de baja,este tipo le hubieran dado de baja,Amenazas/Violencia,3,Deseo de Daño,Individuo,NO,NO,NO,34,7,0,0,0,0
1857,X,2026-06-28,USER_1857,"Veo comentarios que no merecen llamarse personas,merecen llamarse soretes mal paridos","Veo comentarios que no merecen llamarse personas,merecen llamarse soretes mal paridos",veo comentarios que no merecen llamarse personas merecen llamarse soretes mal paridos,Lenguaje Ofensivo,1,Insulto Directo,,NO,NO,NO,85,11,0,0,0,0
2391,Facebook,2026-07-23,USER_2391,Desde cuando los trepamuros pueden opinar.,Desde cuando los trepamuros pueden opinar.,desde cuando los trepamuros pueden opinar,Discurso de Odio,2,Xenofobia,Migrantes,NO,SI,NO,42,6,0,0,0,0
1297,Facebook,2026-07-12,USER_1297,"Hay tanto pende&^!#, que les da su dinero y después de quedan comiendo mier$!$#^. Pongan cara de vivos...","Hay tanto pende&^!#, que les da su dinero y después de quedan comiendo mier$!$#^. Pongan cara de vivos...",hay tanto pende que les da su dinero y despues de quedan comiendo mier pongan cara de vivos,Lenguaje Ofensivo,1,Insulto Directo,,NO,NO,SÍ,105,18,0,0,0,0
1001,Facebook,2026-07-24,USER_1001,"Hay q castrarlo , no ??","Hay q castrarlo , no ??",hay q castrarlo no,Amenazas/Violencia,3,Incitación a la Violencia,Individuo,NO,NO,NO,23,6,0,0,0,0
544,Facebook,2026-07-14,USER_544,Rodrigo Cardona yo que ud. Si quiere aviones express. Me comprara mi avionetita como UD dice,Rodrigo Cardona yo que ud. Si quiere aviones express. Me comprara mi avionetita como UD dice,rodrigo cardona yo que ud si quiere aviones express me comprara mi avionetita como ud dice,No Tóxico,0,,,NO,NO,NO,92,16,0,0,0,0
1368,Facebook,2026-06-25,USER_1368,Y eso que verga nos vale,Y eso que verga nos vale,y eso que verga nos vale,Lenguaje Ofensivo,1,Palabras Obscenas,Persona Individual,NO,NO,NO,24,6,0,0,0,1
54,X,2026-07-13,USER_054,"#Nacionales | Ayer, salvadoreños y extranjeros disfrutaron de música en vivo en el Centro Histórico de #Suchitoto.","#Nacionales | Ayer, salvadoreños y extranjeros disfrutaron de música en vivo en el Centro Histórico de #Suchitoto.",nacionales ayer salvadorenos y extranjeros disfrutaron de musica en vivo en el centro historico de suchitoto,No Tóxico,0,,,NO,NO,NO,114,17,0,0,2,0
2891,X,2026-07-14,USER_2891,"Hay venezolanos de mierda en España blanqueando a Aldama en RRSS...la UCO debería meterles la lupa. Víctor de Aldama se libra de la cárcel pese a los 4 años y medio de condena por el caso ""Mascarillas"" y se queda con los más 3 millones del delito. ""el que pueda hacer que haga""","Hay venezolanos de mierda en España blanqueando a Aldama en RRSS...la UCO debería meterles la lupa. Víctor de Aldama se libra de la cárcel pese a los 4 años y medio de condena por el caso ""Mascarillas"" y se queda con los más 3 millones del delito. ""el que pueda hacer que haga""",hay venezolanos de mierda en espana blanqueando a aldama en rrss la uco deberia meterles la lupa victor de aldama se libra de la carcel pese a los anos y medio de condena por el caso mascarillas y se queda con los mas millones del delito el que pueda hacer que haga,Discurso de Odio,2,Xenofobia,Personas venezolanas,NO,NO,NO,277,53,0,0,0,2
930,Facebook,2026-07-24,USER_930,Tomen a ese maldt0 e hijo de la millllll pta..... Mejor que se pudra en la cárcel por no Respetan la vida de los demás....,Tomen a ese maldt0 e hijo de la millllll pta..... Mejor que se pudra en la cárcel por no Respetan la vida de los demás....,tomen a ese maldt e hijo de la millllll pta mejor que se pudra en la carcel por no respetan la vida de los demas,Amenazas/Violencia,3,Deseo de Daño,Individuo,NO,NO,NO,122,25,0,0,0,0
1533,Facebook,2026-07-26,USER_1533,Leyendo la misoginia que hay aquí la neta aflige saber de que gente tan pendeja ande libre y tengan capacidad de ir votar o cosas así...,Leyendo la misoginia que hay aquí la neta aflige saber de que gente tan pendeja ande libre y tengan capacidad de ir votar o cosas así...,leyendo la misoginia que hay aqui la neta aflige saber de que gente tan pendeja ande libre y tengan capacidad de ir votar o cosas asi,Lenguaje Ofensivo,1,Insulto Directo,,NO,NO,SÍ,136,26,0,0,0,1
1595,X,2026-05-30,USER_1595,Y entonces quién les va a dar trabajo a la clase obrera en fin ideología estúpida,Y entonces quién les va a dar trabajo a la clase obrera en fin ideología estúpida,y entonces quien les va a dar trabajo a la clase obrera en fin ideologia estupida,Lenguaje Ofensivo,1,Crítica Fuerte,,NO,NO,SÍ,81,16,0,0,0,0
2543,Facebook,2026-07-21,USER_2543,algún venezolano(muerto de hambre) ??,algún venezolano(muerto de hambre) ??,algun venezolano muerto de hambre,Discurso de Odio,2,Xenofobia,Venezolanos,NO,NO,NO,37,5,0,0,0,1
2637,X,2026-06-09,USER_2637,"Yo no tengo necesidad de emigrar como los venezolanos de mierda. El 5% de mugrosos venezolanos es inmigrantes vs menos del 1% en México, al menos los mexicanos se van a ganar a en dólares no como los venezolanos que con salir de Venezuela tienen suficiente","Yo no tengo necesidad de emigrar como los venezolanos de mierda. El 5% de mugrosos venezolanos es inmigrantes vs menos del 1% en México, al menos los mexicanos se van a ganar a en dólares no como los venezolanos que con salir de Venezuela tienen suficiente",yo no tengo necesidad de emigrar como los venezolanos de mierda el de mugrosos venezolanos es inmigrantes vs menos del en mexico al menos los mexicanos se van a ganar a en dolares no como los venezolanos que con salir de venezuela tienen suficiente,Discurso de Odio,2,Xenofobia,Personas venezolanas,NO,NO,NO,256,46,0,0,0,3
2268,Facebook,2026-07-04,USER_2268,Will CaRp Olivo no dio ?? La gente no duerme igual sabes cómo son,Will CaRp Olivo no dio ?? La gente no duerme igual sabes cómo son,will carp olivo no dio la gente no duerme igual sabes como son,No Tóxico,0,,Personas en situación de pobreza o precariedad,SI,SI,NO,65,14,0,0,0,0
2904,X,2026-07-06,USER_2904,"Tremendos hijos de puta estáis hechos. Ellos vinieron huyendo de una guerra, los inmigrantes de mierda , vinieron a chupar del bote , robar , violar … por no hablar que se han colado terroristas. Sois una pandilla de gilipollas.","Tremendos hijos de puta estáis hechos. Ellos vinieron huyendo de una guerra, los inmigrantes de mierda , vinieron a chupar del bote , robar , violar … por no hablar que se han colado terroristas. Sois una pandilla de gilipollas.",tremendos hijos de puta estais hechos ellos vinieron huyendo de una guerra los inmigrantes de mierda vinieron a chupar del bote robar violar por no hablar que se han colado terroristas sois una pandilla de gilipollas,Discurso de Odio,2,Xenofobia,Personas inmigrantes,NO,NO,NO,228,40,0,0,0,4
2353,Facebook,2026-07-21,USER_2353,Eso le dio por exceso de vitamina v de verg@ ??,Eso le dio por exceso de vitamina v de verg@ ??,eso le dio por exceso de vitamina v de verg,Discurso de Odio,2,Homofobia,Personas LGBT,NO,NO,NO,47,11,0,0,0,1
2534,Facebook,2026-07-20,USER_2534,cual si se la.pasan tragando chorizo por unos dolares,cual si se la.pasan tragando chorizo por unos dolares,cual si se la pasan tragando chorizo por unos dolares,Discurso de Odio,2,Xenofobia,Personas en situación de pobreza,NO,NO,NO,53,9,0,0,0,0
1199,Facebook,2026-06-26,USER_1199,Bien usadita pero de toke solo fue a mantenimiento ...ya estará pendiente para un nuevo engrase .jajaja uno queda en ridículo poniendo como desaparecida a la mujer si hoy en día se van así x así que se puede esperar jummm..así como los hombres somos sinvergüenzas las mujeres son aún más no se den paja.,Bien usadita pero de toke solo fue a mantenimiento ...ya estará pendiente para un nuevo engrase .jajaja uno queda en ridículo poniendo como desaparecida a la mujer si hoy en día se van así x así que se puede esperar jummm..así como los hombres somos sinvergüenzas las mujeres son aún más no se den paja.,bien usadita pero de toke solo fue a mantenimiento ya estara pendiente para un nuevo engrase jajaja uno queda en ridiculo poniendo como desaparecida a la mujer si hoy en dia se van asi x asi que se puede esperar jummm asi como los hombres somos sinverguenzas las mujeres son aun mas no se den paja,Lenguaje Ofensivo,1,Insulto Directo,Persona Individual,SÍ,NO,SÍ,303,55,0,0,0,2
37,X,2026-07-13,USER_037,Cuadro del pintor salvadoreño David Hernández Pereira (1988-2020). #ArteSV,Cuadro del pintor salvadoreño David Hernández Pereira (1988-2020). #ArteSV,cuadro del pintor salvadoreno david hernandez pereira artesv,No Tóxico,0,,,NO,NO,NO,74,9,0,0,1,0
1225,Facebook,2026-06-26,USER_1225,Que pdja está la gente 😑 quieren regresar al pasado,Que pdja está la gente :cara_sin_expresión: quieren regresar al pasado,que pdja esta la gente quieren regresar al pasado,Lenguaje Ofensivo,1,Palabras Obscenas,,NO,NO,NO,51,10,1,0,0,0
1964,X,2026-06-14,USER_1964,"Que aburrido solo dice lo mismo este estúpido! Ya ni dan ganas de pelear, parece un disco rayado. 🥱🥱🥱🥱","Que aburrido solo dice lo mismo este estúpido! Ya ni dan ganas de pelear, parece un disco rayado. :cara_de_bostezo: :cara_de_bostezo: :cara_de_bostezo: :cara_de_bostezo:",que aburrido solo dice lo mismo este estupido ya ni dan ganas de pelear parece un disco rayado,Lenguaje Ofensivo,1,Insulto Directo,Persona Individual,SÍ,NO,SÍ,102,19,4,0,0,0
10,X,2026-07-13,USER_010,Gracias a Rosemarié Mixco Estrada por retomar la publicación de ayer en el Tres Mil y otro texto que publiqué hace unos años en el Dioy. #GraciasTotales #MujeresSV #CulturaSV #EfeméridesSV,Gracias a Rosemarié Mixco Estrada por retomar la publicación de ayer en el Tres Mil y otro texto que publiqué hace unos años en el Dioy. #GraciasTotales #MujeresSV #CulturaSV #EfeméridesSV,gracias a rosemarie mixco estrada por retomar la publicacion de ayer en el tres mil y otro texto que publique hace unos anos en el dioy graciastotales mujeressv culturasv efemeridessv,No Tóxico,0,,,NO,NO,NO,188,30,0,0,4,0
2081,Facebook,2026-06-25,USER_2081,Noticia más estúpida esta,Noticia más estúpida esta,noticia mas estupida esta,Lenguaje Ofensivo,1,Critica Fuerte,LGBTQ+,NO,NO,NO,25,4,0,0,0,0
2864,X,2026-05-29,USER_2864,"Hoy anuncia una partida de 500 putos millones de euros para inmigrantes de mierda y saca este impuesto. Para pagarlo, claro. Iban a pagar las pensiones, mis cojones morenos. El españolito sigue pagando la fiesta del Saunero Putero.","Hoy anuncia una partida de 500 putos millones de euros para inmigrantes de mierda y saca este impuesto. Para pagarlo, claro. Iban a pagar las pensiones, mis cojones morenos. El españolito sigue pagando la fiesta del Saunero Putero.",hoy anuncia una partida de putos millones de euros para inmigrantes de mierda y saca este impuesto para pagarlo claro iban a pagar las pensiones mis cojones morenos el espanolito sigue pagando la fiesta del saunero putero,Discurso de Odio,2,Xenofobia,Personas inmigrantes,NO,NO,NO,231,38,0,0,0,3
1312,Facebook,2026-06-25,USER_1312,TIKTOKEROS PARASITOS LACRAS VIVIDORES ABUSIVOS,TIKTOKEROS PARASITOS LACRAS VIVIDORES ABUSIVOS,tiktokeros parasitos lacras vividores abusivos,Lenguaje Ofensivo,1,Insulto Directo,Persona Individual,NO,NO,NO,46,5,0,0,0,1
1650,X,2026-05-30,USER_1650,Puta maje ya te estás tardando,Puta maje ya te estás tardando,puta maje ya te estas tardando,No Tóxico,0,,,NO,NO,NO,30,6,0,0,0,2
2868,X,2026-06-27,USER_2868,putos inmigrantes de mierda,putos inmigrantes de mierda,putos inmigrantes de mierda,Discurso de Odio,2,Xenofobia,Personas inmigrantes,NO,NO,NO,27,4,0,0,0,3
202,X,2026-07-14,USER_202,"Con su talento y energía, Banda El Salvador hace vibrar al público y da inicio a la celebración del orgullo nacional . Un espectáculo que llena de música y alegría las calles en este día histórico. #IndependenciaSV #BandaElSalvador #OrgulloSalvadoreño","Con su talento y energía, Banda El Salvador hace vibrar al público y da inicio a la celebración del orgullo nacional . Un espectáculo que llena de música y alegría las calles en este día histórico. #IndependenciaSV #BandaElSalvador #OrgulloSalvadoreño",con su talento y energia banda el salvador hace vibrar al publico y da inicio a la celebracion del orgullo nacional un espectaculo que llena de musica y alegria las calles en este dia historico independenciasv bandaelsalvador orgullosalvadoreno,No Tóxico,0,,,NO,NO,NO,251,39,0,0,3,1
3029,X,2026-06-05,USER_3029,"No vienen ni de visita porque no tienen guita. El país tiene plata, ustedes son unos indios de mierda que no pueden viajar más de 6 hs de vuelo","No vienen ni de visita porque no tienen guita. El país tiene plata, ustedes son unos indios de mierda que no pueden viajar más de 6 hs de vuelo",no vienen ni de visita porque no tienen guita el pais tiene plata ustedes son unos indios de mierda que no pueden viajar mas de hs de vuelo,Discurso de Odio,2,Racismo,Personas latinoamericanas,NO,NO,NO,143,29,0,0,0,3
2542,Facebook,2026-07-22,USER_2542,era mejor que si se uviera muerto evidentemente de irse para el otro lado con los del otro lado jajajajajaj ?? ??,era mejor que si se uviera muerto evidentemente de irse para el otro lado con los del otro lado jajajajajaj ?? ??,era mejor que si se uviera muerto evidentemente de irse para el otro lado con los del otro lado jajajajajaj,Amenazas/Violencia,3,Deseo de Daño,Personas con discapacidad,SI,SI,NO,113,22,0,0,0,2
1176,Facebook,2026-06-26,USER_1176,"Pinche Viejo loco y Ridículo, deja de decir puras pendejadas. B U K E L E AL 💯","Pinche Viejo loco y Ridículo, deja de decir puras pendejadas. B U K E L E AL :cien_puntos:",pinche viejo loco y ridiculo deja de decir puras pendejadas b u k e l e al,Lenguaje Ofensivo,1,Insulto Directo,,SÍ,NO,NO,78,18,1,0,0,2
1085,Facebook,2026-06-22,USER_1085,Que ricura,Que ricura,que ricura,No Tóxico,0,,Persona Individual,NO,NO,NO,10,2,0,0,0,0
546,Facebook,2026-07-14,USER_546,La mejor opción para turistear.,La mejor opción para turistear.,la mejor opcion para turistear,No Tóxico,0,,,NO,NO,NO,31,5,0,0,0,0
1798,X,2026-06-07,USER_1798,@Le_13arri23 en pocas palabras que erees un PENDEJO,@usuario en pocas palabras que erees un PENDEJO,usuario en pocas palabras que erees un pendejo,Lenguaje Ofensivo,1,Insulto Directo,Persona Individual,NO,NO,NO,51,8,0,1,0,1
2394,Facebook,2026-07-21,USER_2394,brillosita le deja la mona el hijueputa de tabcin a trump como al dumas :v jajajajaajajaaja,brillosita le deja la mona el hijueputa de tabcin a trump como al dumas :v jajajajaajajaaja,brillosita le deja la mona el hijueputa de tabcin a trump como al dumas v jajajajaajajaaja,Lenguaje Ofensivo,1,Insulto Directo,Personas LGBT,NO,NO,NO,91,16,0,0,0,1
2708,X,2026-07-03,USER_2708,Malditos indios de mierda,Malditos indios de mierda,malditos indios de mierda,Discurso de Odio,2,Racismo,Personas indigenas,NO,NO,NO,25,4,0,0,0,2
1104,Facebook,2026-06-24,USER_1104,Sin miedo al exito pinocho à vender Coca-Cola,Sin miedo al exito pinocho à vender Coca-Cola,sin miedo al exito pinocho a vender coca cola,Lenguaje Ofensivo,1,Insulto Directo,Funcionarios Públicos,SÍ,NO,SÍ,45,8,0,0,0,0
1195,Facebook,2026-06-26,USER_1195,"Se mira que los dos son pizzorros 🤣🤣🤣🤣🤣. Lo que pasa cuando en verdad ya no hay amor ni nada es mejor que ambos sigan sus caminos pero ya no seguirse martirizando. La realidad Salvadoreña esque ""mejor te hago la vida imposible"" antes que separarse 😂 y eso conlleva a tragedia.","Se mira que los dos son pizzorros :cara_revolviéndose_de_la_risa: :cara_revolviéndose_de_la_risa: :cara_revolviéndose_de_la_risa: :cara_revolviéndose_de_la_risa: :cara_revolviéndose_de_la_risa: . Lo que pasa cuando en verdad ya no hay amor ni nada es mejor que ambos sigan sus caminos pero ya no seguirse martirizando. La realidad Salvadoreña esque ""mejor te hago la vida imposible"" antes que separarse :cara_llorando_de_risa: y eso conlleva a tragedia.",se mira que los dos son pizzorros lo que pasa cuando en verdad ya no hay amor ni nada es mejor que ambos sigan sus caminos pero ya no seguirse martirizando la realidad salvadorena esque mejor te hago la vida imposible antes que separarse y eso conlleva a tragedia,Lenguaje Ofensivo,1,Tono Agresivo,Persona Individual,NO,NO,NO,276,51,6,0,0,0
235,X,2026-07-14,USER_235,"Luis López & Los Prueba, 3 de Mayo Círculo Militar #MusicaSv","Luis López & Los Prueba, 3 de Mayo Círculo Militar #MusicaSv",luis lopez los prueba de mayo circulo militar musicasv,No Tóxico,0,,,NO,NO,NO,60,11,0,0,1,0
1731,X,2026-06-04,USER_1731,"Tu madre pandillero cerote, si arena y el fmln le dio todo el poder a tus hermanos delincuentes para q ellos decidieran quien vivía y quien no, ellos hacían lo q querían con el país mientras ustedes se lucraban $ de los asesinatos, decime quien les pueda creer a ustedes maje 🖕🤷","Tu madre pandillero cerote, si arena y el fmln le dio todo el poder a tus hermanos delincuentes para q ellos decidieran quien vivía y quien no, ellos hacían lo q querían con el país mientras ustedes se lucraban $ de los asesinatos, decime quien les pueda creer a ustedes maje :dedo_corazón_hacia_arriba: :persona_encogida_de_hombros:",tu madre pandillero cerote si arena y el fmln le dio todo el poder a tus hermanos delincuentes para q ellos decidieran quien vivia y quien no ellos hacian lo q querian con el pais mientras ustedes se lucraban de los asesinatos decime quien les pueda creer a ustedes maje,Lenguaje Ofensivo,1,Insulto Directo,Grupos Políticos,NO,NO,SÍ,278,52,2,0,0,4
2689,X,2026-06-16,USER_2689,al final los negros de mierda somos nosotros,al final los negros de mierda somos nosotros,al final los negros de mierda somos nosotros,No Tóxico,0,,Personas negras,NO,NO,NO,44,8,0,0,0,2
1708,X,2026-06-02,USER_1708,"Pobre hijueputa ya sos un clasico el el salvador. El comepepeles, Ajajajajajajjajaajajajajajajajakak Porque no telos metistes ws el culo cerote.","Pobre hijueputa ya sos un clasico el el salvador. El comepepeles, Ajajajajajajjajaajajajajajajajakak Porque no telos metistes ws el culo cerote.",pobre hijueputa ya sos un clasico el el salvador el comepepeles ajajajajajajjajaajajajajajajajakak porque no telos metistes ws el culo cerote,Lenguaje Ofensivo,1,Insulto Directo,Persona Individual,SÍ,NO,NO,144,20,0,0,0,4
1403,Facebook,2026-06-25,USER_1403,Mucha pipianada y lo peor es que lo hacen público como que a los Salvadoreños nos interesara!,Mucha pipianada y lo peor es que lo hacen público como que a los Salvadoreños nos interesara!,mucha pipianada y lo peor es que lo hacen publico como que a los salvadorenos nos interesara,No Tóxico,0,,,NO,NO,NO,93,17,0,0,0,0
467,X,2026-07-14,USER_467,"Y porque todavía este demonio viejo tiene PPI ? déjenlo solo , ya estas basuras tóxicas deberían de estar o bajo tierra o preso junto con los mareros .","Y porque todavía este demonio viejo tiene PPI ? déjenlo solo , ya estas basuras tóxicas deberían de estar o bajo tierra o preso junto con los mareros .",y porque todavia este demonio viejo tiene ppi dejenlo solo ya estas basuras toxicas deberian de estar o bajo tierra o preso junto con los mareros,Amenazas/Violencia,3,Deseo de Daño,Individuo y Pandilleros,NO,NO,NO,151,29,0,0,0,3
1135,Facebook,2026-06-25,USER_1135,Y que es esa mier💩? Yo jamas lo vi!!!!,Y que es esa mier :caca_con_ojos: ? Yo jamas lo vi!!!!,y que es esa mier yo jamas lo vi,Lenguaje Ofensivo,1,Palabras Obscenas,,NO,NO,NO,38,9,1,0,0,0
706,Facebook,2026-07-14,USER_706,Gracias Presidente Bukele. Un gran der humano.,Gracias Presidente Bukele. Un gran der humano.,gracias presidente bukele un gran der humano,No Tóxico,0,,,NO,NO,SÍ,46,7,0,0,0,0
2995,X,2026-07-10,USER_2995,"Yo ya hubiera hecho una Matanza jajajajaja, que verga tener a esos negros de mierda y encima en tu vereda.","Yo ya hubiera hecho una Matanza jajajajaja, que verga tener a esos negros de mierda y encima en tu vereda.",yo ya hubiera hecho una matanza jajajajaja que verga tener a esos negros de mierda y encima en tu vereda,Amenazas/Violencia,3,Deseo de Daño,Personas negras o racializadas,NO,NO,NO,106,20,0,0,0,3
1185,Facebook,2026-06-26,USER_1185,Este salióas ladrón otra forma de robar antes de salir del puesto,Este salióas ladrón otra forma de robar antes de salir del puesto,este salioas ladron otra forma de robar antes de salir del puesto,Lenguaje Ofensivo,1,Insulto Directo,Persona Individual,SÍ,SÍ,SÍ,65,12,0,0,0,1
1441,Facebook,2026-06-14,USER_1441,Lo Que paso es Que te cagaste segui ofendiendo eso no es oposicion en todas partes hay leyes que respetar,Lo Que paso es Que te cagaste segui ofendiendo eso no es oposicion en todas partes hay leyes que respetar,lo que paso es que te cagaste segui ofendiendo eso no es oposicion en todas partes hay leyes que respetar,Lenguaje Ofensivo,1,Tono Agresivo,Persona Individual,NO,NO,SÍ,105,20,0,0,0,0
786,Facebook,2026-07-18,USER_786,Topenla,Topenla,topenla,Amenazas/Violencia,3,Incitación a la Violencia,Individuo,NO,NO,NO,7,1,0,0,0,0
834,Facebook,2026-07-19,USER_834,Dioguarde por andar de chuchas podridas les van aterminar,Dioguarde por andar de chuchas podridas les van aterminar,dioguarde por andar de chuchas podridas les van aterminar,Amenazas/Violencia,3,Amenaza Implícita,Individuo(s) no identificado(s) en el hilo,NO,NO,NO,57,9,0,0,0,0
2906,X,2026-07-09,USER_2906,Destruyen la ciudad pero la funcionaria progre de turno dece que hay que dejarlos festejar a los monos total los que pagan impuestos son los parisinos y los inmigrantes de mierda que rompen todo son mascotas del estado Un delirio,Destruyen la ciudad pero la funcionaria progre de turno dece que hay que dejarlos festejar a los monos total los que pagan impuestos son los parisinos y los inmigrantes de mierda que rompen todo son mascotas del estado Un delirio,destruyen la ciudad pero la funcionaria progre de turno dece que hay que dejarlos festejar a los monos total los que pagan impuestos son los parisinos y los inmigrantes de mierda que rompen todo son mascotas del estado un delirio,Discurso de Odio,2,Xenofobia,Personas inmigrantes,NO,NO,NO,229,40,0,0,0,2
3097,X,2026-07-27,USER_3097,Me tienen re podrido estos inmigrantes de mierda. Los quiero a TODOS deportados. Basta de mantener a estos hijos de puta.,Me tienen re podrido estos inmigrantes de mierda. Los quiero a TODOS deportados. Basta de mantener a estos hijos de puta.,me tienen re podrido estos inmigrantes de mierda los quiero a todos deportados basta de mantener a estos hijos de puta,Discurso de Odio,2,Xenofobia,Inmigrantes,NO,NO,SÍ,121,21,0,0,0,3
2342,Facebook,2026-07-21,USER_2342,"Chale, estaba bien que ecuakong diera pena Pero argentina no debió pasar a eso","Chale, estaba bien que ecuakong diera pena Pero argentina no debió pasar a eso",chale estaba bien que ecuakong diera pena pero argentina no debio pasar a eso,Discurso de Odio,2,Xenofobia,"Ecuatorianos, Argentinos",NO,NO,NO,78,14,0,0,0,0
1916,X,2026-06-14,USER_1916,"que estúpidas, ni que los chicos les deberían algo como para que anden reclamando, si no les cuadra pues tuki tuki sabanero y cada uno pa la verga","que estúpidas, ni que los chicos les deberían algo como para que anden reclamando, si no les cuadra pues tuki tuki sabanero y cada uno pa la verga",que estupidas ni que los chicos les deberian algo como para que anden reclamando si no les cuadra pues tuki tuki sabanero y cada uno pa la verga,Lenguaje Ofensivo,1,Insulto Directo,Persona Individual,SÍ,NO,SÍ,146,28,0,0,0,1
2107,Facebook,2026-06-22,USER_2107,"Te entiendo Patricia, pero déjame q siga yo con un poquito de esperanzas, sigo y espero que este país , nuestra Argentina, me…","Te entiendo Patricia, pero déjame q siga yo con un poquito de esperanzas, sigo y espero que este país , nuestra Argentina, me…",te entiendo patricia pero dejame q siga yo con un poquito de esperanzas sigo y espero que este pais nuestra argentina me,No Tóxico,0,,Personas argentinas,SI,SI,NO,126,23,0,0,0,1
2253,Facebook,2026-06-08,USER_2253,Que chingue asu madre argentina,Que chingue asu madre argentina,que chingue asu madre argentina,Lenguaje Ofensivo,1,Palabras Obscenas,Personas argentinas,SI,SI,NO,31,5,0,0,0,0
814,Facebook,2026-07-18,USER_814,Pero al cecot que no vuelva s salir algo esta planeando en los penales ojo,Pero al cecot que no vuelva s salir algo esta planeando en los penales ojo,pero al cecot que no vuelva s salir algo esta planeando en los penales ojo,Amenazas/Violencia,3,Deseo de Daño,Individuo/Grupo (reincidentes penales),NO,NO,NO,74,15,0,0,0,0
17,X,2026-07-13,USER_017,"Por primera vez El Salvador es hoy sede del prestigioso triatlón IronMan 70.3, una combinación de natación ciclismo y carrera. Con esta actividad se impulsa el turismo deportivo #VisitElSalvador #IRONMANElSalvador","Por primera vez El Salvador es hoy sede del prestigioso triatlón IronMan 70.3, una combinación de natación ciclismo y carrera. Con esta actividad se impulsa el turismo deportivo #VisitElSalvador #IRONMANElSalvador",por primera vez el salvador es hoy sede del prestigioso triatlon ironman una combinacion de natacion ciclismo y carrera con esta actividad se impulsa el turismo deportivo visitelsalvador ironmanelsalvador,No Tóxico,0,,,NO,NO,SÍ,213,30,0,0,2,1
581,Facebook,2026-07-14,USER_581,Que en paz descanse su alma. Deja su legado en este país.,Que en paz descanse su alma. Deja su legado en este país.,que en paz descanse su alma deja su legado en este pais,No Tóxico,0,,,NO,NO,NO,57,12,0,0,0,0
1108,Facebook,2026-06-24,USER_1108,Cruzito Morán vos tragas de los calendarios basura y de las luces del centro oend,Cruzito Morán vos tragas de los calendarios basura y de las luces del centro oend,cruzito moran vos tragas de los calendarios basura y de las luces del centro oend,Lenguaje Ofensivo,1,Insulto Directo,Persona Individual,NO,NO,SÍ,81,15,0,0,0,1
835,Facebook,2026-07-19,USER_835,Topenlos por vayunquitos.al cecot.,Topenlos por vayunquitos.al cecot.,topenlos por vayunquitos al cecot,Amenazas/Violencia,3,Incitación a la Violencia,"Individuo señalado (""vayunquitos"")",NO,NO,NO,34,4,0,0,0,0
2312,Facebook,2026-07-21,USER_2312,"""la religión es el opio del pueblo"" tu ideología política mata a los Cristianos zurdo pendejo","""la religión es el opio del pueblo"" tu ideología política mata a los Cristianos zurdo pendejo",la religion es el opio del pueblo tu ideologia politica mata a los cristianos zurdo pendejo,Lenguaje Ofensivo,1,Insulto Directo,Cristianos,NO,NO,NO,93,16,0,0,0,2
489,X,2026-07-14,USER_489,"El sueño de los salvadoreños honrados y trabajadores, ciudades, colonias y barrios sin mareros, porq estarán presos o muertos. El Pueblo está con uds y el ejército, apoyamos 100% lo que está haciendo nuestro presidente @nayibbukele . Bendiciones y salud para todos uds","El sueño de los salvadoreños honrados y trabajadores, ciudades, colonias y barrios sin mareros, porq estarán presos o muertos. El Pueblo está con uds y el ejército, apoyamos 100% lo que está haciendo nuestro presidente @usuario . Bendiciones y salud para todos uds",el sueno de los salvadorenos honrados y trabajadores ciudades colonias y barrios sin mareros porq estaran presos o muertos el pueblo esta con uds y el ejercito apoyamos lo que esta haciendo nuestro presidente usuario bendiciones y salud para todos uds,Amenazas/Violencia,3,Deseo de Daño,Pandilleros/Mareros,NO,NO,SÍ,268,43,0,1,0,3
2448,Facebook,2026-07-22,USER_2448,Tambien hay monos blancos,Tambien hay monos blancos,tambien hay monos blancos,Discurso de Odio,2,Racismo,Personas morenas,NO,NO,NO,25,4,0,0,0,0
2375,Facebook,2026-07-22,USER_2375,Negro con guita no come conguita,Negro con guita no come conguita,negro con guita no come conguita,Discurso de Odio,2,Racismo,Afrodescendientes,NO,NO,NO,32,6,0,0,0,2
1484,Facebook,2026-07-26,USER_1484,Ese pendejo mejor quémela pele aBukele nadie lo sacara del lugar q Dios leadado,Ese pendejo mejor quémela pele aBukele nadie lo sacara del lugar q Dios leadado,ese pendejo mejor quemela pele abukele nadie lo sacara del lugar q dios leadado,Lenguaje Ofensivo,1,Insulto Directo,Persona Individual,NO,NO,SÍ,79,14,0,0,0,1
692,Facebook,2026-07-14,USER_692,Total apoyo para el presidente Nayib Bukele,Total apoyo para el presidente Nayib Bukele,total apoyo para el presidente nayib bukele,No Tóxico,0,,,NO,NO,SÍ,43,7,0,0,0,0
1223,Facebook,2026-06-26,USER_1223,Que cinico es buen ladron pues comera panes con chumpe enla prision,Que cinico es buen ladron pues comera panes con chumpe enla prision,que cinico es buen ladron pues comera panes con chumpe enla prision,Lenguaje Ofensivo,1,Insulto Directo,,SÍ,NO,NO,67,12,0,0,0,2
1037,Facebook,2026-06-10,USER_1037,Todos eso son los parásitos de la sociedad no aportan nada bueno para la niñez y la adolecencia son pura basura,Todos eso son los parásitos de la sociedad no aportan nada bueno para la niñez y la adolecencia son pura basura,todos eso son los parasitos de la sociedad no aportan nada bueno para la ninez y la adolecencia son pura basura,Lenguaje Ofensivo,1,Insulto Directo,,NO,NO,NO,111,21,0,0,0,2
1043,Facebook,2026-06-10,USER_1043,Cuanta ignorancia de la gente en ver estas pendejadas...,Cuanta ignorancia de la gente en ver estas pendejadas...,cuanta ignorancia de la gente en ver estas pendejadas,Lenguaje Ofensivo,1,Insulto Directo,,NO,NO,NO,56,9,0,0,0,0
207,X,2026-07-14,USER_207,#ElSalvador. Buenos días mundo desde el Golfo de Fonseca. #TurismoVivo #TurismoRuralSV,#ElSalvador. Buenos días mundo desde el Golfo de Fonseca. #TurismoVivo #TurismoRuralSV,elsalvador buenos dias mundo desde el golfo de fonseca turismovivo turismoruralsv,No Tóxico,0,,,NO,NO,NO,86,11,0,0,3,0
1795,X,2026-06-07,USER_1795,es que el deliririum tremes y la cirrosis ya le carcomieron el cerebro lleno de mierda que este borracho cholco boca podrida jajajaja,es que el deliririum tremes y la cirrosis ya le carcomieron el cerebro lleno de mierda que este borracho cholco boca podrida jajajaja,es que el deliririum tremes y la cirrosis ya le carcomieron el cerebro lleno de mierda que este borracho cholco boca podrida jajajaja,Lenguaje Ofensivo,1,Insulto Directo,Persona Individual,SÍ,NO,SÍ,133,23,0,0,0,2
562,Facebook,2026-07-14,USER_562,Hay seguridad y eso vale muchísimo,Hay seguridad y eso vale muchísimo,hay seguridad y eso vale muchisimo,No Tóxico,0,,,NO,NO,NO,34,6,0,0,0,0
1686,X,2026-06-02,USER_1686,Vieja estúpida como se atreve a jugar con las familias de tantos asesinatos por esos malditos violadores ladrones ladrones vállese al infierno junto con ellos espero nunca sus hijos sufran lo que nosotros sufrimos de esas basura deberían pedir perdón a las familias salvadoreñas,Vieja estúpida como se atreve a jugar con las familias de tantos asesinatos por esos malditos violadores ladrones ladrones vállese al infierno junto con ellos espero nunca sus hijos sufran lo que nosotros sufrimos de esas basura deberían pedir perdón a las familias salvadoreñas,vieja estupida como se atreve a jugar con las familias de tantos asesinatos por esos malditos violadores ladrones ladrones vallese al infierno junto con ellos espero nunca sus hijos sufran lo que nosotros sufrimos de esas basura deberian pedir perdon a las familias salvadorenas,Lenguaje Ofensivo,1,Insulto Directo,Persona Individual,NO,NO,SÍ,278,44,0,0,0,3
1915,X,2026-07-08,USER_1915,El patán inglés... @Elpatanbbe es un pendejo salvadoreño,El patán inglés... @usuario es un pendejo salvadoreño,el patan ingles usuario es un pendejo salvadoreno,Lenguaje Ofensivo,1,Insulto Directo,Persona Individual,NO,NO,NO,56,8,0,1,0,1
2445,Facebook,2026-07-23,USER_2445,El messi-medio sin cagar,El messi-medio sin cagar,el messi medio sin cagar,Lenguaje Ofensivo,1,Palabras Obscenas,Personas con sobrepeso,NO,NO,NO,24,4,0,0,0,0
472,X,2026-07-14,USER_472,¿Que se quemó el Penal de Mariona? Ya era hora que quedaran calcinados ese vergo de mareros cerotes.,¿Que se quemó el Penal de Mariona? Ya era hora que quedaran calcinados ese vergo de mareros cerotes.,que se quemo el penal de mariona ya era hora que quedaran calcinados ese vergo de mareros cerotes,Amenazas/Violencia,3,Celebración de Violencia,Pandilleros/Mareros,NO,NO,NO,100,18,0,0,0,2
965,Facebook,2026-07-24,USER_965,Eso lo hubiera pensado antes de meterle la pata al vehículo. Estos cafres del volante no aprenden todo el tiempo andan corriendo los unos con los otros por los pasajeros y con la gran bulla de la música. Y cuando el usuario les reclama se enojan y lo insultan. Este maje ahora esta chillando pero les aseguro que si lo dejan libre ya va andar en las mismas no aprenden. Que lo topen bien por que es gente la que transportan no ganado ni paja. que pague con creses la vida que trunco por andar de chivata da.,Eso lo hubiera pensado antes de meterle la pata al vehículo. Estos cafres del volante no aprenden todo el tiempo andan corriendo los unos con los otros por los pasajeros y con la gran bulla de la música. Y cuando el usuario les reclama se enojan y lo insultan. Este maje ahora esta chillando pero les aseguro que si lo dejan libre ya va andar en las mismas no aprenden. Que lo topen bien por que es gente la que transportan no ganado ni paja. que pague con creses la vida que trunco por andar de chivata da.,eso lo hubiera pensado antes de meterle la pata al vehiculo estos cafres del volante no aprenden todo el tiempo andan corriendo los unos con los otros por los pasajeros y con la gran bulla de la musica y cuando el usuario les reclama se enojan y lo insultan este maje ahora esta chillando pero les aseguro que si lo dejan libre ya va andar en las mismas no aprenden que lo topen bien por que es gente la que transportan no ganado ni paja que pague con creses la vida que trunco por andar de chivata da,Amenazas/Violencia,3,Incitación a la Violencia,Individuo,NO,NO,NO,507,98,0,0,0,3
386,X,2026-07-14,USER_386,"Asi que ahora todos los mareros, asaltantes y demás estarán en casa. Gracias a los jueces corruptos que merecen la guillotina en la plaza.","Asi que ahora todos los mareros, asaltantes y demás estarán en casa. Gracias a los jueces corruptos que merecen la guillotina en la plaza.",asi que ahora todos los mareros asaltantes y demas estaran en casa gracias a los jueces corruptos que merecen la guillotina en la plaza,Amenazas/Violencia,3,Deseo de Daño,Individuo (jueces),NO,NO,SÍ,138,24,0,0,0,1
1842,X,2026-06-07,USER_1842,"Pero récords que te fuiste porque El Salvador 🇸🇻 de ese tu entonces no daba nada por vos, dejaste tu tierra porque acá no hacías ni mierda, ahora venía con capital hecho en USA y crees que lo sabes todo, acá te vas a dar en los DIENTES 🦷 porque acá no tenes garantías","Pero récords que te fuiste porque El Salvador :bandera_el_salvador: de ese tu entonces no daba nada por vos, dejaste tu tierra porque acá no hacías ni mierda, ahora venía con capital hecho en USA y crees que lo sabes todo, acá te vas a dar en los DIENTES :diente: porque acá no tenes garantías",pero records que te fuiste porque el salvador de ese tu entonces no daba nada por vos dejaste tu tierra porque aca no hacias ni mierda ahora venia con capital hecho en usa y crees que lo sabes todo aca te vas a dar en los dientes porque aca no tenes garantias,Lenguaje Ofensivo,1,Tono Agresivo,Persona Individual,SÍ,NO,SÍ,267,54,2,0,0,3
1342,Facebook,2026-06-25,USER_1342,Esta cagando quiere papel,Esta cagando quiere papel,esta cagando quiere papel,Lenguaje Ofensivo,1,Palabras Obscenas,Persona Individual,NO,NO,NO,25,4,0,0,0,0
277,X,2026-07-14,USER_277,Por que no matar unos 100 malditos pandilleros y otros 100 en las cárceles hijos de puta malditos mareros algundia esa peste tendrá que terminar @nayibbukele señor presidente. Meta del todo a todos esos pandilleros en las cárcel y no se merecen ni que coman en paz descanse héroes,Por que no matar unos 100 malditos pandilleros y otros 100 en las cárceles hijos de puta malditos mareros algundia esa peste tendrá que terminar @usuario señor presidente. Meta del todo a todos esos pandilleros en las cárcel y no se merecen ni que coman en paz descanse héroes,por que no matar unos malditos pandilleros y otros en las carceles hijos de puta malditos mareros algundia esa peste tendra que terminar usuario senor presidente meta del todo a todos esos pandilleros en las carcel y no se merecen ni que coman en paz descanse heroes,Amenazas/Violencia,3,Incitación a la Violencia,Pandilleros/Mareros,NO,NO,SÍ,280,49,0,1,0,4
1044,Facebook,2026-06-10,USER_1044,No creo que exista tanta gente que le guste ese tipo de basura,No creo que exista tanta gente que le guste ese tipo de basura,no creo que exista tanta gente que le guste ese tipo de basura,Lenguaje Ofensivo,1,Insulto Directo,,NO,NO,NO,62,13,0,0,0,1
511,Facebook,2026-07-14,USER_511,Bamos españa,Bamos españa,bamos espana,No Tóxico,0,,,NO,NO,NO,12,2,0,0,0,0
1778,X,2026-06-07,USER_1778,Ya aburre este tipo solo haciendo pendejadas y la ley bien gracias 😃,Ya aburre este tipo solo haciendo pendejadas y la ley bien gracias :cara_sonriendo_con_ojos_grandes:,ya aburre este tipo solo haciendo pendejadas y la ley bien gracias,Lenguaje Ofensivo,1,Crítica Fuerte,Persona Individual,NO,NO,NO,68,13,1,0,0,0
2758,X,2026-06-20,USER_2758,España ganó sin necesidad de alguna trampa de Yamal. Ahhh si hubo. Se tiro al pie del francés y penal sòlo eso hizo. Cimo todos los barcelonistas y independentistas moros de mierda. Trampa no era penal y punto,España ganó sin necesidad de alguna trampa de Yamal. Ahhh si hubo. Se tiro al pie del francés y penal sòlo eso hizo. Cimo todos los barcelonistas y independentistas moros de mierda. Trampa no era penal y punto,espana gano sin necesidad de alguna trampa de yamal ahhh si hubo se tiro al pie del frances y penal solo eso hizo cimo todos los barcelonistas y independentistas moros de mierda trampa no era penal y punto,Discurso de Odio,2,Islamofobia,Personas musulmanas,NO,NO,NO,209,38,0,0,0,1
506,Facebook,2026-07-14,USER_506,Sería bueno que ganará la copa pero veremos hoy que tal le va,Sería bueno que ganará la copa pero veremos hoy que tal le va,seria bueno que ganara la copa pero veremos hoy que tal le va,No Tóxico,0,,,NO,NO,NO,61,13,0,0,0,0
2524,Facebook,2026-07-20,USER_2524,"Ese temblor es una señal del cielo, Messi va a perder la final, la biblia lo dice, en los días de finales habrán terremotos y justamente el domingo hay final, jajajaja","Ese temblor es una señal del cielo, Messi va a perder la final, la biblia lo dice, en los días de finales habrán terremotos y justamente el domingo hay final, jajajaja",ese temblor es una senal del cielo messi va a perder la final la biblia lo dice en los dias de finales habran terremotos y justamente el domingo hay final jajajaja,No Tóxico,0,,Cristianos,SI,SI,NO,167,31,0,0,0,0
1668,X,2026-06-02,USER_1668,"Pura vieja chambrosa quedaste , y de payaso pendejo ...quien te manda a teener tantos hijos ...mantenido ...hagase responsable como padre...el gobierno hace su parte que le corresponde o que quieres imbecil","Pura vieja chambrosa quedaste , y de payaso pendejo ...quien te manda a teener tantos hijos ...mantenido ...hagase responsable como padre...el gobierno hace su parte que le corresponde o que quieres imbecil",pura vieja chambrosa quedaste y de payaso pendejo quien te manda a teener tantos hijos mantenido hagase responsable como padre el gobierno hace su parte que le corresponde o que quieres imbecil,Lenguaje Ofensivo,1,Insulto Directo,Persona Individual,NO,NO,SÍ,206,32,0,0,0,3
59,X,2026-07-13,USER_059,"#DePaís | Estas son las actividades a desarrollarse este 6 de agosto, en el marco de las #FiestasAgostinas.","#DePaís | Estas son las actividades a desarrollarse este 6 de agosto, en el marco de las #FiestasAgostinas.",depais estas son las actividades a desarrollarse este de agosto en el marco de las fiestasagostinas,No Tóxico,0,,,NO,NO,NO,107,18,0,0,2,0
2122,Facebook,2026-07-06,USER_2122,Alexander Sagastume y guatemalisima?,Alexander Sagastume y guatemalisima?,alexander sagastume y guatemalisima,No Tóxico,0,,Personas argentinas,SI,SI,NO,36,4,0,0,0,0
1316,Facebook,2026-06-25,USER_1316,"Que no joda y estos pdjos piensan que 🤔 en todo lugar es obligatorio dejarlos entrar están cagados si así piensan en un lugar sea Restaurante, discoteca, etc tienen normas y se reservan el derecho de admisión y si alguien no llena ese perfil sencillo no entra por más que se pongan a llorar 😢 y de paso en esos lugares se llega a gastar y no a pedir","Que no joda y estos pdjos piensan que :cara_pensativa: en todo lugar es obligatorio dejarlos entrar están cagados si así piensan en un lugar sea Restaurante, discoteca, etc tienen normas y se reservan el derecho de admisión y si alguien no llena ese perfil sencillo no entra por más que se pongan a llorar :cara_llorando: y de paso en esos lugares se llega a gastar y no a pedir",que no joda y estos pdjos piensan que en todo lugar es obligatorio dejarlos entrar estan cagados si asi piensan en un lugar sea restaurante discoteca etc tienen normas y se reservan el derecho de admision y si alguien no llena ese perfil sencillo no entra por mas que se pongan a llorar y de paso en esos lugares se llega a gastar y no a pedir,Lenguaje Ofensivo,1,Insulto Directo,Persona Individual,SÍ,NO,NO,349,69,2,0,0,0
1300,Facebook,2026-07-11,USER_1300,"Tiene razón sus seguidores son tontos por seguirlo y darle dinero a quien no lo necesita, que trabaje","Tiene razón sus seguidores son tontos por seguirlo y darle dinero a quien no lo necesita, que trabaje",tiene razon sus seguidores son tontos por seguirlo y darle dinero a quien no lo necesita que trabaje,Lenguaje Ofensivo,1,Insulto Directo,Persona Individual,NO,NO,NO,101,18,0,0,0,0
176,X,2026-07-13,USER_176,"270 estudiantes del Centro Escolar Caserío El Desagüe, Cantón Belén Guijat, recibieron pupitres nuevos que serán de ayuda para mejorar sus condiciones educativas. #MiNuevaEscuela #EducacionSV","270 estudiantes del Centro Escolar Caserío El Desagüe, Cantón Belén Guijat, recibieron pupitres nuevos que serán de ayuda para mejorar sus condiciones educativas. #MiNuevaEscuela #EducacionSV",estudiantes del centro escolar caserio el desague canton belen guijat recibieron pupitres nuevos que seran de ayuda para mejorar sus condiciones educativas minuevaescuela educacionsv,No Tóxico,0,,,NO,NO,SÍ,191,25,0,0,2,0
1602,X,2026-05-30,USER_1602,Amigo de la perra que te cagó es. Y se la pisan entre los dos todos los días,Amigo de la perra que te cagó es. Y se la pisan entre los dos todos los días,amigo de la perra que te cago es y se la pisan entre los dos todos los dias,Lenguaje Ofensivo,1,Palabras Obscenas,Persona Individual,NO,NO,NO,76,18,0,0,0,1
169,X,2026-07-13,USER_169,#ElSalvador La esperada promoción MEGASHOPPING CUSCATLAN está de regreso para consentir a los clientes más fieles del @BancoCUSCATLAN_ . #CUSCATLAN #Megashopping #ElSalvador #TarjetasCUSCATLAN #Premios #FidelidadCliente Cortesía A.O.,#ElSalvador La esperada promoción MEGASHOPPING CUSCATLAN está de regreso para consentir a los clientes más fieles del @usuario . #CUSCATLAN #Megashopping #ElSalvador #TarjetasCUSCATLAN #Premios #FidelidadCliente Cortesía A.O.,elsalvador la esperada promocion megashopping cuscatlan esta de regreso para consentir a los clientes mas fieles del usuario cuscatlan megashopping elsalvador tarjetascuscatlan premios fidelidadcliente cortesia a o,No Tóxico,0,,,NO,NO,NO,233,27,0,1,7,0
396,X,2026-07-14,USER_396,"Si en Arabia Saudita, ejecutan solo por tener vínculos con las drogas. Ahora, esos mal nacidos mareros que asesinan inocentes se merecen ejecutarlos con tortura. Deja de pedir transparencia, que mas transparencia cuando salís a la calle y la ves bien limpia de esa escoria.","Si en Arabia Saudita, ejecutan solo por tener vínculos con las drogas. Ahora, esos mal nacidos mareros que asesinan inocentes se merecen ejecutarlos con tortura. Deja de pedir transparencia, que mas transparencia cuando salís a la calle y la ves bien limpia de esa escoria.",si en arabia saudita ejecutan solo por tener vinculos con las drogas ahora esos mal nacidos mareros que asesinan inocentes se merecen ejecutarlos con tortura deja de pedir transparencia que mas transparencia cuando salis a la calle y la ves bien limpia de esa escoria,Amenazas/Violencia,3,Incitación a la Violencia,Pandilleros/Mareros,NO,NO,NO,273,45,0,0,0,3
2643,X,2026-07-06,USER_2643,Venezolanos de mierda,Venezolanos de mierda,venezolanos de mierda,Discurso de Odio,2,Xenofobia,Personas venezolanas,NO,NO,NO,21,3,0,0,0,1
443,X,2026-07-14,USER_443,Sería perfecto de que con esas mismas armas decomisadas vayan creando ya el grupo de comunidad anti pandillas y quebrar les el culo a cada pandillero; como dijo alguien pandillero visto pandillero muerto sin piedad es de hacerlo,Sería perfecto de que con esas mismas armas decomisadas vayan creando ya el grupo de comunidad anti pandillas y quebrar les el culo a cada pandillero; como dijo alguien pandillero visto pandillero muerto sin piedad es de hacerlo,seria perfecto de que con esas mismas armas decomisadas vayan creando ya el grupo de comunidad anti pandillas y quebrar les el culo a cada pandillero como dijo alguien pandillero visto pandillero muerto sin piedad es de hacerlo,Amenazas/Violencia,3,Incitación a la Violencia,Pandilleros,NO,NO,NO,228,38,0,0,0,4
1776,X,2026-06-07,USER_1776,Y estas basuras prepotentes son el ejemplo para nuestra juventud??? Ya deberían dejar de poner un pedestal a esta gentuza,Y estas basuras prepotentes son el ejemplo para nuestra juventud??? Ya deberían dejar de poner un pedestal a esta gentuza,y estas basuras prepotentes son el ejemplo para nuestra juventud ya deberian dejar de poner un pedestal a esta gentuza,Lenguaje Ofensivo,1,Insulto Directo,Persona Individual,NO,NO,NO,121,20,0,0,0,0
1309,Facebook,2026-07-11,USER_1309,Pobre basura y los tontos que lo ayudan,Pobre basura y los tontos que lo ayudan,pobre basura y los tontos que lo ayudan,Lenguaje Ofensivo,1,Insulto Directo,,SÍ,NO,NO,39,8,0,0,0,1
1295,Facebook,2026-07-12,USER_1295,Y esa mierda para que sirve!!! Hahah se pasan de chile 🌶️ esa vasura no la necesitamos en USA,Y esa mierda para que sirve!!! Hahah se pasan de chile :chile_picante: esa vasura no la necesitamos en USA,y esa mierda para que sirve hahah se pasan de chile esa vasura no la necesitamos en usa,Lenguaje Ofensivo,1,Insulto Directo,,NO,NO,NO,93,19,1,0,0,2
239,X,2026-07-14,USER_239,¡Mucha suerte a nuestra querida @LaSelecta_SLV ! Les mandamos buena vibra a nuestro estilo con nuestras galletas decoradas de la #SelectaSV. Camiseta edición Mundial España ‘82 . Pedidos de galletas decoradas con 48hrs anticipación (visita nuestro perfil en IG),¡Mucha suerte a nuestra querida @usuario ! Les mandamos buena vibra a nuestro estilo con nuestras galletas decoradas de la #SelectaSV. Camiseta edición Mundial España '82 . Pedidos de galletas decoradas con 48hrs anticipación (visita nuestro perfil en IG),mucha suerte a nuestra querida usuario les mandamos buena vibra a nuestro estilo con nuestras galletas decoradas de la selectasv camiseta edicion mundial espana pedidos de galletas decoradas con hrs anticipacion visita nuestro perfil en ig,No Tóxico,0,,,NO,NO,NO,261,39,0,1,1,1
1581,X,2026-05-24,USER_1581,"Qué se vaya esa maldita lacra, comiendo de los impuestos de los qué trabajamos honestamente.","Qué se vaya esa maldita lacra, comiendo de los impuestos de los qué trabajamos honestamente.",que se vaya esa maldita lacra comiendo de los impuestos de los que trabajamos honestamente,Lenguaje Ofensivo,1,Insulto Directo,Persona Individual,NO,NO,SÍ,92,15,0,0,0,1
1299,Facebook,2026-07-11,USER_1299,Dinero que ocupan solo para chupar y periquiar y sus seguidores aguantando hambre para ayudar al pobre tik toker jajajaja,Dinero que ocupan solo para chupar y periquiar y sus seguidores aguantando hambre para ayudar al pobre tik toker jajajaja,dinero que ocupan solo para chupar y periquiar y sus seguidores aguantando hambre para ayudar al pobre tik toker jajajaja,Lenguaje Ofensivo,1,Tono Agresivo,Persona Individual,NO,NO,NO,121,20,0,0,0,0
801,Facebook,2026-07-18,USER_801,Ni modo en el cecot hay lugar para ella,Ni modo en el cecot hay lugar para ella,ni modo en el cecot hay lugar para ella,Amenazas/Violencia,3,Deseo de Daño,Individuo (mujer acusada de cobrar renta/extorsión),NO,NO,NO,39,9,0,0,0,0
1924,X,2026-06-14,USER_1924,Yo no veo que en el Salvador se estén quejado. Tu que buey?? Si se tratase de un imbécil con delirios de grandeza o un narco terrorista como maduro o un joto como el kks ahí si habría problema ChRPM putote.,Yo no veo que en el Salvador se estén quejado. Tu que buey?? Si se tratase de un imbécil con delirios de grandeza o un narco terrorista como maduro o un joto como el kks ahí si habría problema ChRPM putote.,yo no veo que en el salvador se esten quejado tu que buey si se tratase de un imbecil con delirios de grandeza o un narco terrorista como maduro o un joto como el kks ahi si habria problema chrpm putote,Lenguaje Ofensivo,1,Insulto Directo,Persona Individual,SÍ,NO,SÍ,206,41,0,0,0,3
3070,X,2026-06-09,USER_3070,"Un gobierno vuelve a tener ingerencia en la FIFA, primero con la tarjeta de Balogun y ahora con una pancarta de índole política cuando claramente esto no esta prohibido, estos Judíos de mierda dicen después que juegan ""contra todos"" JAJAJAJAJAJAJA","Un gobierno vuelve a tener ingerencia en la FIFA, primero con la tarjeta de Balogun y ahora con una pancarta de índole política cuando claramente esto no esta prohibido, estos Judíos de mierda dicen después que juegan ""contra todos"" JAJAJAJAJAJAJA",un gobierno vuelve a tener ingerencia en la fifa primero con la tarjeta de balogun y ahora con una pancarta de indole politica cuando claramente esto no esta prohibido estos judios de mierda dicen despues que juegan contra todos jajajajajajaja,Discurso de Odio,2,Antisemitismo,Personas judias,NO,NO,NO,247,40,0,0,0,2
2490,Facebook,2026-07-20,USER_2490,grrr dame agua potable,grrr dame agua potable,grrr dame agua potable,No Tóxico,0,,Personas sin acceso a agua potable,NO,NO,NO,22,4,0,0,0,0
866,Facebook,2026-07-19,USER_866,Metamolo al cecot eso quiere aunque yore y searepienta noay lugar para estos malnasidos señor preside te mandelo al secot,Metamolo al cecot eso quiere aunque yore y searepienta noay lugar para estos malnasidos señor preside te mandelo al secot,metamolo al cecot eso quiere aunque yore y searepienta noay lugar para estos malnasidos senor preside te mandelo al secot,Amenazas/Violencia,3,Deseo de Daño,Presunto delincuente señalado,NO,NO,NO,121,20,0,0,0,0
891,Facebook,2026-07-20,USER_891,"Q. Bien xq murieron niños ,mujeres d todo q no debían nada .pues q s mueran estos desgraciados","Q. Bien xq murieron niños ,mujeres d todo q no debían nada .pues q s mueran estos desgraciados",q bien xq murieron ninos mujeres d todo q no debian nada pues q s mueran estos desgraciados,Amenazas/Violencia,3,Deseo de Daño,Detenidos del régimen,NO,NO,NO,94,18,0,0,0,1
2946,X,2026-05-31,USER_2946,Prueben esa mierda antes malparidos estúpidos a la final el que queda mal es westcol no ustedes malparidos venezolanos de mierda,Prueben esa mierda antes malparidos estúpidos a la final el que queda mal es westcol no ustedes malparidos venezolanos de mierda,prueben esa mierda antes malparidos estupidos a la final el que queda mal es westcol no ustedes malparidos venezolanos de mierda,Discurso de Odio,2,Xenofobia,Personas inmigrantes,NO,NO,NO,128,21,0,0,0,1
387,X,2026-07-14,USER_387,"Uno quiere mandar a los mareros a la guillotina y su nuevo socio pacta y hace tratos con ellos, quién los entiende?","Uno quiere mandar a los mareros a la guillotina y su nuevo socio pacta y hace tratos con ellos, quién los entiende?",uno quiere mandar a los mareros a la guillotina y su nuevo socio pacta y hace tratos con ellos quien los entiende,Amenazas/Violencia,3,Deseo de Daño,Pandilleros/Mareros,NO,NO,SÍ,115,22,0,0,0,2
419,X,2026-07-14,USER_419,"El único marero bueno, es el marero muerto.","El único marero bueno, es el marero muerto.",el unico marero bueno es el marero muerto,Amenazas/Violencia,3,Incitación a la Violencia,Pandilleros/Mareros,NO,NO,NO,43,8,0,0,0,2
3065,X,2026-06-20,USER_3065,si sois todos unos judios indios de mierda,si sois todos unos judios indios de mierda,si sois todos unos judios indios de mierda,Discurso de Odio,2,Antisemitismo,Personas judias,NO,NO,NO,42,8,0,0,0,2
215,X,2026-07-14,USER_215,"El turismo impulsa la economía en : más de 340,000 empleos y un aporte al PIB que ya alcanza el 10% El sector sigue creciendo con fuerza @MITURElSalvador #TurismoSV #ElSalvador #Economía #Empleo #PIB #Desarrollo #Viajes #IndustriaTurística","El turismo impulsa la economía en : más de 340,000 empleos y un aporte al PIB que ya alcanza el 10% El sector sigue creciendo con fuerza @usuario #TurismoSV #ElSalvador #Economía #Empleo #PIB #Desarrollo #Viajes #IndustriaTurística",el turismo impulsa la economia en mas de empleos y un aporte al pib que ya alcanza el el sector sigue creciendo con fuerza usuario turismosv elsalvador economia empleo pib desarrollo viajes industriaturistica,No Tóxico,0,,,NO,NO,NO,239,36,0,1,8,1
46,X,2026-07-13,USER_046,"""Tamales salvadoreños: de elote dulce o rellenos de pollo, siempre envueltos en amor! ¿Cuál es tu tamal favorito? Etiqueta a alguien y comparte tu receta casera. #TamalesSalvadorenos #GastronomiaSV","""Tamales salvadoreños: de elote dulce o rellenos de pollo, siempre envueltos en amor! ¿Cuál es tu tamal favorito? Etiqueta a alguien y comparte tu receta casera. #TamalesSalvadorenos #GastronomiaSV",tamales salvadorenos de elote dulce o rellenos de pollo siempre envueltos en amor cual es tu tamal favorito etiqueta a alguien y comparte tu receta casera tamalessalvadorenos gastronomiasv,No Tóxico,0,,,NO,NO,NO,197,28,0,0,2,0
73,X,2026-07-13,USER_073,"#DeportesSV El volante de Olimpia Edwin Rodríguez en conferencia de Prensa ""Águila también llega muy bien preparado, al igual que Olimpia. Estamos listos para un partido intenso y de mucho nivel. #CopaCentroamericana","#DeportesSV El volante de Olimpia Edwin Rodríguez en conferencia de Prensa ""Águila también llega muy bien preparado, al igual que Olimpia. Estamos listos para un partido intenso y de mucho nivel. #CopaCentroamericana",deportessv el volante de olimpia edwin rodriguez en conferencia de prensa aguila tambien llega muy bien preparado al igual que olimpia estamos listos para un partido intenso y de mucho nivel copacentroamericana,No Tóxico,0,,,NO,NO,NO,216,32,0,0,2,0
452,X,2026-07-14,USER_452,"Todo es percepción, no? Lo que tienen que hacer es aprobar la pena de muerte y dejar vacias las cárceles para refullear con los que aún estén afuera. Y claro, pónganse a trabajar que para eso les pagamos. El día que se arme una guerra civil contra uds los políticos y mareros...","Todo es percepción, no? Lo que tienen que hacer es aprobar la pena de muerte y dejar vacias las cárceles para refullear con los que aún estén afuera. Y claro, pónganse a trabajar que para eso les pagamos. El día que se arme una guerra civil contra uds los políticos y mareros...",todo es percepcion no lo que tienen que hacer es aprobar la pena de muerte y dejar vacias las carceles para refullear con los que aun esten afuera y claro ponganse a trabajar que para eso les pagamos el dia que se arme una guerra civil contra uds los politicos y mareros,No Tóxico,0,,Pandilleros y políticos,NO,NO,SÍ,278,52,0,0,0,2
924,Facebook,2026-07-23,USER_924,Tienen en El Salvador yacimientos mineros subterráneos ? Esa es la solución final para estos vagos desquiciados.,Tienen en El Salvador yacimientos mineros subterráneos ? Esa es la solución final para estos vagos desquiciados.,tienen en el salvador yacimientos mineros subterraneos esa es la solucion final para estos vagos desquiciados,Amenazas/Violencia,3,Incitación a la Violencia,Grupo,NO,NO,SÍ,112,17,0,0,0,0
1023,Facebook,2026-07-24,USER_1023,"Tito Avolevan Bigit hermano de Tito, Nono, Nora.","Tito Avolevan Bigit hermano de Tito, Nono, Nora.",tito avolevan bigit hermano de tito nono nora,No Tóxico,0,,,NO,NO,NO,48,8,0,0,0,0
751,Facebook,2026-07-14,USER_751,"Ayy costa preciosa, ojalá alguien de si familia la vea","Ayy costa preciosa, ojalá alguien de si familia la vea",ayy costa preciosa ojala alguien de si familia la vea,No Tóxico,0,,,NO,NO,NO,54,10,0,0,0,0
821,Facebook,2026-07-18,USER_821,Topen todos estos avucivos que se aprovechan,Topen todos estos avucivos que se aprovechan,topen todos estos avucivos que se aprovechan,Amenazas/Violencia,3,Incitación a la Violencia,Vendedores/comerciantes abusivos,NO,NO,NO,44,7,0,0,0,0
714,Facebook,2026-07-14,USER_714,No solo es un mandato de 5 años y así lo recordará la gente como un gran presidente .,No solo es un mandato de 5 años y así lo recordará la gente como un gran presidente .,no solo es un mandato de anos y asi lo recordara la gente como un gran presidente,No Tóxico,0,,,NO,NO,SÍ,85,19,0,0,0,0
2779,X,2026-07-08,USER_2779,Ya vienen hasta de fuera de España a delinquir los putos moros de mierda,Ya vienen hasta de fuera de España a delinquir los putos moros de mierda,ya vienen hasta de fuera de espana a delinquir los putos moros de mierda,Discurso de Odio,2,Islamofobia,Personas musulmanas,NO,NO,NO,72,14,0,0,0,2
3076,X,2026-07-01,USER_3076,Aquí esperamos a los judíos de mierda asesinos HDP,Aquí esperamos a los judíos de mierda asesinos HDP,aqui esperamos a los judios de mierda asesinos hdp,Amenazas/Violencia,3,Amenaza Implícita,Personas judias,NO,NO,NO,50,9,0,0,0,2
1362,Facebook,2026-06-25,USER_1362,"La borracha mantenida, huevona, llegará a arruinar más ese programa tan ridículo, la cara de orgasmo mal hecho, polvo desperdiciado","La borracha mantenida, huevona, llegará a arruinar más ese programa tan ridículo, la cara de orgasmo mal hecho, polvo desperdiciado",la borracha mantenida huevona llegara a arruinar mas ese programa tan ridiculo la cara de orgasmo mal hecho polvo desperdiciado,Lenguaje Ofensivo,1,Insulto Directo,,NO,NO,NO,131,20,0,0,0,2
865,Facebook,2026-07-19,USER_865,Cálmate barba de chivo. Asta en la cara se te nota que sos maroso ya tendrás tu cuarto en el zecot,Cálmate barba de chivo. Asta en la cara se te nota que sos maroso ya tendrás tu cuarto en el zecot,calmate barba de chivo asta en la cara se te nota que sos maroso ya tendras tu cuarto en el zecot,Amenazas/Violencia,3,Deseo de Daño,Individuo señalado como pandillero,NO,NO,NO,98,21,0,0,0,0
115,X,2026-07-13,USER_115,http:// goo.gl/m82O9w Un resumen el #2014 en imágenes #fotografiaSV #ElSalvador [Especial],http:// goo.gl/m82O9w Un resumen el #2014 en imágenes #fotografiaSV #ElSalvador [Especial],http goo gl m o w un resumen el en imagenes fotografiasv elsalvador especial,No Tóxico,0,,,NO,NO,NO,90,11,0,0,3,0
629,Facebook,2026-07-14,USER_629,"La justicia de lo alto llega tarde o temprano. Siga adelante doctor, usted nos representa, somos la mayoría pero atrapados bajo el miedo y la incertidumbre.","La justicia de lo alto llega tarde o temprano. Siga adelante doctor, usted nos representa, somos la mayoría pero atrapados bajo el miedo y la incertidumbre.",la justicia de lo alto llega tarde o temprano siga adelante doctor usted nos representa somos la mayoria pero atrapados bajo el miedo y la incertidumbre,No Tóxico,0,,,NO,NO,SÍ,156,26,0,0,0,0
1814,X,2026-06-07,USER_1814,Ni la puta de la madre le cree,Ni la puta de la madre le cree,ni la puta de la madre le cree,Lenguaje Ofensivo,1,Insulto Directo,,NO,NO,NO,30,8,0,0,0,1
2441,Facebook,2026-07-22,USER_2441,Eres como una jamonosa ???????,Eres como una jamonosa ???????,eres como una jamonosa,Discurso de Odio,2,Gordofobia,Personas con sobrepeso,NO,NO,NO,30,5,0,0,0,0
2716,X,2026-06-25,USER_2716,"Poco me parece, mandaría al fuego a esos Indios de mierda.","Poco me parece, mandaría al fuego a esos Indios de mierda.",poco me parece mandaria al fuego a esos indios de mierda,Amenazas/Violencia,3,Deseo de Daño,Personas indigenas,NO,NO,NO,58,11,0,0,0,2
1729,X,2026-06-04,USER_1729,"Entonces ya que vos no sos pendejo, decime el nombre de un candidato mejor que Bukele, para no votar por el. Pero no tienen mierda. Oh sea que ustedes que se creen los mas iluminados de El Salvador, son mas pendejos que nosotros y te incluye a vos que sos rependejo.","Entonces ya que vos no sos pendejo, decime el nombre de un candidato mejor que Bukele, para no votar por el. Pero no tienen mierda. Oh sea que ustedes que se creen los mas iluminados de El Salvador, son mas pendejos que nosotros y te incluye a vos que sos rependejo.",entonces ya que vos no sos pendejo decime el nombre de un candidato mejor que bukele para no votar por el pero no tienen mierda oh sea que ustedes que se creen los mas iluminados de el salvador son mas pendejos que nosotros y te incluye a vos que sos rependejo,Lenguaje Ofensivo,1,Insulto Directo,,SÍ,NO,SÍ,266,51,0,0,0,3
1423,Facebook,2026-06-14,USER_1423,Que los saquen a esos malditos 😡 😒 😑,Que los saquen a esos malditos :cara_cabreada: :cara_de_desaprobación: :cara_sin_expresión:,que los saquen a esos malditos,Lenguaje Ofensivo,1,Insulto Directo,Persona Individual,NO,NO,NO,36,9,3,0,0,0
1168,Facebook,2026-06-26,USER_1168,Todo x la paloma 🕊,Todo x la paloma :paloma:,todo x la paloma,No Tóxico,0,,Persona Individual,SÍ,NO,NO,18,5,1,0,0,1
2776,X,2026-07-15,USER_2776,"Está gente vive de que les digan de todo , bien no mal , pero que hablen de ellos , jodete !!! España blanca y cristiana !!! Moros de mierda ! Puto etarra","Está gente vive de que les digan de todo , bien no mal , pero que hablen de ellos , jodete !!! España blanca y cristiana !!! Moros de mierda ! Puto etarra",esta gente vive de que les digan de todo bien no mal pero que hablen de ellos jodete espana blanca y cristiana moros de mierda puto etarra,Discurso de Odio,2,Islamofobia,Personas musulmanas,NO,NO,NO,154,33,0,0,0,2
2565,Facebook,2026-07-23,USER_2565,24 no son suficientes para acabar con todos los ??,24 no son suficientes para acabar con todos los ??,no son suficientes para acabar con todos los,Amenazas/Violencia,3,Deseo de Daño,Judíos,NO,NO,NO,50,10,0,0,0,1
179,X,2026-07-13,USER_179,"#SantaAna503 #EducacionSV Ante la falta de agua por fuga masiva en la cabecera departamental, instituciones educativas privadas suspenderán clases el día de mañana Miércoles","#SantaAna503 #EducacionSV Ante la falta de agua por fuga masiva en la cabecera departamental, instituciones educativas privadas suspenderán clases el día de mañana Miércoles",santaana educacionsv ante la falta de agua por fuga masiva en la cabecera departamental instituciones educativas privadas suspenderan clases el dia de manana miercoles,No Tóxico,0,,,NO,NO,NO,173,24,0,0,2,0
2489,Facebook,2026-07-23,USER_2489,Las ngras pueden hacer cosplay de la n4lgas de toro :v (Nagatoro),Las ngras pueden hacer cosplay de la n4lgas de toro :v (Nagatoro),las ngras pueden hacer cosplay de la n lgas de toro v nagatoro,Discurso de Odio,2,Racismo,Personas morenas,NO,NO,NO,65,12,0,0,0,0
90,X,2026-07-13,USER_090,"Si nunca han probado un PASTEL DE PLATANOS CON FRIJOLES, no saben de lo que se pierden :D #RecetasSV #ElSalvador... http:// fb.me/2dRCkS0Yx","Si nunca han probado un PASTEL DE PLATANOS CON FRIJOLES, no saben de lo que se pierden :D #RecetasSV #ElSalvador... http:// fb.me/2dRCkS0Yx",si nunca han probado un pastel de platanos con frijoles no saben de lo que se pierden d recetassv elsalvador http fb me drcks yx,No Tóxico,0,,,NO,NO,NO,139,22,0,0,2,1
1552,X,2026-05-24,USER_1552,Nunca faltan los bruticos que creen que si no te gusta algo de IPhone es porque no puedes pagarlo. La lógica se la metieron por el c*lo.,Nunca faltan los bruticos que creen que si no te gusta algo de IPhone es porque no puedes pagarlo. La lógica se la metieron por el c*lo.,nunca faltan los bruticos que creen que si no te gusta algo de iphone es porque no puedes pagarlo la logica se la metieron por el c lo,Lenguaje Ofensivo,1,Insulto Directo,,SÍ,NO,NO,136,27,0,0,0,2
1096,Facebook,2026-06-22,USER_1096,Si que paresen brujas,Si que paresen brujas,si que paresen brujas,Lenguaje Ofensivo,1,Insulto Directo,Persona Individual,NO,NO,NO,21,4,0,0,0,0
1537,Facebook,2026-07-26,USER_1537,"Juela, que clase de hombre amenaza y no se hace responsable de un hijo. Topalo al HDP y no solo en la procu sino también en la fiscalía y en el ministerio de trabajo y que no te de lastima quitarle TODO. Si buscas abogado tengo un chero que se especializa en ese tipo de dsvrg","Juela, que clase de hombre amenaza y no se hace responsable de un hijo. Topalo al HDP y no solo en la procu sino también en la fiscalía y en el ministerio de trabajo y que no te de lastima quitarle TODO. Si buscas abogado tengo un chero que se especializa en ese tipo de dsvrg",juela que clase de hombre amenaza y no se hace responsable de un hijo topalo al hdp y no solo en la procu sino tambien en la fiscalia y en el ministerio de trabajo y que no te de lastima quitarle todo si buscas abogado tengo un chero que se especializa en ese tipo de dsvrg,Lenguaje Ofensivo,1,Insulto Directo,Persona Individual,NO,NO,NO,276,56,0,0,0,1
2038,X,2026-06-14,USER_2038,Jajaja no seas pelotuda camila. Dale que sos la persona más ocurrente y saca conversación que existe.,Jajaja no seas pelotuda camila. Dale que sos la persona más ocurrente y saca conversación que existe.,jajaja no seas pelotuda camila dale que sos la persona mas ocurrente y saca conversacion que existe,Lenguaje Ofensivo,1,Insulto Directo,Persona Individual,SÍ,NO,NO,101,17,0,0,0,0
614,Facebook,2026-07-14,USER_614,PERO PARA DODNE ES LA RUTA NO DICEN,PERO PARA DODNE ES LA RUTA NO DICEN,pero para dodne es la ruta no dicen,No Tóxico,0,,,NO,NO,NO,35,8,0,0,0,0
1824,X,2026-06-07,USER_1824,Y todavía los muy idiotas le dan el vuelto (mínimo otros $5) por gente como esta es que los vendedores le ponen el precio que les da la gana vendedores más pura mierda,Y todavía los muy idiotas le dan el vuelto (mínimo otros $5) por gente como esta es que los vendedores le ponen el precio que les da la gana vendedores más pura mierda,y todavia los muy idiotas le dan el vuelto minimo otros por gente como esta es que los vendedores le ponen el precio que les da la gana vendedores mas pura mierda,Lenguaje Ofensivo,1,Insulto Directo,,NO,NO,NO,167,33,0,0,0,1
2482,Facebook,2026-07-24,USER_2482,Ya van a salir todos los sarnosos envidi0s0s de los salvadoreñ0s criticando al gran VEGUETA ?? jaja,Ya van a salir todos los sarnosos envidi0s0s de los salvadoreñ0s criticando al gran VEGUETA ?? jaja,ya van a salir todos los sarnosos envidi s s de los salvadoren s criticando al gran vegueta jaja,Lenguaje Ofensivo,1,Insulto Directo,Salvadoreños,NO,NO,NO,99,17,0,0,0,0
736,Facebook,2026-07-14,USER_736,Totalmente cierto bendiciones señor presidente gracias por todo Loque está asiendo en las próximas elecciones vamos con todo Aser istoria dé nuevo,Totalmente cierto bendiciones señor presidente gracias por todo Loque está asiendo en las próximas elecciones vamos con todo Aser istoria dé nuevo,totalmente cierto bendiciones senor presidente gracias por todo loque esta asiendo en las proximas elecciones vamos con todo aser istoria de nuevo,No Tóxico,0,,,NO,NO,SÍ,146,22,0,0,0,1
1549,X,2026-05-24,USER_1549,Mi pelo tiene brilla más que tu futuro. 😘,Mi pelo tiene brilla más que tu futuro. :cara_lanzando_un_beso:,mi pelo tiene brilla mas que tu futuro,Lenguaje Ofensivo,1,Insulto Directo,Persona Individual,SÍ,NO,NO,41,9,1,0,0,0
1216,Facebook,2026-06-26,USER_1216,Pero muchos maman y maman. Por que quieren poner orden en las escuelas,Pero muchos maman y maman. Por que quieren poner orden en las escuelas,pero muchos maman y maman por que quieren poner orden en las escuelas,Lenguaje Ofensivo,1,Palabras Obscenas,Persona Individual,NO,NO,NO,70,13,0,0,0,0
1901,X,2026-07-08,USER_1901,"Eres salvadoreño, cerote pendejo hijo de puta.","Eres salvadoreño, cerote pendejo hijo de puta.",eres salvadoreno cerote pendejo hijo de puta,Lenguaje Ofensivo,1,Insulto Directo,Persona Individual,NO,NO,SÍ,46,7,0,0,0,3
2252,Facebook,2026-05-30,USER_2252,Sí vamos Inglaterra Marketing FIFA X Argentina,Sí vamos Inglaterra Marketing FIFA X Argentina,si vamos inglaterra marketing fifa x argentina,No Tóxico,0,,Personas argentinas,SI,SI,NO,46,7,0,0,0,0
628,Facebook,2026-07-14,USER_628,"Bendiciones para este gran hombre y médico, está siendo avisado por decir la verdad.","Bendiciones para este gran hombre y médico, está siendo avisado por decir la verdad.",bendiciones para este gran hombre y medico esta siendo avisado por decir la verdad,No Tóxico,0,,,NO,NO,SÍ,84,14,0,0,0,0
1275,Facebook,2026-07-12,USER_1275,Después que se la an comido hasta doblada no hayan que aser,Después que se la an comido hasta doblada no hayan que aser,despues que se la an comido hasta doblada no hayan que aser,Lenguaje Ofensivo,1,Palabras Obscenas,Persona Individual,NO,NO,NO,59,12,0,0,0,0
3038,X,2026-06-21,USER_3038,"Sisi, mira los europeos y su superioridad moral!!! Tan superiores moralmente que les decían a los paraguayos indios de mierda porque hacerle frente a Francia. Comanse una pija y déjense de joder, no tienen superioridad moral. Son unos hipocritas.","Sisi, mira los europeos y su superioridad moral!!! Tan superiores moralmente que les decían a los paraguayos indios de mierda porque hacerle frente a Francia. Comanse una pija y déjense de joder, no tienen superioridad moral. Son unos hipocritas.",sisi mira los europeos y su superioridad moral tan superiores moralmente que les decian a los paraguayos indios de mierda porque hacerle frente a francia comanse una pija y dejense de joder no tienen superioridad moral son unos hipocritas,Lenguaje Ofensivo,1,Insulto Directo,Personas latinoamericanas,NO,NO,NO,246,39,0,0,0,5
305,X,2026-07-14,USER_305,A esos asquerosos pandilleros deben exterminarlos,A esos asquerosos pandilleros deben exterminarlos,a esos asquerosos pandilleros deben exterminarlos,Amenazas/Violencia,3,Incitación a la Violencia,Pandilleros/Mareros,NO,NO,NO,49,6,0,0,0,1
2754,X,2026-07-13,USER_2754,Chupenla moros de mierda.,Chupenla moros de mierda.,chupenla moros de mierda,Discurso de Odio,2,Islamofobia,Personas musulmanas,NO,NO,NO,25,4,0,0,0,1
249,X,2026-07-14,USER_249,¡Increíble! Circula un video de pupusas salvadoreñas vendiéndose en Panamá a $10. ¿El Salvador o Panamá? Aclaremos la confusión y veamos el negocio detrás de estas pupusas. #Pupusas #Panamá #ElSalvador,¡Increíble! Circula un video de pupusas salvadoreñas vendiéndose en Panamá a $10. ¿El Salvador o Panamá? Aclaremos la confusión y veamos el negocio detrás de estas pupusas. #Pupusas #Panamá #ElSalvador,increible circula un video de pupusas salvadorenas vendiendose en panama a el salvador o panama aclaremos la confusion y veamos el negocio detras de estas pupusas pupusas panama elsalvador,No Tóxico,0,,,NO,NO,NO,201,30,0,0,3,0
766,Facebook,2026-07-18,USER_766,Cadena perpetua para este pilofilo y a la niña quien le va a devolver su tranquilidad es un daño de por vida no lo saquen y haganlo viral la miña merse todo el apollo donde estan los derechos de los niños,Cadena perpetua para este pilofilo y a la niña quien le va a devolver su tranquilidad es un daño de por vida no lo saquen y haganlo viral la miña merse todo el apollo donde estan los derechos de los niños,cadena perpetua para este pilofilo y a la nina quien le va a devolver su tranquilidad es un dano de por vida no lo saquen y haganlo viral la mina merse todo el apollo donde estan los derechos de los ninos,No Tóxico,0,,Individuo,NO,NO,NO,204,41,0,0,0,0
2389,Facebook,2026-07-23,USER_2389,"¡Felicidades Sudamierdicanos! Por fin su pueblo tiene una alegria, la descalificación del país más GRANDE de Latinoamérica se debe de festejar con fiesta y carnaval, aprovechen hoy que se les cumple su sueño vienen más años sumergidos en la mierda y lamiéndole los huevos a MÉXICO, así que aprovechen hoy no se duerme en ARGENTINDIA, ECUAKONG, POBREZUELA, CERRU","¡Felicidades Sudamierdicanos! Por fin su pueblo tiene una alegria, la descalificación del país más GRANDE de Latinoamérica se debe de festejar con fiesta y carnaval, aprovechen hoy que se les cumple su sueño vienen más años sumergidos en la mierda y lamiéndole los huevos a MÉXICO, así que aprovechen hoy no se duerme en ARGENTINDIA, ECUAKONG, POBREZUELA, CERRU",felicidades sudamierdicanos por fin su pueblo tiene una alegria la descalificacion del pais mas grande de latinoamerica se debe de festejar con fiesta y carnaval aprovechen hoy que se les cumple su sueno vienen mas anos sumergidos en la mierda y lamiendole los huevos a mexico asi que aprovechen hoy no se duerme en argentindia ecuakong pobrezuela cerru,Discurso de Odio,2,Xenofobia,"Sudamericanos, Argentinos, Ecuatorianos, Venezolanos",SI,SI,NO,361,58,0,0,0,3
986,Facebook,2026-07-24,USER_986,"Diego Mata eres ciego? Las niñas que van a la escuela son delincuentes, los niños, los estudiantes, los comercios que no pagan cuota? Estás con perdón de los pend..estás peor..no hay peor ciego que el que no quiere ver..y mientras sigan vendiendo dignidades por dinero de 3000...6000..a ver si eso les va a alcanzar para revivir a sus hijos, esposos, nietos..este gobierno es donde se disparó la delincuencia organizada por los tragos, acuerdos que existen entre el crimen organizado y el gobierno..pero en fin, por gente con mentalidad como la tuya está peor este País..ojalá y lo vivas en carne propia para que no hables lo que no sabes, ni te toca vivir, como hay culpables, hay inocentes..pero bueno esto se ve desde la perspectiva de cada quien y ya veo que la tuya ni siquiera existe..","Diego Mata eres ciego? Las niñas que van a la escuela son delincuentes, los niños, los estudiantes, los comercios que no pagan cuota? Estás con perdón de los pend..estás peor..no hay peor ciego que el que no quiere ver..y mientras sigan vendiendo dignidades por dinero de 3000...6000..a ver si eso les va a alcanzar para revivir a sus hijos, esposos, nietos..este gobierno es donde se disparó la delincuencia organizada por los tragos, acuerdos que existen entre el crimen organizado y el gobierno..pero en fin, por gente con mentalidad como la tuya está peor este País..ojalá y lo vivas en carne propia para que no hables lo que no sabes, ni te toca vivir, como hay culpables, hay inocentes..pero bueno esto se ve desde la perspectiva de cada quien y ya veo que la tuya ni siquiera existe..",diego mata eres ciego las ninas que van a la escuela son delincuentes los ninos los estudiantes los comercios que no pagan cuota estas con perdon de los pend estas peor no hay peor ciego que el que no quiere ver y mientras sigan vendiendo dignidades por dinero de a ver si eso les va a alcanzar para revivir a sus hijos esposos nietos este gobierno es donde se disparo la delincuencia organizada por los tragos acuerdos que existen entre el crimen organizado y el gobierno pero en fin por gente con mentalidad como la tuya esta peor este pais ojala y lo vivas en carne propia para que no hables lo que no sabes ni te toca vivir como hay culpables hay inocentes pero bueno esto se ve desde la perspectiva de cada quien y ya veo que la tuya ni siquiera existe,Amenazas/Violencia,3,Deseo de Daño/Sufrimiento,Individuo,NO,NO,NO,791,137,0,0,0,2
1649,X,2026-05-30,USER_1649,Que mierda de partido!! Dios no es posible que uno de estos muertos juegue la final de la Champions.,Que mierda de partido!! Dios no es posible que uno de estos muertos juegue la final de la Champions.,que mierda de partido dios no es posible que uno de estos muertos juegue la final de la champions,Lenguaje Ofensivo,1,Insulto Directo,,NO,NO,NO,100,19,0,0,0,2
1716,X,2026-06-02,USER_1716,POR PENDEJADAS COMO ESTÁS LOS PAÍSES DE LATAM NO PROSPERAN ESO HUBIESE OCURRIDO EN EL SALVADOR Y ESE HIJO DE PUTA AGRESOR YA ESTUVIERA PRESO SENTENCIADO POR BASURA,POR PENDEJADAS COMO ESTÁS LOS PAÍSES DE LATAM NO PROSPERAN ESO HUBIESE OCURRIDO EN EL SALVADOR Y ESE HIJO DE PUTA AGRESOR YA ESTUVIERA PRESO SENTENCIADO POR BASURA,por pendejadas como estas los paises de latam no prosperan eso hubiese ocurrido en el salvador y ese hijo de puta agresor ya estuviera preso sentenciado por basura,Lenguaje Ofensivo,1,Insulto Directo,Persona Individual,NO,NO,SÍ,163,28,0,0,0,2
1307,Facebook,2026-07-11,USER_1307,"Y baya que es verdad, sus seguidores pdjs de mrd mantienen a estas mrds ganando dinero sin una gota de sudor Gente ciega que solo tiene 💩💩en la cabeza, no entiendo como apoyan este tipo de contenido.","Y baya que es verdad, sus seguidores pdjs de mrd mantienen a estas mrds ganando dinero sin una gota de sudor Gente ciega que solo tiene :caca_con_ojos: :caca_con_ojos: en la cabeza, no entiendo como apoyan este tipo de contenido.",y baya que es verdad sus seguidores pdjs de mrd mantienen a estas mrds ganando dinero sin una gota de sudor gente ciega que solo tiene en la cabeza no entiendo como apoyan este tipo de contenido,Lenguaje Ofensivo,1,Insulto Directo,Persona Individual,NO,NO,SÍ,199,37,2,0,0,1
1695,X,2026-06-02,USER_1695,"Será bien hijo de puta, le robo DMG a muchos costeños los mando a comer monda y ahora es el salvador. Se los come y les pide la saliva. Que MALPARIDO. esa rata @AbelardoPTE digno seguidor de uribe y su clan de hampones. VIVA @petrogustavo y nuestro próximo presi @IvanCepedaCast","Será bien hijo de puta, le robo DMG a muchos costeños los mando a comer monda y ahora es el salvador. Se los come y les pide la saliva. Que MALPARIDO. esa rata @usuario digno seguidor de uribe y su clan de hampones. VIVA @usuario y nuestro próximo presi @usuario",sera bien hijo de puta le robo dmg a muchos costenos los mando a comer monda y ahora es el salvador se los come y les pide la saliva que malparido esa rata usuario digno seguidor de uribe y su clan de hampones viva usuario y nuestro proximo presi usuario,Lenguaje Ofensivo,1,Insulto Directo,Persona Individual,NO,NO,SÍ,278,50,0,3,0,2
1591,X,2026-05-30,USER_1591,Por eso lo mandaron a La mierda de la compañia donde trabajaba y Despues le andaba pidiendo trabajo a pimentel.,Por eso lo mandaron a La mierda de la compañia donde trabajaba y Despues le andaba pidiendo trabajo a pimentel.,por eso lo mandaron a la mierda de la compania donde trabajaba y despues le andaba pidiendo trabajo a pimentel,Lenguaje Ofensivo,1,Palabras Obscenas,Persona Individual,SÍ,NO,NO,111,20,0,0,0,1
1261,Facebook,2026-07-14,USER_1261,Si es estúpido ese feo mal hablado ignorante para hablar,Si es estúpido ese feo mal hablado ignorante para hablar,si es estupido ese feo mal hablado ignorante para hablar,Lenguaje Ofensivo,1,Insulto Directo,Persona Individual,SÍ,SÍ,SÍ,56,10,0,0,0,1
1608,X,2026-05-30,USER_1608,En algún putero a de estar,En algún putero a de estar,en algun putero a de estar,Lenguaje Ofensivo,1,Insulto Directo,Persona Individual,NO,NO,NO,26,6,0,0,0,0
1327,Facebook,2026-06-25,USER_1327,Ese cabeza de camarón con cara de mono 🐵 Solo de verlo se van los clientes 🤣🤣🤣,Ese cabeza de camarón con cara de mono :cara_de_mono: Solo de verlo se van los clientes :cara_revolviéndose_de_la_risa: :cara_revolviéndose_de_la_risa: :cara_revolviéndose_de_la_risa:,ese cabeza de camaron con cara de mono solo de verlo se van los clientes,Lenguaje Ofensivo,1,Insulto Directo,,NO,NO,NO,78,17,4,0,0,1
188,X,2026-07-13,USER_188,"Detrás de un gran país, hay grandes mujeres. #8M #MujerSalvadoreña #8M2020 #DiaInternacionalDeLaMujer","Detrás de un gran país, hay grandes mujeres. #8M #MujerSalvadoreña #8M2020 #DiaInternacionalDeLaMujer",detras de un gran pais hay grandes mujeres m mujersalvadorena m diainternacionaldelamujer,No Tóxico,0,,,NO,NO,NO,101,12,0,0,4,0
1492,Facebook,2026-07-26,USER_1492,Pelón pendejo estas,Pelón pendejo estas,pelon pendejo estas,Lenguaje Ofensivo,1,Insulto Directo,Persona Individual,NO,NO,SÍ,19,3,0,0,0,1
225,X,2026-07-14,USER_225,"Cuantas canciones escribió Pancho Lara, ¿pueden nombrar alguna aparte de El Carbonero? #Musicasalvadoreña #cantautor #arteSV #culturaSv","Cuantas canciones escribió Pancho Lara, ¿pueden nombrar alguna aparte de El Carbonero? #Musicasalvadoreña #cantautor #arteSV #culturaSv",cuantas canciones escribio pancho lara pueden nombrar alguna aparte de el carbonero musicasalvadorena cantautor artesv culturasv,No Tóxico,0,,,NO,NO,NO,135,16,0,0,4,0
1375,Facebook,2026-06-25,USER_1375,Hay gente muy pendeja .,Hay gente muy pendeja .,hay gente muy pendeja,Lenguaje Ofensivo,1,Insulto Directo,Persona Individual,SÍ,NO,NO,23,5,0,0,0,1
2380,Facebook,2026-07-22,USER_2380,Porque la nariz no lo dejaba pasar por la puerta xD,Porque la nariz no lo dejaba pasar por la puerta xD,porque la nariz no lo dejaba pasar por la puerta xd,Lenguaje Ofensivo,1,Burla,Argentinos,NO,NO,NO,51,11,0,0,0,1
510,Facebook,2026-07-14,USER_510,Vamos España,Vamos España,vamos espana,No Tóxico,0,,,NO,NO,NO,12,2,0,0,0,0
2513,Facebook,2026-07-24,USER_2513,Lo bueno de todo esto que se Autoeliminan ??????,Lo bueno de todo esto que se Autoeliminan ??????,lo bueno de todo esto que se autoeliminan,Discurso de Odio,2,Clasismo,Personas con discapacidad,SI,SI,NO,48,9,0,0,0,0
1068,Facebook,2026-06-14,USER_1068,"Si el pdo no sale de mi culo, no es mi pdo dice el dicho, así que... Que les valga vrga xd","Si el pdo no sale de mi culo, no es mi pdo dice el dicho, así que... Que les valga vrga xd",si el pdo no sale de mi culo no es mi pdo dice el dicho asi que que les valga vrga xd,Lenguaje Ofensivo,1,Palabras Obscenas,,SÍ,SÍ,NO,90,22,0,0,0,2
884,Facebook,2026-07-20,USER_884,Ataquen a matar no los dejen ir,Ataquen a matar no los dejen ir,ataquen a matar no los dejen ir,Amenazas/Violencia,3,Incitación a la Violencia,Sospechosos/detenidos,NO,NO,NO,31,7,0,0,0,1
1512,Facebook,2026-07-26,USER_1512,Esta gente es pendeja dejen trabajar a la gente,Esta gente es pendeja dejen trabajar a la gente,esta gente es pendeja dejen trabajar a la gente,Lenguaje Ofensivo,1,Insulto Directo,,NO,NO,NO,47,9,0,0,0,1
1027,Facebook,2026-07-24,USER_1027,Fidel Angel nadaplete ¿Qué?,Fidel Angel nadaplete ¿Qué?,fidel angel nadaplete que,No Tóxico,0,,,NO,NO,NO,27,4,0,0,0,0
2533,Facebook,2026-07-24,USER_2533,Las marranas no hablan....,Las marranas no hablan....,las marranas no hablan,Discurso de Odio,2,Xenofobia,Personas con sobrepeso,NO,NO,NO,26,4,0,0,0,0
1569,X,2026-05-24,USER_1569,997 de mis seguidores siguen a esta porquería 👉🏼 @ElMundoSV No sigan medios vendidos!!!!,997 de mis seguidores siguen a esta porquería :dorso_de_mano_con_índice_a_la_derecha: @usuario No sigan medios vendidos!!!!,de mis seguidores siguen a esta porqueria usuario no sigan medios vendidos,Lenguaje Ofensivo,1,Insulto Directo,Medios de Comunicación,NO,NO,SÍ,88,14,1,1,0,0
2667,X,2026-06-03,USER_2667,Estoy en un restaurante y absolutamente todos gritaron el gol. El odio a esos sudacas de mierda es universal. Y EN LAS MALVINAS SE HABLA INGLÉS.,Estoy en un restaurante y absolutamente todos gritaron el gol. El odio a esos sudacas de mierda es universal. Y EN LAS MALVINAS SE HABLA INGLÉS.,estoy en un restaurante y absolutamente todos gritaron el gol el odio a esos sudacas de mierda es universal y en las malvinas se habla ingles,Discurso de Odio,2,Xenofobia,Personas latinoamericanas,NO,NO,NO,144,26,0,0,0,1
7,X,2026-07-13,USER_007,¿Y tú ya visitaste estos destinos de la #RutaDeLasFlores? No esperes más y ven con tu familia y amigos #EnLaDirecciónCorrecta.,¿Y tú ya visitaste estos destinos de la #RutaDeLasFlores? No esperes más y ven con tu familia y amigos #EnLaDirecciónCorrecta.,y tu ya visitaste estos destinos de la rutadelasflores no esperes mas y ven con tu familia y amigos enladireccioncorrecta,No Tóxico,0,,,NO,NO,SÍ,126,20,0,0,2,1
718,Facebook,2026-07-14,USER_718,ES UN ORGULLO DE EL SALVADOR EL SEÑOR IVÁN BARTON ÁRBITRO DEL MUNDIAL DE FOOTBALL,ES UN ORGULLO DE EL SALVADOR EL SEÑOR IVÁN BARTON ÁRBITRO DEL MUNDIAL DE FOOTBALL,es un orgullo de el salvador el senor ivan barton arbitro del mundial de football,No Tóxico,0,,,NO,NO,NO,81,15,0,0,0,0
2229,Facebook,2026-06-20,USER_2229,"Hahahahaha si no fuera por el técnico que se regaló, le hubieran ayudado a argentina. Cómo en todos los partidos de Qatar y el actual","Hahahahaha si no fuera por el técnico que se regaló, le hubieran ayudado a argentina. Cómo en todos los partidos de Qatar y el actual",hahahahaha si no fuera por el tecnico que se regalo le hubieran ayudado a argentina como en todos los partidos de qatar y el actual,No Tóxico,0,,Personas argentinas,SI,SI,NO,133,25,0,0,0,0
2983,X,2026-06-17,USER_2983,"NO VAS A RECUPERAR MALVINAS TIRANDOLES CHORIPAN A LOS NEGROS DE MIERDA QUE TE VOTAN, MOGOLICO DE MIERDA, SE RECUPERA DE MANERA DIPLOMATICA PELOTUDO A CUERDA, CON RAZÓN SOS UN RETRASADO MENTAL QUE VIVE EN UNA REALIDAD PARALELA, anda nomás seguí pensando que ustedes son ""héroes""","NO VAS A RECUPERAR MALVINAS TIRANDOLES CHORIPAN A LOS NEGROS DE MIERDA QUE TE VOTAN, MOGOLICO DE MIERDA, SE RECUPERA DE MANERA DIPLOMATICA PELOTUDO A CUERDA, CON RAZÓN SOS UN RETRASADO MENTAL QUE VIVE EN UNA REALIDAD PARALELA, anda nomás seguí pensando que ustedes son ""héroes""",no vas a recuperar malvinas tirandoles choripan a los negros de mierda que te votan mogolico de mierda se recupera de manera diplomatica pelotudo a cuerda con razon sos un retrasado mental que vive en una realidad paralela anda nomas segui pensando que ustedes son heroes,Discurso de Odio,2,Racismo,Personas negras o racializadas,NO,NO,NO,277,46,0,0,0,3
2909,X,2026-06-06,USER_2909,"¡INMUNDOS INMIGRANTES, DE MIERDA!! ¡EXPULSIÓN O DEPORTACIÓN INMEDIATA,YA!! CHILE NO MERECE ÉSTO! Y ESOS ASKEROSOS HDP! ¡NO MERECEN VIVIR EN CHILE!","¡INMUNDOS INMIGRANTES, DE MIERDA!! ¡EXPULSIÓN O DEPORTACIÓN INMEDIATA,YA!! CHILE NO MERECE ÉSTO! Y ESOS ASKEROSOS HDP! ¡NO MERECEN VIVIR EN CHILE!",inmundos inmigrantes de mierda expulsion o deportacion inmediata ya chile no merece esto y esos askerosos hdp no merecen vivir en chile,Discurso de Odio,2,Xenofobia,Personas inmigrantes,NO,NO,NO,146,21,0,0,0,3
227,X,2026-07-14,USER_227,"La exposición ""Figuración y abstracción"" 5 maestros de la Colección Nacional de Artes Visuales, estará abierta al público en la Sala de exposiciones ""Camilo Minero"" de @cancilleriasv hasta el 31 de agosto | #ArteSv @DGA_MICULTURA","La exposición ""Figuración y abstracción"" 5 maestros de la Colección Nacional de Artes Visuales, estará abierta al público en la Sala de exposiciones ""Camilo Minero"" de @usuario hasta el 31 de agosto | #ArteSv @usuario",la exposicion figuracion y abstraccion maestros de la coleccion nacional de artes visuales estara abierta al publico en la sala de exposiciones camilo minero de usuario hasta el de agosto artesv usuario,No Tóxico,0,,,NO,NO,SÍ,229,35,0,2,1,0
278,X,2026-07-14,USER_278,"Y aún, con estas imágenes, hay quienes dicen que @nayibbukele trata mal a los mareros/extorsionistas. Esas lacras no merecen vivir","Y aún, con estas imágenes, hay quienes dicen que @usuario trata mal a los mareros/extorsionistas. Esas lacras no merecen vivir",y aun con estas imagenes hay quienes dicen que usuario trata mal a los mareros extorsionistas esas lacras no merecen vivir,Amenazas/Violencia,3,Deseo de Daño,Pandilleros/Mareros,NO,NO,SÍ,130,20,0,1,0,2
794,Facebook,2026-07-18,USER_794,Primero Dios salga libre ..... Pero en bolsa negra... Amen!!,Primero Dios salga libre ..... Pero en bolsa negra... Amen!!,primero dios salga libre pero en bolsa negra amen,Amenazas/Violencia,3,Deseo de Daño,Individuo (acusado en publicación de la FGR),SÍ,NO,NO,60,10,0,0,0,1
2527,Facebook,2026-07-20,USER_2527,anda trabaja perro deja de estar de migajero esperando dinero regalado,anda trabaja perro deja de estar de migajero esperando dinero regalado,anda trabaja perro deja de estar de migajero esperando dinero regalado,Lenguaje Ofensivo,1,Insulto Directo,Personas en situación de pobreza,NO,NO,NO,70,11,0,0,0,1
2106,Facebook,2026-06-29,USER_2106,"Hahaha si bueno,Quien tiene hambre.","Hahaha si bueno,Quien tiene hambre.",hahaha si bueno quien tiene hambre,No Tóxico,0,,Personas en situación de pobreza o precariedad,SI,SI,NO,35,5,0,0,0,0
529,Facebook,2026-07-14,USER_529,Ya jodieron el torneo,Ya jodieron el torneo,ya jodieron el torneo,Lenguaje Ofensivo,1,Palabras Obscenas,,NO,NO,NO,21,4,0,0,0,0
2397,Facebook,2026-07-21,USER_2397,minimo ambas salen preñaditas del mismo maje ????,minimo ambas salen preñaditas del mismo maje ????,minimo ambas salen prenaditas del mismo maje,Lenguaje Ofensivo,1,Burla,Mujeres de clase baja,NO,NO,NO,49,8,0,0,0,1
1105,Facebook,2026-06-24,USER_1105,Viernesito le cae bien a todos los drogos ministros del bukk 😎😎😎 hoy hay fiesta batman,Viernesito le cae bien a todos los drogos ministros del bukk :cara_sonriendo_con_gafas_de_sol: :cara_sonriendo_con_gafas_de_sol: :cara_sonriendo_con_gafas_de_sol: hoy hay fiesta batman,viernesito le cae bien a todos los drogos ministros del bukk hoy hay fiesta batman,Lenguaje Ofensivo,1,Insulto Directo,Funcionarios Públicos,SÍ,NO,SÍ,86,16,3,0,0,0
422,X,2026-07-14,USER_422,como dicen el unico marero bueno es un marero muerto...,como dicen el unico marero bueno es un marero muerto...,como dicen el unico marero bueno es un marero muerto,Amenazas/Violencia,3,Incitación a la Violencia,Pandilleros/Mareros,NO,NO,NO,55,10,0,0,0,2
1565,X,2026-05-24,USER_1565,Es lo que digo los tatas son los ultimos en darse cuenta en las mierdas que andan los hijos,Es lo que digo los tatas son los ultimos en darse cuenta en las mierdas que andan los hijos,es lo que digo los tatas son los ultimos en darse cuenta en las mierdas que andan los hijos,Lenguaje Ofensivo,1,Palabras Obscenas,,NO,NO,NO,91,19,0,0,0,0
232,X,2026-07-14,USER_232,Este 1 de Agosto lanzamiento !! #MusicaSv,Este 1 de Agosto lanzamiento !! #MusicaSv,este de agosto lanzamiento musicasv,No Tóxico,0,,,NO,NO,NO,41,7,0,0,1,0
1351,Facebook,2026-06-25,USER_1351,Pobre vieja piriche quien te los daría si vos por un rato cobrabas 6 dólares por el Zurita estás loca,Pobre vieja piriche quien te los daría si vos por un rato cobrabas 6 dólares por el Zurita estás loca,pobre vieja piriche quien te los daria si vos por un rato cobrabas dolares por el zurita estas loca,Lenguaje Ofensivo,1,Insulto Directo,Persona Individual,NO,NO,NO,101,20,0,0,0,0
1464,Facebook,2026-06-14,USER_1464,Hijo de pu...arrabalero puchitero,Hijo de pu...arrabalero puchitero,hijo de pu arrabalero puchitero,Lenguaje Ofensivo,1,Insulto Directo,Persona Individual,NO,NO,SÍ,33,4,0,0,0,0
710,Facebook,2026-07-14,USER_710,"Ustedes están dedicados a descubrir el hilo negro, es candidato único","Ustedes están dedicados a descubrir el hilo negro, es candidato único",ustedes estan dedicados a descubrir el hilo negro es candidato unico,No Tóxico,0,,,SÍ,NO,SÍ,69,11,0,0,0,1
2339,Facebook,2026-07-21,USER_2339,Aguanten la berga así como Ecuador aguanto. Ya saben que esto así. Que no se pierda la cultura hdsptm recen por que mate a Trump. Para que se salve del bate jaja,Aguanten la berga así como Ecuador aguanto. Ya saben que esto así. Que no se pierda la cultura hdsptm recen por que mate a Trump. Para que se salve del bate jaja,aguanten la berga asi como ecuador aguanto ya saben que esto asi que no se pierda la cultura hdsptm recen por que mate a trump para que se salve del bate jaja,Amenazas/Violencia,3,Deseo de Daño,Ecuatorianos,NO,NO,NO,161,32,0,0,0,1
284,X,2026-07-14,USER_284,Caso de un familiar: Me cuenta que los mareros todavía quieren extorsionarlo a pesar de que saben que su negocio está cerrado. Esas lacras no merecen vivir.,Caso de un familiar: Me cuenta que los mareros todavía quieren extorsionarlo a pesar de que saben que su negocio está cerrado. Esas lacras no merecen vivir.,caso de un familiar me cuenta que los mareros todavia quieren extorsionarlo a pesar de que saben que su negocio esta cerrado esas lacras no merecen vivir,Amenazas/Violencia,3,Deseo de Daño,Pandilleros/Mareros,NO,NO,NO,156,27,0,0,0,1
1818,X,2026-06-07,USER_1818,"Ok hater. En El Salvador, vale verga tu opinion. Y es El Salvador no Salvador.","Ok hater. En El Salvador, vale verga tu opinion. Y es El Salvador no Salvador.",ok hater en el salvador vale verga tu opinion y es el salvador no salvador,Lenguaje Ofensivo,1,Insulto Directo,,NO,NO,SÍ,78,15,0,0,0,1
2811,X,2026-06-14,USER_2811,aguante argentina judíos de mierda,aguante argentina judíos de mierda,aguante argentina judios de mierda,Discurso de Odio,2,Antisemitismo,Personas judi­as,NO,NO,NO,34,5,0,0,0,1
231,X,2026-07-14,USER_231,"Porqué somos FIRMES, Fortaleza y Crecimiento. #carmando #Ilustración #ArteSV #ElSalvador","Porqué somos FIRMES, Fortaleza y Crecimiento. #carmando #Ilustración #ArteSV #ElSalvador",porque somos firmes fortaleza y crecimiento carmando ilustracion artesv elsalvador,No Tóxico,0,,,NO,NO,NO,88,10,0,0,4,0
157,X,2026-07-13,USER_157,"Los tradicionales Talcigüines regresan este 30 de marzo al Parque Central de Texistepeque, una de las expresiones más emblemáticas de la Semana Santa en el país. Nota https:// shre.ink/LijG #SemanaSantaSV #Talcigüines #SantaAna #TurismoCultural #Tradiciones LS","Los tradicionales Talcigüines regresan este 30 de marzo al Parque Central de Texistepeque, una de las expresiones más emblemáticas de la Semana Santa en el país. Nota https:// shre.ink/LijG #SemanaSantaSV #Talcigüines #SantaAna #TurismoCultural #Tradiciones LS",los tradicionales talciguines regresan este de marzo al parque central de texistepeque una de las expresiones mas emblematicas de la semana santa en el pais nota https shre ink lijg semanasantasv talciguines santaana turismocultural tradiciones ls,No Tóxico,0,,,NO,NO,NO,260,35,0,0,5,0
1433,Facebook,2026-06-14,USER_1433,Pobre gorgojo HDLGP te vas porque ya te traen bien pateado pero ahunque te retires de publicar mierdas siempre caerás,Pobre gorgojo HDLGP te vas porque ya te traen bien pateado pero ahunque te retires de publicar mierdas siempre caerás,pobre gorgojo hdlgp te vas porque ya te traen bien pateado pero ahunque te retires de publicar mierdas siempre caeras,Lenguaje Ofensivo,1,Insulto Directo,Persona Individual,NO,NO,SÍ,117,20,0,0,0,1
2047,X,2026-06-14,USER_2047,SE VA PARA QUE MIERDA VA A TENER LA 10,SE VA PARA QUE MIERDA VA A TENER LA 10,se va para que mierda va a tener la,Lenguaje Ofensivo,1,Palabras Obscenas,,NO,NO,NO,38,10,0,0,0,1
2752,X,2026-06-10,USER_2752,"Ahora hay que matar españolessssss, moros de mierda, hijos de mil putass","Ahora hay que matar españolessssss, moros de mierda, hijos de mil putass",ahora hay que matar espanolessssss moros de mierda hijos de mil putass,Amenazas/Violencia,3,Incitación a la Violencia,Personas musulmanas,NO,NO,NO,72,12,0,0,0,2
1853,X,2026-06-07,USER_1853,Puta pendejo tene comprension lectoraz no todo es el cecot y el centro de san bukele xq de san salvador ya no es,Puta pendejo tene comprension lectoraz no todo es el cecot y el centro de san bukele xq de san salvador ya no es,puta pendejo tene comprension lectoraz no todo es el cecot y el centro de san bukele xq de san salvador ya no es,Lenguaje Ofensivo,1,Insulto Directo,Persona Individual,NO,NO,SÍ,112,23,0,0,0,2
1642,X,2026-05-30,USER_1642,Que haces voz parasito!! Te pagan por hacer nada basura!! Corrupto como tu presidente.,Que haces voz parasito!! Te pagan por hacer nada basura!! Corrupto como tu presidente.,que haces voz parasito te pagan por hacer nada basura corrupto como tu presidente,Lenguaje Ofensivo,1,Insulto Directo,Funcionarios Públicos,NO,NO,SÍ,86,14,0,0,0,2
1988,X,2026-06-14,USER_1988,Como q han retrasado el partido me cago en todo,Como q han retrasado el partido me cago en todo,como q han retrasado el partido me cago en todo,Lenguaje Ofensivo,1,Palabras Obscenas,,NO,NO,NO,47,10,0,0,0,0
1817,X,2026-06-07,USER_1817,Y a vos que te importa perro basura acaso vos estás en El Salvador; aprende a escribir analfabeto de mierda que ni eso te enseño tu madre que te parió hijo de perra,Y a vos que te importa perro basura acaso vos estás en El Salvador; aprende a escribir analfabeto de mierda que ni eso te enseño tu madre que te parió hijo de perra,y a vos que te importa perro basura acaso vos estas en el salvador aprende a escribir analfabeto de mierda que ni eso te enseno tu madre que te pario hijo de perra,Lenguaje Ofensivo,1,Insulto Directo,Persona Individual,NO,NO,NO,164,33,0,0,0,4
1317,Facebook,2026-06-25,USER_1317,Excelente esas vasuras el salvador las tiene que sacar asta del país no aportan,Excelente esas vasuras el salvador las tiene que sacar asta del país no aportan,excelente esas vasuras el salvador las tiene que sacar asta del pais no aportan,Lenguaje Ofensivo,1,Insulto Directo,Persona Individual,NO,NO,NO,79,14,0,0,0,0
475,X,2026-07-14,USER_475,Porque les falto exterminar de una Vez por toda esa hierba mala denominada guerrilla y ahora renancio con el nombre de mareros o pandilleros terroristas o narcoguerilleros....,Porque les falto exterminar de una Vez por toda esa hierba mala denominada guerrilla y ahora renancio con el nombre de mareros o pandilleros terroristas o narcoguerilleros....,porque les falto exterminar de una vez por toda esa hierba mala denominada guerrilla y ahora renancio con el nombre de mareros o pandilleros terroristas o narcoguerilleros,Amenazas/Violencia,3,Deseo de Daño,Pandilleros/Mareros,NO,NO,SÍ,175,27,0,0,0,5
218,X,2026-07-14,USER_218,"#DeportesSV | La selección nacional de fútbol playa de El Salvador está jugando su pase a cuartos de final con los ucranianos de BSC Vybir, en la Beach Soccer World Winners Cup 2024. Al cierre de la primera parte, El Salvador lleva un gol de ventaja. #Alghero #Mundo #BeachSoccer","#DeportesSV | La selección nacional de fútbol playa de El Salvador está jugando su pase a cuartos de final con los ucranianos de BSC Vybir, en la Beach Soccer World Winners Cup 2024. Al cierre de la primera parte, El Salvador lleva un gol de ventaja. #Alghero #Mundo #BeachSoccer",deportessv la seleccion nacional de futbol playa de el salvador esta jugando su pase a cuartos de final con los ucranianos de bsc vybir en la beach soccer world winners cup al cierre de la primera parte el salvador lleva un gol de ventaja alghero mundo beachsoccer,No Tóxico,0,,,NO,NO,NO,279,49,0,0,4,1
172,X,2026-07-13,USER_172,"Buenos Días !! Feliz Días del padre a todos los que le hacen ""huevo"" y están ahí junto a su cría! #DiaDelPadreSV","Buenos Días !! Feliz Días del padre a todos los que le hacen ""huevo"" y están ahí junto a su cría! #DiaDelPadreSV",buenos dias feliz dias del padre a todos los que le hacen huevo y estan ahi junto a su cria diadelpadresv,No Tóxico,0,,,NO,NO,NO,112,22,0,0,1,0
3023,X,2026-07-14,USER_3023,Indios de mierda lo les queda otra que apoyar a sus hermanos caciques,Indios de mierda lo les queda otra que apoyar a sus hermanos caciques,indios de mierda lo les queda otra que apoyar a sus hermanos caciques,Discurso de Odio,2,Racismo,Personas latinoamericanas,NO,NO,NO,69,13,0,0,0,2
2403,Facebook,2026-07-21,USER_2403,Luego se preguntan porque el papá los abandona con todo y criatura ??,Luego se preguntan porque el papá los abandona con todo y criatura ??,luego se preguntan porque el papa los abandona con todo y criatura,Lenguaje Ofensivo,1,Burla,Familias pobres,NO,NO,NO,69,13,0,0,0,2
1975,X,2026-06-14,USER_1975,"Lampard, Shearer, Gerard , Rooney soretes de mierda , preparen el ojetes hijos de mil putas","Lampard, Shearer, Gerard , Rooney soretes de mierda , preparen el ojetes hijos de mil putas",lampard shearer gerard rooney soretes de mierda preparen el ojetes hijos de mil putas,Lenguaje Ofensivo,1,Insulto Directo,Persona Individual,NO,NO,NO,91,16,0,0,0,2
31,X,2026-07-13,USER_031,Esta #selectaSV pura promesa de NAYIB BUKELE...,Esta #selectaSV pura promesa de NAYIB BUKELE...,esta selectasv pura promesa de nayib bukele,No Tóxico,0,,,SÍ,NO,SÍ,47,7,0,0,1,0
1646,X,2026-05-30,USER_1646,A LLORAR A LA IGLESIA CATÓLICA. ABRAZO BOSTERITO.,A LLORAR A LA IGLESIA CATÓLICA. ABRAZO BOSTERITO.,a llorar a la iglesia catolica abrazo bosterito,Lenguaje Ofensivo,1,Insulto Directo,,SÍ,NO,NO,49,8,0,0,0,0
2927,X,2026-06-06,USER_2927,"Yo odio a los malditos venezolanos de mierda (Soy Venezolano) que votaron por ese hpta de Chávez en el 1998, claro ya las siguientes elecciones ese maldito nacionalizó colombianos y demás extranjeros, el perro de mierda ese ojalá se esté pudriendo en la 9na paila del infierno njd","Yo odio a los malditos venezolanos de mierda (Soy Venezolano) que votaron por ese hpta de Chávez en el 1998, claro ya las siguientes elecciones ese maldito nacionalizó colombianos y demás extranjeros, el perro de mierda ese ojalá se esté pudriendo en la 9na paila del infierno njd",yo odio a los malditos venezolanos de mierda soy venezolano que votaron por ese hpta de chavez en el claro ya las siguientes elecciones ese maldito nacionalizo colombianos y demas extranjeros el perro de mierda ese ojala se este pudriendo en la na paila del infierno njd,Amenazas/Violencia,3,Deseo de Daño,Personas latinoamericanas,NO,NO,NO,280,48,0,0,0,3
2073,Facebook,2026-07-11,USER_2073,Que vusque trabajo ese serote cara d chimpancé,Que vusque trabajo ese serote cara d chimpancé,que vusque trabajo ese serote cara d chimpance,Discurso de Odio,2,Racismo,,SÍ,NO,NO,46,8,0,0,0,1
182,X,2026-07-13,USER_182,"""Una sociedad que NO invierte en su juventud, esta condenada al fracaso"". #DíaDeLaJuventud #JuventudSV","""Una sociedad que NO invierte en su juventud, esta condenada al fracaso"". #DíaDeLaJuventud #JuventudSV",una sociedad que no invierte en su juventud esta condenada al fracaso diadelajuventud juventudsv,No Tóxico,0,,,NO,NO,NO,102,14,0,0,2,0
2395,Facebook,2026-07-21,USER_2395,Que yuca ha de ser en estos tiempos estar en los zapatos de la oposición pedorra ?????? así van a pasar varios años más con ese estreñimiento en el mero soplamonas jajajajaja,Que yuca ha de ser en estos tiempos estar en los zapatos de la oposición pedorra ?????? así van a pasar varios años más con ese estreñimiento en el mero soplamonas jajajajaja,que yuca ha de ser en estos tiempos estar en los zapatos de la oposicion pedorra asi van a pasar varios anos mas con ese estrenimiento en el mero soplamonas jajajajaja,Lenguaje Ofensivo,1,Insulto Directo,Oposición política,NO,NO,NO,174,32,0,0,0,1
262,X,2026-07-14,USER_262,"El 90% estamos de acuerdo que a Los mareros Los encieren de por vida en la carcel o que Los fusilen de una ves,El problema es que bukele tiene tregua con Los lideres,hay muchos con condenas y Los sacaron,Los inocentes salen casi muertos o salen a una fosa comun ,entiendes Prepago","El 90% estamos de acuerdo que a Los mareros Los encieren de por vida en la carcel o que Los fusilen de una ves,El problema es que bukele tiene tregua con Los lideres,hay muchos con condenas y Los sacaron,Los inocentes salen casi muertos o salen a una fosa comun ,entiendes Prepago",el estamos de acuerdo que a los mareros los encieren de por vida en la carcel o que los fusilen de una ves el problema es que bukele tiene tregua con los lideres hay muchos con condenas y los sacaron los inocentes salen casi muertos o salen a una fosa comun entiendes prepago,Amenazas/Violencia,3,Deseo de Daño,Pandilleros/Mareros,NO,NO,SÍ,280,51,0,0,0,5
314,X,2026-07-14,USER_314,#SFMasacreHospital Pena de muerte con horca en la Plaza Mayor a los mareros y políticos corruptos incluyendo dipucacosy turistas del VIP MZ.,#SFMasacreHospital Pena de muerte con horca en la Plaza Mayor a los mareros y políticos corruptos incluyendo dipucacosy turistas del VIP MZ.,sfmasacrehospital pena de muerte con horca en la plaza mayor a los mareros y politicos corruptos incluyendo dipucacosy turistas del vip mz,Amenazas/Violencia,3,Deseo de Daño,Pandilleros y políticos corruptos,NO,NO,SÍ,140,22,0,0,1,2
1883,X,2026-07-08,USER_1883,"Este pendejo de cinco no nos representa, soy salvadoreño y qué pena con este pendejo.","Este pendejo de cinco no nos representa, soy salvadoreño y qué pena con este pendejo.",este pendejo de cinco no nos representa soy salvadoreno y que pena con este pendejo,Lenguaje Ofensivo,1,Insulto Directo,Persona Individual,NO,NO,NO,85,15,0,0,0,2
2802,X,2026-06-27,USER_2802,"Pero sos chilena, bueno mapuche, y disfruten antes que suba el nivel del pacifico y desaparezcan indios de mierda","Pero sos chilena, bueno mapuche, y disfruten antes que suba el nivel del pacifico y desaparezcan indios de mierda",pero sos chilena bueno mapuche y disfruten antes que suba el nivel del pacifico y desaparezcan indios de mierda,Amenazas/Violencia,3,Deseo de Daño,Personas indi­genas,NO,NO,NO,113,19,0,0,0,2
681,Facebook,2026-07-14,USER_681,Escultural diosa de la belleza siempre a la vanguardia de la moda...!!! Wwwwwooooowwwww gran look...!!!,Escultural diosa de la belleza siempre a la vanguardia de la moda...!!! Wwwwwooooowwwww gran look...!!!,escultural diosa de la belleza siempre a la vanguardia de la moda wwwwwooooowwwww gran look,No Tóxico,0,,,NO,NO,NO,103,15,0,0,0,0
520,Facebook,2026-07-14,USER_520,"Yamil Bukele llevará a la Selecta al próximo mundial, le duela a quien le duela ... sarcasmo...","Yamil Bukele llevará a la Selecta al próximo mundial, le duela a quien le duela ... sarcasmo...",yamil bukele llevara a la selecta al proximo mundial le duela a quien le duela sarcasmo,No Tóxico,0,,,NO,SÍ,SÍ,95,17,0,0,0,0
1816,X,2026-06-07,USER_1816,"Patricia si, la otra es una hija de puta","Patricia si, la otra es una hija de puta",patricia si la otra es una hija de puta,Lenguaje Ofensivo,1,Insulto Directo,Persona Individual,NO,NO,SÍ,40,9,0,0,0,1
2842,X,2026-06-18,USER_2842,"es fija que los discapacitados de mierda que tenemos en el plantel van a arrugar una vez más, el arquero que pongamos se va a comer el gol más pelotudo que se puedan imaginar y no va a salir ni 1 de la cancha..","es fija que los discapacitados de mierda que tenemos en el plantel van a arrugar una vez más, el arquero que pongamos se va a comer el gol más pelotudo que se puedan imaginar y no va a salir ni 1 de la cancha..",es fija que los discapacitados de mierda que tenemos en el plantel van a arrugar una vez mas el arquero que pongamos se va a comer el gol mas pelotudo que se puedan imaginar y no va a salir ni de la cancha,Discurso de Odio,2,Capacitismo,Personas con discapacidad,NO,NO,NO,210,44,0,0,0,1
2748,X,2026-06-14,USER_2748,"Los judíos de mierda del Tottenham no te lo venden por menos de 80m ese equipo de mierda jamás vende ni barato ni a precio de mercado, los HDP venden a sobreprecio hasta a sus madres","Los judíos de mierda del Tottenham no te lo venden por menos de 80m ese equipo de mierda jamás vende ni barato ni a precio de mercado, los HDP venden a sobreprecio hasta a sus madres",los judios de mierda del tottenham no te lo venden por menos de m ese equipo de mierda jamas vende ni barato ni a precio de mercado los hdp venden a sobreprecio hasta a sus madres,Discurso de Odio,2,Antisemitismo,Personas judi­as,NO,NO,NO,182,36,0,0,0,2
2387,Facebook,2026-07-23,USER_2387,"Otra del montón de mujeres que ""saben"" de fútbol hace un mes ??","Otra del montón de mujeres que ""saben"" de fútbol hace un mes ??",otra del monton de mujeres que saben de futbol hace un mes,Discurso de Odio,2,Misoginia,Mujeres,SI,SI,NO,63,13,0,0,0,0
567,Facebook,2026-07-14,USER_567,Así es nuestro presidente Bukele,Así es nuestro presidente Bukele,asi es nuestro presidente bukele,No Tóxico,0,,,NO,NO,SÍ,32,5,0,0,0,0
2661,X,2026-06-25,USER_2661,"ARGENTINOS HIJOS DE PUTA, SUDACAS DE MIERDA, LAS MALVINAS SON BRITANICAS","ARGENTINOS HIJOS DE PUTA, SUDACAS DE MIERDA, LAS MALVINAS SON BRITANICAS",argentinos hijos de puta sudacas de mierda las malvinas son britanicas,Discurso de Odio,2,Xenofobia,Personas latinoamericanas,NO,NO,NO,72,11,0,0,0,2
1574,X,2026-05-24,USER_1574,"Poco a poco éstos hijosdelagranputa se estan cagando en todo y en todos, pero en su cerebro mierda lo mas fácil es echarle la culpa a los cadáveres quienes en vida fueron arena y el frente","Poco a poco éstos hijosdelagranputa se estan cagando en todo y en todos, pero en su cerebro mierda lo mas fácil es echarle la culpa a los cadáveres quienes en vida fueron arena y el frente",poco a poco estos hijosdelagranputa se estan cagando en todo y en todos pero en su cerebro mierda lo mas facil es echarle la culpa a los cadaveres quienes en vida fueron arena y el frente,Lenguaje Ofensivo,1,Insulto Directo,Grupos Políticos,NO,NO,SÍ,188,36,0,0,0,1
746,Facebook,2026-07-14,USER_746,"La unión hace la fuerza, gracias por mantenerlo vivo y rescatarlo, su labor fue fundamental, el trabajo en equipo fue la clave y su solidaridad, empatía y optimismo, constancia y perseverancia, logro el objetivo, Hernán, ahora está vivo y en un lugar a resguardo recibiendo atenciones médicas, Dios les de vida plena y en abundancia a todos, nos devuelven la fe en la humanidad...","La unión hace la fuerza, gracias por mantenerlo vivo y rescatarlo, su labor fue fundamental, el trabajo en equipo fue la clave y su solidaridad, empatía y optimismo, constancia y perseverancia, logro el objetivo, Hernán, ahora está vivo y en un lugar a resguardo recibiendo atenciones médicas, Dios les de vida plena y en abundancia a todos, nos devuelven la fe en la humanidad...",la union hace la fuerza gracias por mantenerlo vivo y rescatarlo su labor fue fundamental el trabajo en equipo fue la clave y su solidaridad empatia y optimismo constancia y perseverancia logro el objetivo hernan ahora esta vivo y en un lugar a resguardo recibiendo atenciones medicas dios les de vida plena y en abundancia a todos nos devuelven la fe en la humanidad,No Tóxico,0,,,NO,NO,NO,380,64,0,0,0,0
1893,X,2026-07-08,USER_1893,HABLA DE LA FIFA MIERDA,HABLA DE LA FIFA MIERDA,habla de la fifa mierda,Lenguaje Ofensivo,1,Palabras Obscenas,Institución,NO,NO,NO,23,5,0,0,0,1
2696,X,2026-06-23,USER_2696,No hablo con negros de mierda,No hablo con negros de mierda,no hablo con negros de mierda,Discurso de Odio,2,Racismo,Personas negras,NO,NO,NO,29,6,0,0,0,3
1471,Facebook,2026-06-14,USER_1471,Esas paginitas son de las mas lame huevos del presidente i dipurratas lo bloqueam de volada a uno cuamdo comenta algo en contra,Esas paginitas son de las mas lame huevos del presidente i dipurratas lo bloqueam de volada a uno cuamdo comenta algo en contra,esas paginitas son de las mas lame huevos del presidente i dipurratas lo bloqueam de volada a uno cuamdo comenta algo en contra,Lenguaje Ofensivo,1,Insulto Directo,Funcionarios Públicos,NO,NO,SÍ,127,23,0,0,0,0
3104,X,2026-07-27,USER_3104,"Hace poco asesinado un argentino por ser argentino en Bolivia, poca xenofobia reciben esos indios de mierda","Hace poco asesinado un argentino por ser argentino en Bolivia, poca xenofobia reciben esos indios de mierda",hace poco asesinado un argentino por ser argentino en bolivia poca xenofobia reciben esos indios de mierda,Discurso de Odio,2,Racismo,Indígenas,NO,NO,NO,107,17,0,0,0,2
2761,X,2026-06-14,USER_2761,"Joder y no hay nadie que les vea y les dé una paliza de muerte a esos moros de mierda,hay que salir a las calles ya y mandarlos de vuelta a palos","Joder y no hay nadie que les vea y les dé una paliza de muerte a esos moros de mierda,hay que salir a las calles ya y mandarlos de vuelta a palos",joder y no hay nadie que les vea y les de una paliza de muerte a esos moros de mierda hay que salir a las calles ya y mandarlos de vuelta a palos,Amenazas/Violencia,3,Incitación a la Violencia,Personas musulmanas,NO,NO,NO,145,32,0,0,0,2
2462,Facebook,2026-07-21,USER_2462,no vez que le separaron los miembros,no vez que le separaron los miembros,no vez que le separaron los miembros,Lenguaje Ofensivo,1,Burla,Personas con discapacidad,NO,NO,NO,36,7,0,0,0,0
1635,X,2026-05-30,USER_1635,"A lo que te quedaste, a ser odiado por todo el mundo por lamebotas","A lo que te quedaste, a ser odiado por todo el mundo por lamebotas",a lo que te quedaste a ser odiado por todo el mundo por lamebotas,Lenguaje Ofensivo,1,Insulto Directo,Persona Individual,SÍ,NO,NO,66,14,0,0,0,0
2338,Facebook,2026-07-22,USER_2338,Y con filtro marrón para que sepan que es mexico,Y con filtro marrón para que sepan que es mexico,y con filtro marron para que sepan que es mexico,Discurso de Odio,2,Xenofobia,Mexicanos,NO,NO,NO,48,10,0,0,0,1
391,X,2026-07-14,USER_391,"Denle con todo eso es lo q necesitamos, blinden a la PNC y den les libertad a la policía para matar a los mareros.","Denle con todo eso es lo q necesitamos, blinden a la PNC y den les libertad a la policía para matar a los mareros.",denle con todo eso es lo q necesitamos blinden a la pnc y den les libertad a la policia para matar a los mareros,Amenazas/Violencia,3,Incitación a la Violencia,Pandilleros/Mareros,NO,NO,SÍ,114,24,0,0,0,3
919,Facebook,2026-07-23,USER_919,Pobrecito gran cerote pura mierda hablas pedazo de mierda creo que son uno más de los pandilleros que se ocultan detran de mami para que no te agarren el presidente ha hecho esto porque muchos pandilleros mataron a tanta gente inocente y esta bueno que estén presos por fuera ya les hubieran puesto la pena de muerte a esos parásitos qué tanto daño hicieron al pueblo salvadoreño,Pobrecito gran cerote pura mierda hablas pedazo de mierda creo que son uno más de los pandilleros que se ocultan detran de mami para que no te agarren el presidente ha hecho esto porque muchos pandilleros mataron a tanta gente inocente y esta bueno que estén presos por fuera ya les hubieran puesto la pena de muerte a esos parásitos qué tanto daño hicieron al pueblo salvadoreño,pobrecito gran cerote pura mierda hablas pedazo de mierda creo que son uno mas de los pandilleros que se ocultan detran de mami para que no te agarren el presidente ha hecho esto porque muchos pandilleros mataron a tanta gente inocente y esta bueno que esten presos por fuera ya les hubieran puesto la pena de muerte a esos parasitos que tanto dano hicieron al pueblo salvadoreno,Amenazas/Violencia,3,Deseo de Daño,Grupo (pandillas),NO,NO,SÍ,379,67,0,0,0,6
626,Facebook,2026-07-14,USER_626,"Salud es la columna vertebral de la vida, es la cabeza de los derechos, es un mandamiento de Dios, no mataras, Dios es Dios de vivos y no de muertos, luchemos por nuestras vidas, gracias dr . Aguirre por representar y defender a su pueblo, valiente luchador, Dios lo proteja.","Salud es la columna vertebral de la vida, es la cabeza de los derechos, es un mandamiento de Dios, no mataras, Dios es Dios de vivos y no de muertos, luchemos por nuestras vidas, gracias dr . Aguirre por representar y defender a su pueblo, valiente luchador, Dios lo proteja.",salud es la columna vertebral de la vida es la cabeza de los derechos es un mandamiento de dios no mataras dios es dios de vivos y no de muertos luchemos por nuestras vidas gracias dr aguirre por representar y defender a su pueblo valiente luchador dios lo proteja,No Tóxico,0,,,NO,NO,SÍ,275,50,0,0,0,1
2531,Facebook,2026-07-23,USER_2531,Maje no te juntes con esos cerotes de Apopa esos todavia no evolucionan y en una de esas hacen canibalismo y te artan! ????,Maje no te juntes con esos cerotes de Apopa esos todavia no evolucionan y en una de esas hacen canibalismo y te artan! ????,maje no te juntes con esos cerotes de apopa esos todavia no evolucionan y en una de esas hacen canibalismo y te artan,Lenguaje Ofensivo,1,Tono Agresivo,Habitantes de Apopa,NO,NO,NO,123,24,0,0,0,3
2157,Facebook,2026-06-07,USER_2157,Vengo del futuro Inglaterra 8 Argentina 2 y Messi acaba siendo golpeador del mundial.,Vengo del futuro Inglaterra 8 Argentina 2 y Messi acaba siendo golpeador del mundial.,vengo del futuro inglaterra argentina y messi acaba siendo golpeador del mundial,No Tóxico,0,,Personas argentinas,SI,SI,NO,85,14,0,0,0,0
483,X,2026-07-14,USER_483,"Si desaparecen los pandilleros, nadie los va extrañar, si acaso familiares.","Si desaparecen los pandilleros, nadie los va extrañar, si acaso familiares.",si desaparecen los pandilleros nadie los va extranar si acaso familiares,No Tóxico,0,,Pandilleros/Mareros,NO,NO,NO,75,11,0,0,0,1
2068,X,2026-07-08,USER_2068,Ajajjaa te rompieron el culito maricon? Que solo sabes decir culo roto ajajajja Eres veneco no inventes vales verga y nadie los quiere aceptalo,Ajajjaa te rompieron el culito maricon? Que solo sabes decir culo roto ajajajja Eres veneco no inventes vales verga y nadie los quiere aceptalo,ajajjaa te rompieron el culito maricon que solo sabes decir culo roto ajajajja eres veneco no inventes vales verga y nadie los quiere aceptalo,Discurso de Odio,2,Xenofobia,"Venezolanos, LGBTQ+",SÍ,NO,SÍ,143,24,0,0,0,3
644,Facebook,2026-07-14,USER_644,¡¡GOOOL DE ESPAÑA ANTE FRANCIA!!,¡¡GOOOL DE ESPAÑA ANTE FRANCIA!!,goool de espana ante francia,No Tóxico,0,,,NO,NO,NO,32,5,0,0,0,0
1927,X,2026-06-14,USER_1927,"375,648 siguen a este idiota 😅🤣🤣🤣🤣🤣🤣😱😱😱😱😱😱","375,648 siguen a este idiota :cara_sonriendo_con_sudor_frío: :cara_revolviéndose_de_la_risa: :cara_revolviéndose_de_la_risa: :cara_revolviéndose_de_la_risa: :cara_revolviéndose_de_la_risa: :cara_revolviéndose_de_la_risa: :cara_revolviéndose_de_la_risa: :cara_gritando_de_miedo: :cara_gritando_de_miedo: :cara_gritando_de_miedo: :cara_gritando_de_miedo: :cara_gritando_de_miedo: :cara_gritando_de_miedo:",siguen a este idiota,Lenguaje Ofensivo,1,Insulto Directo,Persona Individual,SÍ,NO,SÍ,42,6,13,0,0,1
126,X,2026-07-13,USER_126,#LiteraturaSV | Nuevo libro de cuentos del narrador salvadoreño @AmndreRenteria Próximamente @indoleditores,#LiteraturaSV | Nuevo libro de cuentos del narrador salvadoreño @usuario Próximamente @usuario,literaturasv nuevo libro de cuentos del narrador salvadoreno usuario proximamente usuario,No Tóxico,0,,,NO,NO,NO,107,12,0,2,1,0
2197,Facebook,2026-06-19,USER_2197,España Argentina ese partido estará ya que los argentinos se burlaron de España que no tenía nada decían,España Argentina ese partido estará ya que los argentinos se burlaron de España que no tenía nada decían,espana argentina ese partido estara ya que los argentinos se burlaron de espana que no tenia nada decian,No Tóxico,0,,Personas argentinas,SI,SI,NO,104,18,0,0,0,0
2530,Facebook,2026-07-22,USER_2530,estos temblores son por este vergo de culeral q se a desatado va mi sniper ?,estos temblores son por este vergo de culeral q se a desatado va mi sniper ?,estos temblores son por este vergo de culeral q se a desatado va mi sniper,Lenguaje Ofensivo,1,Tono Agresivo,Personas LGBT,NO,NO,NO,76,16,0,0,0,0
2561,Facebook,2026-07-21,USER_2561,Bravo estos c rotes xq te trabaja más el cerebro q ellos ?? hasta haciendo pendejadas piensas más q la mayoría de guanak0s chupa verga de Bukele,Bravo estos c rotes xq te trabaja más el cerebro q ellos ?? hasta haciendo pendejadas piensas más q la mayoría de guanak0s chupa verga de Bukele,bravo estos c rotes xq te trabaja mas el cerebro q ellos hasta haciendo pendejadas piensas mas q la mayoria de guanak s chupa verga de bukele,Lenguaje Ofensivo,1,Tono Agresivo,Salvadoreños,NO,SI,NO,144,27,0,0,0,1
2999,X,2026-07-06,USER_2999,"Según los relatos de este último mes, Argentina es el país de Schrödinger: somos al mismo tiempo nazis arios racistas e indios negros de mierda, un país del quinto mundo y uno con la influencia para arreglar el mundial, una colonia y un país imperialista.","Según los relatos de este último mes, Argentina es el país de Schrödinger: somos al mismo tiempo nazis arios racistas e indios negros de mierda, un país del quinto mundo y uno con la influencia para arreglar el mundial, una colonia y un país imperialista.",segun los relatos de este ultimo mes argentina es el pais de schrodinger somos al mismo tiempo nazis arios racistas e indios negros de mierda un pais del quinto mundo y uno con la influencia para arreglar el mundial una colonia y un pais imperialista,No Tóxico,0,,Personas negras o racializadas,NO,NO,NO,255,45,0,0,0,4
2415,Facebook,2026-07-22,USER_2415,Mínimo más de una bicha ayer salio embarazada (por endeja),Mínimo más de una bicha ayer salio embarazada (por endeja),minimo mas de una bicha ayer salio embarazada por endeja,Discurso de Odio,2,Misoginia,Mujeres de clase baja,NO,NO,NO,58,10,0,0,0,0
1162,Facebook,2026-06-26,USER_1162,Peleando por un pico 🤣,Peleando por un pico :cara_revolviéndose_de_la_risa:,peleando por un pico,No Tóxico,0,,TikTokers,NO,NO,NO,22,5,1,0,0,0
585,Facebook,2026-07-14,USER_585,Hola buen día felicidades por su hermosura,Hola buen día felicidades por su hermosura,hola buen dia felicidades por su hermosura,No Tóxico,0,,,NO,NO,NO,42,7,0,0,0,0
2438,Facebook,2026-07-21,USER_2438,Jajajajajajajajaja pinche marranota jajajajaja,Jajajajajajajajaja pinche marranota jajajajaja,jajajajajajajajaja pinche marranota jajajajaja,Discurso de Odio,2,Gordofobia,Personas con sobrepeso,NO,NO,NO,46,4,0,0,0,1
2970,X,2026-06-16,USER_2970,Malditos negros de mierda son unos animales por eso ni antes ni ahora los quieren,Malditos negros de mierda son unos animales por eso ni antes ni ahora los quieren,malditos negros de mierda son unos animales por eso ni antes ni ahora los quieren,Discurso de Odio,2,Racismo,Personas negras o racializadas,NO,NO,NO,81,15,0,0,0,2
2515,Facebook,2026-07-21,USER_2515,como dijo frezer se reproducen como parasitos eso si,como dijo frezer se reproducen como parasitos eso si,como dijo frezer se reproducen como parasitos eso si,Discurso de Odio,2,Clasismo,Personas en situación de pobreza,NO,NO,NO,52,9,0,0,0,1
2998,X,2026-05-30,USER_2998,Que negros de mierda,Que negros de mierda,que negros de mierda,Discurso de Odio,2,Racismo,Personas negras o racializadas,NO,NO,NO,20,4,0,0,0,2
519,Facebook,2026-07-14,USER_519,Ni asi chele...,Ni asi chele...,ni asi chele,No Tóxico,0,,,NO,NO,NO,15,3,0,0,0,0
1324,Facebook,2026-06-25,USER_1324,Por pendejo a ese maje y al otro pendejo que andan asiendo el ridículo no los deberían dejar entrar en ningún lado por pendejos y mal hablados,Por pendejo a ese maje y al otro pendejo que andan asiendo el ridículo no los deberían dejar entrar en ningún lado por pendejos y mal hablados,por pendejo a ese maje y al otro pendejo que andan asiendo el ridiculo no los deberian dejar entrar en ningun lado por pendejos y mal hablados,Lenguaje Ofensivo,1,Insulto Directo,Persona Individual,SÍ,NO,NO,142,27,0,0,0,4
2977,X,2026-06-12,USER_2977,dios que negros de mierda que somos por favor. mencanta,dios que negros de mierda que somos por favor. mencanta,dios que negros de mierda que somos por favor mencanta,No Tóxico,0,,Personas negras o racializadas,NO,NO,NO,55,10,0,0,0,2
549,Facebook,2026-07-14,USER_549,"Un pais maravilloso, me quedé con las ganas de volver.","Un pais maravilloso, me quedé con las ganas de volver.",un pais maravilloso me quede con las ganas de volver,No Tóxico,0,,,NO,NO,NO,54,10,0,0,0,1
1128,Facebook,2026-06-25,USER_1128,un millon d pnds mejor dicho!,un millon d pnds mejor dicho!,un millon d pnds mejor dicho,Lenguaje Ofensivo,1,Insulto Directo,,NO,NO,NO,29,6,0,0,0,0
625,Facebook,2026-07-14,USER_625,"Dr. Rafael Aguirre, estamos con usted y le admiramos por su VALENTIA Y RESILIENCIA en este proceso. Muchos no comprenden su pisicion como lider de un sindicato tan importante del ISSS y esperamos en Dios que las autoridades del isss y minusterik de trabajo, resperen su Rol de presidente y no afecte su desempeño profesiinal y laboral","Dr. Rafael Aguirre, estamos con usted y le admiramos por su VALENTIA Y RESILIENCIA en este proceso. Muchos no comprenden su pisicion como lider de un sindicato tan importante del ISSS y esperamos en Dios que las autoridades del isss y minusterik de trabajo, resperen su Rol de presidente y no afecte su desempeño profesiinal y laboral",dr rafael aguirre estamos con usted y le admiramos por su valentia y resiliencia en este proceso muchos no comprenden su pisicion como lider de un sindicato tan importante del isss y esperamos en dios que las autoridades del isss y minusterik de trabajo resperen su rol de presidente y no afecte su desempeno profesiinal y laboral,No Tóxico,0,,,NO,NO,SÍ,334,57,0,0,0,1
214,X,2026-07-14,USER_214,"@tokkamak y yo les hacemos atenta invitación a esta exposición, cuya curaduría es obra nuestra. #MujerssSV #CulturaSV @EfemeridesSV @UESoficial","@usuario y yo les hacemos atenta invitación a esta exposición, cuya curaduría es obra nuestra. #MujerssSV #CulturaSV @usuario @usuario",usuario y yo les hacemos atenta invitacion a esta exposicion cuya curaduria es obra nuestra mujersssv culturasv usuario usuario,No Tóxico,0,,,NO,NO,NO,143,19,0,3,2,0
2897,X,2026-06-09,USER_2897,"si wey, putos inmigrantes de mierda que suben por México para llegar a disparos unidos y se terminan quedando en México y nosotros los tenemos que soportar y darles de tragar, no tenemos porque mantenerlos y darles techo a todos esos culeros","si wey, putos inmigrantes de mierda que suben por México para llegar a disparos unidos y se terminan quedando en México y nosotros los tenemos que soportar y darles de tragar, no tenemos porque mantenerlos y darles techo a todos esos culeros",si wey putos inmigrantes de mierda que suben por mexico para llegar a disparos unidos y se terminan quedando en mexico y nosotros los tenemos que soportar y darles de tragar no tenemos porque mantenerlos y darles techo a todos esos culeros,Discurso de Odio,2,Xenofobia,Personas inmigrantes,NO,NO,NO,241,42,0,0,0,4
2555,Facebook,2026-07-21,USER_2555,"Se nota en su piel, en que es políglota y su cabello la raza aria.... (Parece vietnamita mixtado con indones)","Se nota en su piel, en que es políglota y su cabello la raza aria.... (Parece vietnamita mixtado con indones)",se nota en su piel en que es poliglota y su cabello la raza aria parece vietnamita mixtado con indones,Discurso de Odio,2,Racismo,Personas morenas,SI,NO,NO,109,20,0,0,0,1
1398,Facebook,2026-06-25,USER_1398,"Culerazos, solo pipianadas ponen ustedes páginas ridículas,","Culerazos, solo pipianadas ponen ustedes páginas ridículas,",culerazos solo pipianadas ponen ustedes paginas ridiculas,Lenguaje Ofensivo,1,Insulto Directo,,NO,NO,NO,59,7,0,0,0,0
32,X,2026-07-13,USER_032,"#SelectaSV es triste; pero es ""otro día en la oficina""...","#SelectaSV es triste; pero es ""otro día en la oficina""...",selectasv es triste pero es otro dia en la oficina,No Tóxico,0,,,NO,SÍ,NO,57,10,0,0,1,0
1911,X,2026-07-08,USER_1911,"Si hoy valimos verga, pero ustedes llevan toda la historia VALIENDO VERGA, llevamos toda la historia METIENDOLES la verga, tu pais lleva toda la historia TRAGANDOSELA y llevamos toda la historia DANDOLES VERGA PA LLEVAR https://goal.com/es-mx/noticias/mexico-el-salvador-resultados-antecedentes-estadisticas-historial/1pvf9ivk8g101163enemxv675a aqui te dejo todas las vergizas🤣🤫","Si hoy valimos verga, pero ustedes llevan toda la historia VALIENDO VERGA, llevamos toda la historia METIENDOLES la verga, tu pais lleva toda la historia TRAGANDOSELA y llevamos toda la historia DANDOLES VERGA PA LLEVAR http://url aqui te dejo todas las vergizas :cara_revolviéndose_de_la_risa: :cara_pidiendo_silencio:",si hoy valimos verga pero ustedes llevan toda la historia valiendo verga llevamos toda la historia metiendoles la verga tu pais lleva toda la historia tragandosela y llevamos toda la historia dandoles verga pa llevar http url aqui te dejo todas las vergizas,Lenguaje Ofensivo,1,Palabras Obscenas,,SÍ,NO,NO,378,42,2,0,0,2
8,X,2026-07-13,USER_008,"#SurfCity | Las jóvenes promesas del surf están dejando todo en las olas de Punta Roca, una playa que conocen muy bien y que ofrece las condiciones perfectas para la práctica de este deporte. #SecretaríaDePrensa","#SurfCity | Las jóvenes promesas del surf están dejando todo en las olas de Punta Roca, una playa que conocen muy bien y que ofrece las condiciones perfectas para la práctica de este deporte. #SecretaríaDePrensa",surfcity las jovenes promesas del surf estan dejando todo en las olas de punta roca una playa que conocen muy bien y que ofrece las condiciones perfectas para la practica de este deporte secretariadeprensa,No Tóxico,0,,,NO,NO,SÍ,211,35,0,0,2,0
1065,Facebook,2026-06-14,USER_1065,Que me chupen el derecho 🤣🤣🤣,Que me chupen el derecho :cara_revolviéndose_de_la_risa: :cara_revolviéndose_de_la_risa: :cara_revolviéndose_de_la_risa:,que me chupen el derecho,Lenguaje Ofensivo,1,Palabras Obscenas,,SÍ,NO,NO,28,6,3,0,0,0
1488,Facebook,2026-07-26,USER_1488,HABER CON QUE PENDEJA PENDEJADA VAN A SALIR. PRIMERO FUE ALIAS CUMA Y HOY PODRÍA SER ALIAS CANTIMPLORA. Veremos!!!! Mañana.!!!,HABER CON QUE PENDEJA PENDEJADA VAN A SALIR. PRIMERO FUE ALIAS CUMA Y HOY PODRÍA SER ALIAS CANTIMPLORA. Veremos!!!! Mañana.!!!,haber con que pendeja pendejada van a salir primero fue alias cuma y hoy podria ser alias cantimplora veremos manana,Lenguaje Ofensivo,1,Insulto Directo,,SÍ,SÍ,SÍ,126,20,0,0,0,2
2291,Facebook,2026-07-21,USER_2291,no que fueramos judios para ser basura,no que fueramos judios para ser basura,no que fueramos judios para ser basura,Discurso de Odio,2,Antisemitismo,Judíos,NO,NO,NO,38,7,0,0,0,1
1921,X,2026-06-14,USER_1921,Y mas imbecil el confundir honduras con el salvador,Y mas imbecil el confundir honduras con el salvador,y mas imbecil el confundir honduras con el salvador,Lenguaje Ofensivo,1,Insulto Directo,Persona Individual,SÍ,SÍ,SÍ,51,9,0,0,0,2
1811,X,2026-06-07,USER_1811,Su opinión nos vale verga gorgojo,Su opinión nos vale verga gorgojo,su opinion nos vale verga gorgojo,Lenguaje Ofensivo,1,Insulto Directo,Opositores Políticos,NO,NO,SÍ,33,6,0,0,0,1
133,X,2026-07-13,USER_133,Un llamado a @AgriculturaSV es importante seguir con la entrega del fungicida para prevenir enfermedades como la roya o antracosis en el arbol del café. Se hace el llamado para tomar las medidas necesarias para evitar una pérdida de la producción de café. #Roya #CafeSV,Un llamado a @usuario es importante seguir con la entrega del fungicida para prevenir enfermedades como la roya o antracosis en el arbol del café. Se hace el llamado para tomar las medidas necesarias para evitar una pérdida de la producción de café. #Roya #CafeSV,un llamado a usuario es importante seguir con la entrega del fungicida para prevenir enfermedades como la roya o antracosis en el arbol del cafe se hace el llamado para tomar las medidas necesarias para evitar una perdida de la produccion de cafe roya cafesv,No Tóxico,0,,,NO,NO,NO,269,45,0,1,2,1
973,Facebook,2026-07-24,USER_973,Al fin los dos se murieron pero aya seban matar otra ves,Al fin los dos se murieron pero aya seban matar otra ves,al fin los dos se murieron pero aya seban matar otra ves,Amenazas/Violencia,3,Celebración de Violencia,Individuo,NO,NO,NO,56,12,0,0,0,1
2240,Facebook,2026-06-06,USER_2240,Si sequeda solo Infantino sequeda sola Messi y argentina,Si sequeda solo Infantino sequeda sola Messi y argentina,si sequeda solo infantino sequeda sola messi y argentina,No Tóxico,0,,Personas argentinas,SI,SI,NO,56,9,0,0,0,0
453,X,2026-07-14,USER_453,Para cuando la pena de muerte???? Porque a la verdadera sociedad civil sí que se la aplican los mareros???,Para cuando la pena de muerte???? Porque a la verdadera sociedad civil sí que se la aplican los mareros???,para cuando la pena de muerte porque a la verdadera sociedad civil si que se la aplican los mareros,No Tóxico,0,,Pandilleros/Mareros,NO,NO,NO,106,19,0,0,0,2
1994,X,2026-06-14,USER_1994,Mira hay mira que hay pais del orto pero pocos se fueron tan a la mierda como belgica en el congo!! Te cortaban las manos a los nenes!!,Mira hay mira que hay pais del orto pero pocos se fueron tan a la mierda como belgica en el congo!! Te cortaban las manos a los nenes!!,mira hay mira que hay pais del orto pero pocos se fueron tan a la mierda como belgica en el congo te cortaban las manos a los nenes,Lenguaje Ofensivo,1,Insulto Directo,,NO,NO,SÍ,135,28,0,0,0,1
2302,Facebook,2026-07-21,USER_2302,vos cerra el 0rtito simio cer0te salta muros,vos cerra el 0rtito simio cer0te salta muros,vos cerra el rtito simio cer te salta muros,Discurso de Odio,2,Xenofobia,Salvadoreños,NO,NO,NO,44,8,0,0,0,1
1878,X,2026-07-08,USER_1878,Entendes eso pendejo o se te hace un dibujo ?,Entendes eso pendejo o se te hace un dibujo ?,entendes eso pendejo o se te hace un dibujo,Lenguaje Ofensivo,1,Insulto Directo,Persona Individual,SÍ,NO,SÍ,45,10,0,0,0,1
1485,Facebook,2026-07-26,USER_1485,Pinches pendejos mejor coman mierda,Pinches pendejos mejor coman mierda,pinches pendejos mejor coman mierda,Lenguaje Ofensivo,1,Insulto Directo,,NO,NO,SÍ,35,5,0,0,0,3
1487,Facebook,2026-07-26,USER_1487,Aesos pendejos les ace falta qué los folle un burro i dejen de ablar pendejadas y pensar tonterías,Aesos pendejos les ace falta qué los folle un burro i dejen de ablar pendejadas y pensar tonterías,aesos pendejos les ace falta que los folle un burro i dejen de ablar pendejadas y pensar tonterias,Lenguaje Ofensivo,1,Insulto Directo,,NO,NO,SÍ,98,18,0,0,0,2
2548,Facebook,2026-07-21,USER_2548,"ya hasta le hizo costra y es que la pobreza no está peleada con la higiene personal ni del hogar, esta no es solo pobre es webona","ya hasta le hizo costra y es que la pobreza no está peleada con la higiene personal ni del hogar, esta no es solo pobre es webona",ya hasta le hizo costra y es que la pobreza no esta peleada con la higiene personal ni del hogar esta no es solo pobre es webona,Discurso de Odio,2,Clasismo,Personas en situación de pobreza,NO,NO,NO,129,27,0,0,0,1
3004,X,2026-06-21,USER_3004,Que negros de mierda hermano,Que negros de mierda hermano,que negros de mierda hermano,Discurso de Odio,2,Racismo,Personas negras o racializadas,NO,NO,NO,28,5,0,0,0,2
1806,X,2026-06-07,USER_1806,Muy patéticos tirarle mierda a la selección por chimbadas que se han hecho toda la vida. DIMinuto como el equipo.,Muy patéticos tirarle mierda a la selección por chimbadas que se han hecho toda la vida. DIMinuto como el equipo.,muy pateticos tirarle mierda a la seleccion por chimbadas que se han hecho toda la vida diminuto como el equipo,Lenguaje Ofensivo,1,Insulto Directo,,NO,NO,NO,113,20,0,0,0,2
837,Facebook,2026-07-19,USER_837,AMI EN LO PERSONAL ME DAN LÁSTIMA LOS ANIMALITOS ESTOS CAMPESINOS MAS BURROS QE LOS PROPIOS BURRITO QE EXPONEN ALOS POBRES ANIMALITOS AL PELIGRO OJALA SE ALLA MUERTO ESE TIPEJO BASURA QUE VIENDO COMO ESTA SE PONE A CRUZAR EL RIO IDIOTA DE TIPO POBRE ANIMALITO OJALA SE ALLA SALVADO EL BURRITO Y SE ALLA PELADO ESE IDIOTA DE CAMPESINO TORPE,AMI EN LO PERSONAL ME DAN LÁSTIMA LOS ANIMALITOS ESTOS CAMPESINOS MAS BURROS QE LOS PROPIOS BURRITO QE EXPONEN ALOS POBRES ANIMALITOS AL PELIGRO OJALA SE ALLA MUERTO ESE TIPEJO BASURA QUE VIENDO COMO ESTA SE PONE A CRUZAR EL RIO IDIOTA DE TIPO POBRE ANIMALITO OJALA SE ALLA SALVADO EL BURRITO Y SE ALLA PELADO ESE IDIOTA DE CAMPESINO TORPE,ami en lo personal me dan lastima los animalitos estos campesinos mas burros qe los propios burrito qe exponen alos pobres animalitos al peligro ojala se alla muerto ese tipejo basura que viendo como esta se pone a cruzar el rio idiota de tipo pobre animalito ojala se alla salvado el burrito y se alla pelado ese idiota de campesino torpe,Amenazas/Violencia,3,Deseo de Daño,"Individuo señalado (""ese tipo"", mencionado en el post)",NO,NO,NO,339,61,0,0,0,4
1087,Facebook,2026-06-22,USER_1087,Las queso partido 😎,Las queso partido :cara_sonriendo_con_gafas_de_sol:,las queso partido,No Tóxico,0,,Persona Individual,NO,NO,NO,19,4,1,0,0,0
1099,Facebook,2026-06-29,USER_1099,Un perro menos una tortilla más,Un perro menos una tortilla más,un perro menos una tortilla mas,Lenguaje Ofensivo,1,Tono Agresivo,,SÍ,SÍ,NO,31,6,0,0,0,1
838,Facebook,2026-07-19,USER_838,Poresos los matan. Por. Abusar. De lajente umilde,Poresos los matan. Por. Abusar. De lajente umilde,poresos los matan por abusar de lajente umilde,Amenazas/Violencia,3,Celebración de Violencia,Policías/autoridades señaladas como abusivas,NO,NO,NO,49,8,0,0,0,0
528,Facebook,2026-07-14,USER_528,"Los latinos somos los mas racistas , nunca tomarian un nombre de un jugador africano","Los latinos somos los mas racistas , nunca tomarian un nombre de un jugador africano",los latinos somos los mas racistas nunca tomarian un nombre de un jugador africano,No Tóxico,0,,,NO,NO,NO,84,15,0,0,0,0
697,Facebook,2026-07-14,USER_697,Que bonito resultado.,Que bonito resultado.,que bonito resultado,No Tóxico,0,,,NO,NO,NO,21,3,0,0,0,0
2300,Facebook,2026-07-22,USER_2300,MS= Mono Serote.,MS= Mono Serote.,ms mono serote,Amenazas/Violencia,3,Deshumanización,Salvadoreños,NO,NO,NO,16,3,0,0,0,1
1679,X,2026-06-02,USER_1679,Esta es la periodista de @chilevision @chvnoticias que fue meada en El Salvador?,Esta es la periodista de @usuario @usuario que fue meada en El Salvador?,esta es la periodista de usuario usuario que fue meada en el salvador,Lenguaje Ofensivo,1,Tono Agresivo,Persona Individual,SÍ,NO,SÍ,80,13,0,2,0,0
1246,Facebook,2026-07-14,USER_1246,Les llevó la maldición el vende patria de Francis Castillo.,Les llevó la maldición el vende patria de Francis Castillo.,les llevo la maldicion el vende patria de francis castillo,Lenguaje Ofensivo,1,Insulto Directo,Persona Individual,SÍ,NO,NO,59,10,0,0,0,0
132,X,2026-07-13,USER_132,31) Otro día haré una nueva ronda de tuits dedicado al cine salvadoreño de la década de 1950 al presente. Todo el material que he compartido forma parte de un libro que publicaré en 2027. #Oscars2024 #CineSV @EfemeridesSV @historia_ca @elsalvadorcom @ElMundoSV @tcsnoticias,31) Otro día haré una nueva ronda de tuits dedicado al cine salvadoreño de la década de 1950 al presente. Todo el material que he compartido forma parte de un libro que publicaré en 2027. #Oscars2024 #CineSV @usuario @usuario @usuario @usuario @usuario,otro dia hare una nueva ronda de tuits dedicado al cine salvadoreno de la decada de al presente todo el material que he compartido forma parte de un libro que publicare en oscars cinesv usuario usuario usuario usuario usuario,No Tóxico,0,,,NO,NO,NO,273,42,0,5,2,0
1827,X,2026-06-07,USER_1827,No seas idiota pendejo estúpido eres un idiota pendejo estúpido saliste de la cárcel de inmigración más estúpido tú Alvaro hijo de tú changada madre pendejo estúpido era mejor que te hubieran deportado para el salvador al Cecot eres un delincuente pendejo Estúpido,No seas idiota pendejo estúpido eres un idiota pendejo estúpido saliste de la cárcel de inmigración más estúpido tú Alvaro hijo de tú changada madre pendejo estúpido era mejor que te hubieran deportado para el salvador al Cecot eres un delincuente pendejo Estúpido,no seas idiota pendejo estupido eres un idiota pendejo estupido saliste de la carcel de inmigracion mas estupido tu alvaro hijo de tu changada madre pendejo estupido era mejor que te hubieran deportado para el salvador al cecot eres un delincuente pendejo estupido,Lenguaje Ofensivo,1,Insulto Directo,Persona Individual,NO,NO,SÍ,264,43,0,0,0,2
3026,X,2026-06-05,USER_3026,"O sea somos racistas, pero somos indios de mierda?? Como es eso??","O sea somos racistas, pero somos indios de mierda?? Como es eso??",o sea somos racistas pero somos indios de mierda como es eso,No Tóxico,0,,Personas latinoamericanas,NO,NO,NO,65,12,0,0,0,2
1013,Facebook,2026-07-24,USER_1013,Primero dios el precidente le ayude a la bb y su mamá para venir a san salvador,Primero dios el precidente le ayude a la bb y su mamá para venir a san salvador,primero dios el precidente le ayude a la bb y su mama para venir a san salvador,No Tóxico,0,,,NO,NO,SÍ,79,17,0,0,0,0
2450,Facebook,2026-07-22,USER_2450,Ya no quiere ser mono,Ya no quiere ser mono,ya no quiere ser mono,Discurso de Odio,2,Racismo,Personas morenas,SI,SI,NO,21,5,0,0,0,0
689,Facebook,2026-07-14,USER_689,España gana,España gana,espana gana,No Tóxico,0,,,NO,NO,NO,11,2,0,0,0,0
1252,Facebook,2026-07-14,USER_1252,Latima q hoy a la gente le gusta pura basura,Latima q hoy a la gente le gusta pura basura,latima q hoy a la gente le gusta pura basura,Lenguaje Ofensivo,1,Palabras Obscenas,Persona Individual,NO,NO,SÍ,44,10,0,0,0,1
957,Facebook,2026-07-24,USER_957,"Esa rata no volverá a ver la luz del día , no selo merece q se pudra en la cárcel","Esa rata no volverá a ver la luz del día , no selo merece q se pudra en la cárcel",esa rata no volvera a ver la luz del dia no selo merece q se pudra en la carcel,Amenazas/Violencia,3,Deseo de Daño,Individuo,NO,NO,NO,81,20,0,0,0,1
2453,Facebook,2026-07-21,USER_2453,Es mas ?? ??,Es mas ?? ??,es mas,No Tóxico,0,,Personas morenas,NO,NO,NO,12,4,0,0,0,0
2899,X,2026-07-14,USER_2899,Yo no quiero inmigrantes de mierda En especial europeos corruptos y cobardes que no saben lo que es trabajar y defender a tu pais... Son como ratas que saltan cuando el barco se hunde Gente asi no aporta nada bueno a un pais,Yo no quiero inmigrantes de mierda En especial europeos corruptos y cobardes que no saben lo que es trabajar y defender a tu pais... Son como ratas que saltan cuando el barco se hunde Gente asi no aporta nada bueno a un pais,yo no quiero inmigrantes de mierda en especial europeos corruptos y cobardes que no saben lo que es trabajar y defender a tu pais son como ratas que saltan cuando el barco se hunde gente asi no aporta nada bueno a un pais,Discurso de Odio,2,Xenofobia,Personas inmigrantes,NO,NO,NO,224,43,0,0,0,2
750,Facebook,2026-07-14,USER_750,Gracias por salvar a los animalitos qué culpa tienen de todo esto criaturita,Gracias por salvar a los animalitos qué culpa tienen de todo esto criaturita,gracias por salvar a los animalitos que culpa tienen de todo esto criaturita,No Tóxico,0,,,NO,NO,NO,76,13,0,0,0,0
1451,Facebook,2026-06-14,USER_1451,Ya hasta te habías tardado viejo Qlero 🤣🤣🤣,Ya hasta te habías tardado viejo Qlero :cara_revolviéndose_de_la_risa: :cara_revolviéndose_de_la_risa: :cara_revolviéndose_de_la_risa:,ya hasta te habias tardado viejo qlero,Lenguaje Ofensivo,1,Insulto Directo,Persona Individual,SÍ,NO,SÍ,42,8,3,0,0,0
1696,X,2026-06-02,USER_1696,"Exactamente igual que el hijo de puta de Hugo Chávez, bukele es la misma mierda, porque viene del fmln pero este salio mucho peor sin ninguna duda, proteger la información de gasto publico, pero que mierda es esta???? jamas había pasado eso en EL SALVADOR!!!","Exactamente igual que el hijo de puta de Hugo Chávez, bukele es la misma mierda, porque viene del fmln pero este salio mucho peor sin ninguna duda, proteger la información de gasto publico, pero que mierda es esta???? jamas había pasado eso en EL SALVADOR!!!",exactamente igual que el hijo de puta de hugo chavez bukele es la misma mierda porque viene del fmln pero este salio mucho peor sin ninguna duda proteger la informacion de gasto publico pero que mierda es esta jamas habia pasado eso en el salvador,Lenguaje Ofensivo,1,Insulto Directo,Funcionarios Públicos,NO,NO,SÍ,258,45,0,0,0,3
2786,X,2026-07-01,USER_2786,Como si fueran dueños del estadio los gitanos de mierda,Como si fueran dueños del estadio los gitanos de mierda,como si fueran duenos del estadio los gitanos de mierda,Discurso de Odio,2,Racismo,Personas gitanas,NO,NO,NO,55,10,0,0,0,1
2059,X,2026-06-14,USER_2059,Mostra el video negro de mierda,Mostra el video negro de mierda,mostra el video negro de mierda,Discurso de Odio,2,Racismo,Persona Individual,NO,NO,NO,31,6,0,0,0,2
1623,X,2026-05-30,USER_1623,"Ojalá te fueras vos, inutil , corrupto y bueno para nada... Cobrar por no hacer nada también es robar. Maceta.","Ojalá te fueras vos, inutil , corrupto y bueno para nada... Cobrar por no hacer nada también es robar. Maceta.",ojala te fueras vos inutil corrupto y bueno para nada cobrar por no hacer nada tambien es robar maceta,Lenguaje Ofensivo,1,Insulto Directo,Funcionarios Públicos,NO,NO,SÍ,110,20,0,0,0,0
2050,X,2026-06-14,USER_2050,"zarpada en kukatrap, dólar moneda global. QUE CARAJOS ESTAS VENDIENDO IMBECIL","zarpada en kukatrap, dólar moneda global. QUE CARAJOS ESTAS VENDIENDO IMBECIL",zarpada en kukatrap dolar moneda global que carajos estas vendiendo imbecil,Lenguaje Ofensivo,1,Insulto Directo,Persona Individual,NO,NO,SÍ,77,11,0,0,0,1
763,Facebook,2026-07-16,USER_763,Al cecote para que les valla hacer comida Nayib Bukele PNC,Al cecote para que les valla hacer comida Nayib Bukele PNC,al cecote para que les valla hacer comida nayib bukele pnc,No Tóxico,0,,Pandilleros/Mareros,NO,NO,NO,58,11,0,0,0,0
439,X,2026-07-14,USER_439,Ya basta de derechos humanos cerotes!! El unico marero bueno es el muerto!,Ya basta de derechos humanos cerotes!! El unico marero bueno es el muerto!,ya basta de derechos humanos cerotes el unico marero bueno es el muerto,Amenazas/Violencia,3,Incitación a la Violencia,Pandilleros/Mareros,NO,NO,NO,74,13,0,0,0,3
2962,X,2026-07-02,USER_2962,Banda de venezolanos de mierda hay q darlos de baja ya !,Banda de venezolanos de mierda hay q darlos de baja ya !,banda de venezolanos de mierda hay q darlos de baja ya,Amenazas/Violencia,3,Incitación a la Violencia,Personas inmigrantes,NO,NO,NO,56,12,0,0,0,1
2164,Facebook,2026-07-06,USER_2164,Joel Ohlin Chile existe?,Joel Ohlin Chile existe?,joel ohlin chile existe,No Tóxico,0,,Personas argentinas,SI,SI,NO,24,4,0,0,0,0
1624,X,2026-05-30,USER_1624,"Come mierda vos cerote vos no servis pa ni mierda y esos 6,000 que te pagan cuesta ganarlo para que vos no hagas ni mierda.","Come mierda vos cerote vos no servis pa ni mierda y esos 6,000 que te pagan cuesta ganarlo para que vos no hagas ni mierda.",come mierda vos cerote vos no servis pa ni mierda y esos que te pagan cuesta ganarlo para que vos no hagas ni mierda,Lenguaje Ofensivo,1,Insulto Directo,Funcionarios Públicos,NO,NO,SÍ,123,25,0,0,0,2
2876,X,2026-06-02,USER_2876,"No,están defendiendo a las otras familias que no han hecho nada! No se puede ir quemando a todo el mundo,aunque estemos hasta los wevos de estos inmigrantes de mierda que solo vienen a jodernos.","No,están defendiendo a las otras familias que no han hecho nada! No se puede ir quemando a todo el mundo,aunque estemos hasta los wevos de estos inmigrantes de mierda que solo vienen a jodernos.",no estan defendiendo a las otras familias que no han hecho nada no se puede ir quemando a todo el mundo aunque estemos hasta los wevos de estos inmigrantes de mierda que solo vienen a jodernos,Discurso de Odio,2,Xenofobia,Personas inmigrantes,NO,NO,NO,194,34,0,0,0,2
470,X,2026-07-14,USER_470,@paololuers estamos artos de los mareros si son 2000 mareros muertos mensuales mejor. Deja de defender esta lacra que arruina la sociedad,@usuario estamos artos de los mareros si son 2000 mareros muertos mensuales mejor. Deja de defender esta lacra que arruina la sociedad,usuario estamos artos de los mareros si son mareros muertos mensuales mejor deja de defender esta lacra que arruina la sociedad,Amenazas/Violencia,3,Deseo de Daño,Pandilleros/Mareros,NO,NO,NO,137,22,0,1,0,2
3018,X,2026-07-15,USER_3018,Hay negros de mierda con plata,Hay negros de mierda con plata,hay negros de mierda con plata,Discurso de Odio,2,Racismo,Personas negras o racializadas,NO,NO,NO,30,6,0,0,0,3
521,Facebook,2026-07-14,USER_521,Infantino quiere ver a la Selecta en el Mundial,Infantino quiere ver a la Selecta en el Mundial,infantino quiere ver a la selecta en el mundial,No Tóxico,0,,,NO,NO,NO,47,9,0,0,0,0
318,X,2026-07-14,USER_318,"Por la memoria de todos los que han sufrido la muerte de un ser querido a manos de estas lacras, que sufran en la cárcel el resto de vida que les queda, somos más los que estamos del lado correcto, acá repudiamos a los mareros y a los que los defienden.","Por la memoria de todos los que han sufrido la muerte de un ser querido a manos de estas lacras, que sufran en la cárcel el resto de vida que les queda, somos más los que estamos del lado correcto, acá repudiamos a los mareros y a los que los defienden.",por la memoria de todos los que han sufrido la muerte de un ser querido a manos de estas lacras que sufran en la carcel el resto de vida que les queda somos mas los que estamos del lado correcto aca repudiamos a los mareros y a los que los defienden,Amenazas/Violencia,3,Deseo de Daño,Pandilleros/Mareros,NO,NO,NO,253,51,0,0,0,1
1092,Facebook,2026-06-22,USER_1092,Par de jugadas,Par de jugadas,par de jugadas,No Tóxico,0,,Persona Individual,NO,NO,NO,14,3,0,0,0,0
2633,X,2026-05-29,USER_2633,No se la dejaron ni con caca por lo menos estos inmigrantes de mierda,No se la dejaron ni con caca por lo menos estos inmigrantes de mierda,no se la dejaron ni con caca por lo menos estos inmigrantes de mierda,Discurso de Odio,2,Xenofobia,Personas inmigrantes,NO,NO,NO,69,14,0,0,0,4
1416,Facebook,2026-06-14,USER_1416,"No son rumores son chambres de hijosdeputa ,que no tienen nimierda que hacer,o de algun delincuente ,que ya no puede robar libre....busquen trabajo hijosdeputa","No son rumores son chambres de hijosdeputa ,que no tienen nimierda que hacer,o de algun delincuente ,que ya no puede robar libre....busquen trabajo hijosdeputa",no son rumores son chambres de hijosdeputa que no tienen nimierda que hacer o de algun delincuente que ya no puede robar libre busquen trabajo hijosdeputa,Lenguaje Ofensivo,1,Insulto Directo,Opositores Políticos,NO,NO,SÍ,159,24,0,0,0,0
1491,Facebook,2026-07-26,USER_1491,Jajaja sueñen pendejos,Jajaja sueñen pendejos,jajaja suenen pendejos,Lenguaje Ofensivo,1,Insulto Directo,,SÍ,NO,SÍ,22,3,0,0,0,1
2563,Facebook,2026-07-21,USER_2563,Loco chucho mono,Loco chucho mono,loco chucho mono,Discurso de Odio,2,Racismo,Personas morenas,NO,NO,NO,16,3,0,0,0,0
3080,X,2026-07-12,USER_3080,VIVIA PALESTINA LIBRE. A LOS QUE NADIE QUIERE ACA NI EN TODO EL MUNDO EN TODO MOMENTO ES A LOS INFAMES SATANICOS JUDIOS DE MIERDA,VIVIA PALESTINA LIBRE. A LOS QUE NADIE QUIERE ACA NI EN TODO EL MUNDO EN TODO MOMENTO ES A LOS INFAMES SATANICOS JUDIOS DE MIERDA,vivia palestina libre a los que nadie quiere aca ni en todo el mundo en todo momento es a los infames satanicos judios de mierda,Discurso de Odio,2,Antisemitismo,Personas judias,NO,NO,NO,129,25,0,0,0,1
1066,Facebook,2026-06-14,USER_1066,Busquen trabajo grulla de araganes,Busquen trabajo grulla de araganes,busquen trabajo grulla de araganes,Lenguaje Ofensivo,1,Insulto Directo,,NO,NO,NO,34,5,0,0,0,0
1371,Facebook,2026-06-25,USER_1371,Seguidores de sus pendejos diria yo dándole a ese culero,Seguidores de sus pendejos diria yo dándole a ese culero,seguidores de sus pendejos diria yo dandole a ese culero,Lenguaje Ofensivo,1,Insulto Directo,,NO,NO,NO,56,10,0,0,0,2
178,X,2026-07-13,USER_178,¡Seguimos con la renovación y transformación de infraestructura escolar! #MiNuevaEscuela #EducacionSV,¡Seguimos con la renovación y transformación de infraestructura escolar! #MiNuevaEscuela #EducacionSV,seguimos con la renovacion y transformacion de infraestructura escolar minuevaescuela educacionsv,No Tóxico,0,,,NO,NO,SÍ,101,11,0,0,2,1
1693,X,2026-06-02,USER_1693,Gran cerote saliste bajo fianza pero el proceso de deportación sigue mamahuevos. Al final vas a venir a El Salvador donde tenes procesos abiertos por estafa. Gran hijueputa,Gran cerote saliste bajo fianza pero el proceso de deportación sigue mamahuevos. Al final vas a venir a El Salvador donde tenes procesos abiertos por estafa. Gran hijueputa,gran cerote saliste bajo fianza pero el proceso de deportacion sigue mamahuevos al final vas a venir a el salvador donde tenes procesos abiertos por estafa gran hijueputa,Lenguaje Ofensivo,1,Insulto Directo,Persona Individual,SÍ,NO,SÍ,172,28,0,0,0,2
795,Facebook,2026-07-18,USER_795,Gracias a Dios ahora a podrirse con el resto,Gracias a Dios ahora a podrirse con el resto,gracias a dios ahora a podrirse con el resto,Amenazas/Violencia,3,Celebración de Violencia,Individuo/Grupo (detenido en publicación de la PNC),NO,NO,NO,44,9,0,0,0,1
1445,Facebook,2026-06-14,USER_1445,Vola a la verga hijo de puta,Vola a la verga hijo de puta,vola a la verga hijo de puta,Lenguaje Ofensivo,1,Insulto Directo,Persona Individual,NO,NO,SÍ,28,7,0,0,0,2
2900,X,2026-06-05,USER_2900,"Inmigrantes, de mierda porque no se van a comer basura a su país de. Negros","Inmigrantes, de mierda porque no se van a comer basura a su país de. Negros",inmigrantes de mierda porque no se van a comer basura a su pais de negros,Discurso de Odio,2,Racismo,Personas negras o racializadas,NO,NO,NO,75,15,0,0,0,5
2745,X,2026-07-01,USER_2745,Después andan llorando judíos de mierda,Después andan llorando judíos de mierda,despues andan llorando judios de mierda,Discurso de Odio,2,Antisemitismo,Personas judi­as,NO,NO,NO,39,6,0,0,0,1
2282,Facebook,2026-07-23,USER_2282,"E we agarra el pedo, orita se te van a juntar todos los meseros te van a tirar otra página","E we agarra el pedo, orita se te van a juntar todos los meseros te van a tirar otra página",e we agarra el pedo orita se te van a juntar todos los meseros te van a tirar otra pagina,No Tóxico,0,,Argentinos,NO,NO,NO,90,20,0,0,0,1
729,Facebook,2026-07-14,USER_729,"El mundial es nuestro España, va a ir contra Argentina","El mundial es nuestro España, va a ir contra Argentina",el mundial es nuestro espana va a ir contra argentina,No Tóxico,0,,,NO,NO,NO,54,10,0,0,0,0
548,Facebook,2026-07-14,USER_548,"Yo soy fiel visitante del salvador, para vacaciones, para irme fines de semana, con toda la familia. Nos encanta el salvador! Pero en la aduana de San Cristóbal, tienen un elemento super pedante y abusivo.","Yo soy fiel visitante del salvador, para vacaciones, para irme fines de semana, con toda la familia. Nos encanta el salvador! Pero en la aduana de San Cristóbal, tienen un elemento super pedante y abusivo.",yo soy fiel visitante del salvador para vacaciones para irme fines de semana con toda la familia nos encanta el salvador pero en la aduana de san cristobal tienen un elemento super pedante y abusivo,No Tóxico,0,,,NO,NO,NO,205,35,0,0,0,1
2857,X,2026-06-04,USER_2857,EN TODA ESPAÑA YA FUERA AYUDITAS A LOS Y LAS INMIGRANTES DE MIERDA MUERTOS Y MUERTAS DE HAMBRE QUE SE VAYAN A SUS PAISES TERCER MUNDISTAS,EN TODA ESPAÑA YA FUERA AYUDITAS A LOS Y LAS INMIGRANTES DE MIERDA MUERTOS Y MUERTAS DE HAMBRE QUE SE VAYAN A SUS PAISES TERCER MUNDISTAS,en toda espana ya fuera ayuditas a los y las inmigrantes de mierda muertos y muertas de hambre que se vayan a sus paises tercer mundistas,Discurso de Odio,2,Xenofobia,Personas inmigrantes,NO,NO,NO,137,26,0,0,0,3
1730,X,2026-06-04,USER_1730,Oye nomas este muerto de ambre hablando estupideces quien sos vos perro muerto de habre para hablar mierdas venid a El Salvador aver si tenes huevos pendejo,Oye nomas este muerto de ambre hablando estupideces quien sos vos perro muerto de habre para hablar mierdas venid a El Salvador aver si tenes huevos pendejo,oye nomas este muerto de ambre hablando estupideces quien sos vos perro muerto de habre para hablar mierdas venid a el salvador aver si tenes huevos pendejo,Lenguaje Ofensivo,1,Insulto Directo,Persona Individual,NO,NO,SÍ,156,27,0,0,0,3
1632,X,2026-05-30,USER_1632,Puta cabron hoy que agarras regularidad en un equipo y estas fijo te cagas… siempre lo mismo con vos. Si no es por una mejor oportunidad en el extranjero no voy a entender tu decision… mas con esta gran ventana que es copa CA no se te entiende a la verga entonces culero 🖕🏾,Puta cabron hoy que agarras regularidad en un equipo y estas fijo te cagas… siempre lo mismo con vos. Si no es por una mejor oportunidad en el extranjero no voy a entender tu decision… mas con esta gran ventana que es copa CA no se te entiende a la verga entonces culero :dedo_corazón_hacia_arriba:,puta cabron hoy que agarras regularidad en un equipo y estas fijo te cagas siempre lo mismo con vos si no es por una mejor oportunidad en el extranjero no voy a entender tu decision mas con esta gran ventana que es copa ca no se te entiende a la verga entonces culero,Lenguaje Ofensivo,1,Insulto Directo,Persona Individual,NO,NO,NO,273,54,1,0,0,4
190,X,2026-07-13,USER_190,#NavidadSV | Las alcaldías de @alcaldia_ss y @SantaTeclaSV brindaron esta noche un espectáculo navideño a los salvadoreños. El redondel Masferrer y el parque El Principito fueron las sedes de los shows para toda la familia.,#NavidadSV | Las alcaldías de @usuario y @usuario brindaron esta noche un espectáculo navideño a los salvadoreños. El redondel Masferrer y el parque El Principito fueron las sedes de los shows para toda la familia.,navidadsv las alcaldias de usuario y usuario brindaron esta noche un espectaculo navideno a los salvadorenos el redondel masferrer y el parque el principito fueron las sedes de los shows para toda la familia,No Tóxico,0,,,NO,NO,SÍ,223,35,0,2,1,0
3056,X,2026-06-28,USER_3056,XD no solo es el único comentario son varios el hecho de que nos digan chilote o pasillito demuestra mucho como son jajaja o que digan a cualquier mexicano que son unos indios de mierda el racismo también se demuestra en redes que la persona no lo diga todo los días,XD no solo es el único comentario son varios el hecho de que nos digan chilote o pasillito demuestra mucho como son jajaja o que digan a cualquier mexicano que son unos indios de mierda el racismo también se demuestra en redes que la persona no lo diga todo los días,xd no solo es el unico comentario son varios el hecho de que nos digan chilote o pasillito demuestra mucho como son jajaja o que digan a cualquier mexicano que son unos indios de mierda el racismo tambien se demuestra en redes que la persona no lo diga todo los dias,No Tóxico,0,,Personas latinoamericanas,NO,NO,NO,266,51,0,0,0,2
1112,Facebook,2026-06-24,USER_1112,Tiene cara de tonto. 😂,Tiene cara de tonto. :cara_llorando_de_risa:,tiene cara de tonto,Lenguaje Ofensivo,1,Insulto Directo,Persona Individual,SÍ,NO,NO,22,5,1,0,0,1
2882,X,2026-06-03,USER_2882,Lo justo sería que por cada cicatriz ocasionada a este pobre hombre se deportase a toda una familia de inmigrantes de mierda,Lo justo sería que por cada cicatriz ocasionada a este pobre hombre se deportase a toda una familia de inmigrantes de mierda,lo justo seria que por cada cicatriz ocasionada a este pobre hombre se deportase a toda una familia de inmigrantes de mierda,Discurso de Odio,2,Xenofobia,Personas inmigrantes,NO,NO,NO,124,22,0,0,0,2
566,Facebook,2026-07-14,USER_566,Esperamos la del junquillo san isidro cabañas,Esperamos la del junquillo san isidro cabañas,esperamos la del junquillo san isidro cabanas,No Tóxico,0,,,NO,NO,NO,45,7,0,0,0,0
888,Facebook,2026-07-20,USER_888,Bueno el ya sabe que 5 estrellas está disponible para los asesi..nos de mujeres cecot.. welcome,Bueno el ya sabe que 5 estrellas está disponible para los asesi..nos de mujeres cecot.. welcome,bueno el ya sabe que estrellas esta disponible para los asesi nos de mujeres cecot welcome,Amenazas/Violencia,3,Deseo de Daño,Feminicidas/asesinos de mujeres,NO,NO,NO,95,16,0,0,0,0
2499,Facebook,2026-07-22,USER_2499,"Le dijo, (ponte de hipopótamo)","Le dijo, (ponte de hipopótamo)",le dijo ponte de hipopotamo,Discurso de Odio,2,Gordofobia,Personas con sobrepeso,NO,NO,NO,30,5,0,0,0,0
1808,X,2026-06-07,USER_1808,"Con razón se emputó el tatareto de mierda de @jamesdrodriguez... Bien Antonella, eres grande, sigue tu camino en el futbol con ídolos de verdad...","Con razón se emputó el tatareto de mierda de @usuario... Bien Antonella, eres grande, sigue tu camino en el futbol con ídolos de verdad...",con razon se emputo el tatareto de mierda de usuario bien antonella eres grande sigue tu camino en el futbol con idolos de verdad,Lenguaje Ofensivo,1,Insulto Directo,Persona Individual,NO,NO,NO,146,24,0,1,0,2
291,X,2026-07-14,USER_291,Primero Dios no pierda ese brazo y que salga con bien de todo esto. Ojala regresará la. Sombra negra o algun grupo de exterminio que no les de aguas hasta eliminar a esos mareros de m13rd4,Primero Dios no pierda ese brazo y que salga con bien de todo esto. Ojala regresará la. Sombra negra o algun grupo de exterminio que no les de aguas hasta eliminar a esos mareros de m13rd4,primero dios no pierda ese brazo y que salga con bien de todo esto ojala regresara la sombra negra o algun grupo de exterminio que no les de aguas hasta eliminar a esos mareros de m rd,Amenazas/Violencia,3,Deseo de Daño,Pandilleros/Mareros,NO,NO,NO,188,36,0,0,0,4
1940,X,2026-06-14,USER_1940,El MIERCOLES HAY QUE HACERLOS MIERDA,El MIERCOLES HAY QUE HACERLOS MIERDA,el miercoles hay que hacerlos mierda,Lenguaje Ofensivo,1,Tono Agresivo,,NO,NO,SÍ,36,6,0,0,0,1
1664,X,2026-06-02,USER_1664,Gente ridícula dejen de andar semblance sizañas a sus hijos desde pequeños.Por que no dicen y muestran todo lo que les da el presidente para que manden a sus hijos a la escuela ?Antes ni un lápiz le daban a uno y así se forjaron los mejores professionales ahora solo vagos hay,Gente ridícula dejen de andar semblance sizañas a sus hijos desde pequeños.Por que no dicen y muestran todo lo que les da el presidente para que manden a sus hijos a la escuela ?Antes ni un lápiz le daban a uno y así se forjaron los mejores professionales ahora solo vagos hay,gente ridicula dejen de andar semblance sizanas a sus hijos desde pequenos por que no dicen y muestran todo lo que les da el presidente para que manden a sus hijos a la escuela antes ni un lapiz le daban a uno y asi se forjaron los mejores professionales ahora solo vagos hay,Lenguaje Ofensivo,1,Insulto Directo,,NO,NO,SÍ,276,52,0,0,0,0
552,Facebook,2026-07-14,USER_552,"Una paseada en kayak en los manglares , un tour único para toda la familia ! No es necesario saber nadar ..","Una paseada en kayak en los manglares , un tour único para toda la familia ! No es necesario saber nadar ..",una paseada en kayak en los manglares un tour unico para toda la familia no es necesario saber nadar,No Tóxico,0,,,NO,NO,NO,107,22,0,0,0,0
498,X,2026-07-14,USER_498,"Una buena noticia seria que habria fallecido en el hecho,estos cobardes delincuentes no merecen que se les mantengan en prision y de nuestros impuestos estarles dando de artar,queremos plomo contra los mareros y terroristas","Una buena noticia seria que habria fallecido en el hecho,estos cobardes delincuentes no merecen que se les mantengan en prision y de nuestros impuestos estarles dando de artar,queremos plomo contra los mareros y terroristas",una buena noticia seria que habria fallecido en el hecho estos cobardes delincuentes no merecen que se les mantengan en prision y de nuestros impuestos estarles dando de artar queremos plomo contra los mareros y terroristas,Amenazas/Violencia,3,Deseo de Daño,Pandilleros/Mareros,NO,NO,NO,223,34,0,0,0,2
2861,X,2026-06-08,USER_2861,"Quizás tenemos que ser racistas encerio, sigamos siendo los boludos que le dan de todo a los inmigrantes de mierda","Quizás tenemos que ser racistas encerio, sigamos siendo los boludos que le dan de todo a los inmigrantes de mierda",quizas tenemos que ser racistas encerio sigamos siendo los boludos que le dan de todo a los inmigrantes de mierda,Discurso de Odio,2,Xenofobia,Personas inmigrantes,NO,NO,NO,114,20,0,0,0,2
355,X,2026-07-14,USER_355,"Perdón y no me lapiden, pero monumento deberían hacerle, si hacían eso con los mareros, que tienen de rodillas a la gente trabajadora de este país.","Perdón y no me lapiden, pero monumento deberían hacerle, si hacían eso con los mareros, que tienen de rodillas a la gente trabajadora de este país.",perdon y no me lapiden pero monumento deberian hacerle si hacian eso con los mareros que tienen de rodillas a la gente trabajadora de este pais,Amenazas/Violencia,3,Apología de Violencia,Pandilleros/Mareros,NO,NO,NO,147,26,0,0,0,2
2894,X,2026-06-11,USER_2894,"A veces pienso que debería enchufarme al PP para no tener que trabajar, como unos cuantos venezolanos de mierda subvencionados aquí en España. #ÚLTIMAHORA | El Supremo perdona la cárcel a Aldama, jefe de la trama, a cambio de informes y trabajos a la comunidad https:// elplural.com/sociedad/tribu nales/supremo-perdona-carcel-aldama-jefe-trama-cambio-informes-trabajos-comunidad_393628102?utm_campaign=mrf-twitter-El_Plural&utm_source=twitter&utm_medium=social&mrfcid=202606226a3912072aab062ddf3448ac …","A veces pienso que debería enchufarme al PP para no tener que trabajar, como unos cuantos venezolanos de mierda subvencionados aquí en España. #ÚLTIMAHORA | El Supremo perdona la cárcel a Aldama, jefe de la trama, a cambio de informes y trabajos a la comunidad https:// elplural.com/sociedad/tribu nales/supremo-perdona-carcel-aldama-jefe-trama-cambio-informes-trabajos-comunidad_393628102?utm_campaign=mrf-twitter-El_Plural&utm_source=twitter&utm_medium=social&mrfcid=202606226a3912072aab062ddf3448ac …",a veces pienso que deberia enchufarme al pp para no tener que trabajar como unos cuantos venezolanos de mierda subvencionados aqui en espana ultimahora el supremo perdona la carcel a aldama jefe de la trama a cambio de informes y trabajos a la comunidad https elplural com sociedad tribu nales supremo perdona carcel aldama jefe trama cambio informes trabajos comunidad_ utm_campaign mrf twitter el_plural utm_source twitter utm_medium social mrfcid a aab ddf ac,Discurso de Odio,2,Xenofobia,Personas venezolanas,NO,NO,NO,503,49,0,0,1,1
2714,X,2026-06-26,USER_2714,"Yo espero que el presidente De La Espriella le ponga el ""tate quieto"" a esos indios de mierda.","Yo espero que el presidente De La Espriella le ponga el ""tate quieto"" a esos indios de mierda.",yo espero que el presidente de la espriella le ponga el tate quieto a esos indios de mierda,Discurso de Odio,2,Racismo,Personas indigenas,NO,NO,NO,94,18,0,0,0,2
35,X,2026-07-13,USER_035,"El primero aficionado de la #SelectaSV en llegar al estadio, enojado rompió el boleto y se salió, luego se dio cuenta que iba a jugar el equipo.","El primero aficionado de la #SelectaSV en llegar al estadio, enojado rompió el boleto y se salió, luego se dio cuenta que iba a jugar el equipo.",el primero aficionado de la selectasv en llegar al estadio enojado rompio el boleto y se salio luego se dio cuenta que iba a jugar el equipo,No Tóxico,0,,,NO,NO,NO,144,27,0,0,1,0
659,Facebook,2026-07-14,USER_659,Van a clasificar Nicaragua y Belice antes que nosotros..!,Van a clasificar Nicaragua y Belice antes que nosotros..!,van a clasificar nicaragua y belice antes que nosotros,No Tóxico,0,,,NO,SÍ,NO,57,9,0,0,0,0
564,Facebook,2026-07-14,USER_564,Muy deacuerdo está mejor q Guatemala lamentable en muchas cosas. Es un buen destino turístico ahora,Muy deacuerdo está mejor q Guatemala lamentable en muchas cosas. Es un buen destino turístico ahora,muy deacuerdo esta mejor q guatemala lamentable en muchas cosas es un buen destino turistico ahora,No Tóxico,0,,,NO,NO,NO,99,16,0,0,0,0
339,X,2026-07-14,USER_339,Esas son buenas noticias!!!! Acá tenemos muchos mareros que se pueden convertir en tierra para ayudar al medio ambiente Ya quiero que se mueran todos y que sirvan de abono,Esas son buenas noticias!!!! Acá tenemos muchos mareros que se pueden convertir en tierra para ayudar al medio ambiente Ya quiero que se mueran todos y que sirvan de abono,esas son buenas noticias aca tenemos muchos mareros que se pueden convertir en tierra para ayudar al medio ambiente ya quiero que se mueran todos y que sirvan de abono,Amenazas/Violencia,3,Deseo de Daño,Pandilleros/Mareros,NO,NO,NO,171,30,0,0,0,2
1845,X,2026-06-07,USER_1845,Ustedes q hicieron en 30 hijo de puta 🤡🖕,Ustedes q hicieron en 30 hijo de puta :cara_de_payaso: :dedo_corazón_hacia_arriba:,ustedes q hicieron en hijo de puta,Lenguaje Ofensivo,1,Insulto Directo,Persona Individual,SÍ,NO,SÍ,40,9,2,0,0,1
1609,X,2026-05-30,USER_1609,"Está haciendo un desnudo profesional,en proceso de salir a fin de año.","Está haciendo un desnudo profesional,en proceso de salir a fin de año.",esta haciendo un desnudo profesional en proceso de salir a fin de ano,No Tóxico,0,,Persona Individual,SÍ,NO,NO,70,12,0,0,0,0
1408,Facebook,2026-06-14,USER_1408,Estos hjp de la oposicion se estan cagando,Estos hjp de la oposicion se estan cagando,estos hjp de la oposicion se estan cagando,Lenguaje Ofensivo,1,Insulto Directo,Opositores Políticos,NO,NO,SÍ,42,8,0,0,0,0
513,Facebook,2026-07-14,USER_513,Vamos Francia,Vamos Francia,vamos francia,No Tóxico,0,,,NO,NO,NO,13,2,0,0,0,0
618,Facebook,2026-07-14,USER_618,Donde esta ese hospital??,Donde esta ese hospital??,donde esta ese hospital,No Tóxico,0,,,NO,NO,NO,25,4,0,0,0,0
1615,X,2026-05-30,USER_1615,"El tipo es el gran perdedor, talvez no se da cuenta hoy","El tipo es el gran perdedor, talvez no se da cuenta hoy",el tipo es el gran perdedor talvez no se da cuenta hoy,Lenguaje Ofensivo,1,Insulto Directo,Persona Individual,NO,NO,NO,55,12,0,0,0,0
1479,Facebook,2026-07-26,USER_1479,Malditos solo con el pobre se empachan el mismo qe los puso donde están,Malditos solo con el pobre se empachan el mismo qe los puso donde están,malditos solo con el pobre se empachan el mismo qe los puso donde estan,Lenguaje Ofensivo,1,Insulto Directo,Funcionarios Públicos,NO,NO,SÍ,71,14,0,0,0,1
3088,X,2026-06-16,USER_3088,"Irán, tienes que exterminar a estos judíos de mierda","Irán, tienes que exterminar a estos judíos de mierda",iran tienes que exterminar a estos judios de mierda,Amenazas/Violencia,3,Incitación a la Violencia,Personas judias,NO,NO,NO,52,9,0,0,0,1
2509,Facebook,2026-07-24,USER_2509,ánimo mi todo cartonsito acomplejado Otaku incel jajajaja,ánimo mi todo cartonsito acomplejado Otaku incel jajajaja,animo mi todo cartonsito acomplejado otaku incel jajajaja,Lenguaje Ofensivo,1,Insulto Directo,"Personas morenas, otakus",NO,NO,NO,57,8,0,0,0,0
266,X,2026-07-14,USER_266,Que los fusilen a ellos!! por Mulas. Los mareros no respetan a nadie!! asi agarran miedo. el que quiera morir que lo haga!!,Que los fusilen a ellos!! por Mulas. Los mareros no respetan a nadie!! asi agarran miedo. el que quiera morir que lo haga!!,que los fusilen a ellos por mulas los mareros no respetan a nadie asi agarran miedo el que quiera morir que lo haga,Amenazas/Violencia,3,Deseo de Daño,Pandilleros/Mareros,NO,NO,NO,123,23,0,0,0,3
1567,X,2026-05-24,USER_1567,Jueputa hasta aqui sono el vergaso doña @LaRodriguezCJ,Jueputa hasta aqui sono el vergaso doña @usuario,jueputa hasta aqui sono el vergaso dona usuario,Lenguaje Ofensivo,1,Palabras Obscenas,Persona Individual,SÍ,NO,SÍ,54,8,0,1,0,1
1349,Facebook,2026-06-25,USER_1349,Chocho a dónde miraste ésa Película,Chocho a dónde miraste ésa Película,chocho a donde miraste esa pelicula,Lenguaje Ofensivo,1,Palabras Obscenas,Persona Individual,NO,NO,NO,35,6,0,0,0,0
2806,X,2026-06-05,USER_2806,Justamente me lavaría el culo y los huevos con los judíos de mierda,Justamente me lavaría el culo y los huevos con los judíos de mierda,justamente me lavaria el culo y los huevos con los judios de mierda,Discurso de Odio,2,Antisemitismo,Personas judi­as,NO,NO,NO,67,13,0,0,0,3
192,X,2026-07-13,USER_192,#SantaAna503 #TraficoSV Despejado este día de #Navidadsv en la ciudad heroica....,#SantaAna503 #TraficoSV Despejado este día de #Navidadsv en la ciudad heroica....,santaana traficosv despejado este dia de navidadsv en la ciudad heroica,No Tóxico,0,,,NO,NO,NO,81,11,0,0,3,0
941,Facebook,2026-07-24,USER_941,la solución fuera desaparecerlo,la solución fuera desaparecerlo,la solucion fuera desaparecerlo,Amenazas/Violencia,3,Deseo de Daño,Individuo,NO,NO,NO,31,4,0,0,0,0
1965,X,2026-06-14,USER_1965,"Jaja estúpido. Por eso ni segunda división tenemos ahora mismo, para blindar el fútbol.","Jaja estúpido. Por eso ni segunda división tenemos ahora mismo, para blindar el fútbol.",jaja estupido por eso ni segunda division tenemos ahora mismo para blindar el futbol,Lenguaje Ofensivo,1,Insulto Directo,Persona Individual,SÍ,NO,SÍ,87,14,0,0,0,0
2956,X,2026-07-11,USER_2956,"Esa gente que le mete 300 cornetas al carro para joder a todo el planeta con su maldita música niche, les pica ese culo? Venezolanos de mierda, hijos de la revolución!","Esa gente que le mete 300 cornetas al carro para joder a todo el planeta con su maldita música niche, les pica ese culo? Venezolanos de mierda, hijos de la revolución!",esa gente que le mete cornetas al carro para joder a todo el planeta con su maldita musica niche les pica ese culo venezolanos de mierda hijos de la revolucion,Discurso de Odio,2,Xenofobia,Personas inmigrantes,NO,NO,NO,167,31,0,0,0,5
2863,X,2026-06-15,USER_2863,"""Lo que nos hace distinto a los demás"" en todos lados se está llenando de inmigrantes de mierda","""Lo que nos hace distinto a los demás"" en todos lados se está llenando de inmigrantes de mierda",lo que nos hace distinto a los demas en todos lados se esta llenando de inmigrantes de mierda,Discurso de Odio,2,Xenofobia,Personas inmigrantes,NO,NO,NO,95,18,0,0,0,2
2608,X,2026-07-06,USER_2608,"Vaya tonterías soltáis los panchitos pobres de mierda tercermundistas. OS VAMOS A FOLLAR COMO HICIMOS CON VUESTRAS PUTAS BISABUELAS, INCULTOS DE MIERDA.","Vaya tonterías soltáis los panchitos pobres de mierda tercermundistas. OS VAMOS A FOLLAR COMO HICIMOS CON VUESTRAS PUTAS BISABUELAS, INCULTOS DE MIERDA.",vaya tonterias soltais los panchitos pobres de mierda tercermundistas os vamos a follar como hicimos con vuestras putas bisabuelas incultos de mierda,Amenazas/Violencia,3,Amenaza Directa,Personas latinoamericanas; personas de bajos ingresos,NO,NO,NO,152,22,0,0,0,3
2004,X,2026-06-14,USER_2004,Sigue perro maricon llorado por el chahyote 🤣🤣🤣🤣 qué ya no te dan y eso te tiene con el culo ardido estas igual de estúpido y pendejo qué te padre 🤣🤣🤣 pero sigue llorando marica drogadicto,Sigue perro maricon llorado por el chahyote :cara_revolviéndose_de_la_risa: :cara_revolviéndose_de_la_risa: :cara_revolviéndose_de_la_risa: :cara_revolviéndose_de_la_risa: qué ya no te dan y eso te tiene con el culo ardido estas igual de estúpido y pendejo qué te padre :cara_revolviéndose_de_la_risa: :cara_revolviéndose_de_la_risa: :cara_revolviéndose_de_la_risa: pero sigue llorando marica drogadicto,sigue perro maricon llorado por el chahyote que ya no te dan y eso te tiene con el culo ardido estas igual de estupido y pendejo que te padre pero sigue llorando marica drogadicto,Lenguaje Ofensivo,1,Insulto Directo,Persona Individual,NO,NO,SÍ,188,36,7,0,0,6
630,Facebook,2026-07-14,USER_630,Dios le proteja Dr. Aguirre! Siempre Dios tiene lo mejor para usted.,Dios le proteja Dr. Aguirre! Siempre Dios tiene lo mejor para usted.,dios le proteja dr aguirre siempre dios tiene lo mejor para usted,No Tóxico,0,,,NO,NO,SÍ,68,12,0,0,0,0
936,Facebook,2026-07-24,USER_936,Son BASURAS DE GENTE si se le puede decir asi yo hubiera visto a esta rata haciendo eso le vuelo las manos por ratero o ratera quien haya sido,Son BASURAS DE GENTE si se le puede decir asi yo hubiera visto a esta rata haciendo eso le vuelo las manos por ratero o ratera quien haya sido,son basuras de gente si se le puede decir asi yo hubiera visto a esta rata haciendo eso le vuelo las manos por ratero o ratera quien haya sido,Amenazas/Violencia,3,Amenaza Directa,Individuo,NO,NO,NO,142,29,0,0,0,1
979,Facebook,2026-07-24,USER_979,"Siempre hay arrastrados que aplauden cada bayuncada, hasta en el país hay sobalevas, miren los ""me gusta"" del mal chiste de esta noticia y recuerden cuando los estén golpeando el ICE.","Siempre hay arrastrados que aplauden cada bayuncada, hasta en el país hay sobalevas, miren los ""me gusta"" del mal chiste de esta noticia y recuerden cuando los estén golpeando el ICE.",siempre hay arrastrados que aplauden cada bayuncada hasta en el pais hay sobalevas miren los me gusta del mal chiste de esta noticia y recuerden cuando los esten golpeando el ice,Amenazas/Violencia,3,Celebración de Violencia,Grupo,NO,NO,SÍ,183,31,0,0,0,0
2204,Facebook,2026-06-24,USER_2204,"Con la Final confirmada entre Argentina-España, MADURAR es aceptar de lo poderoso que en realidad era Cabo verde Sí señores, una pequeña isla fue un digno y difícil representante en este Mundial","Con la Final confirmada entre Argentina-España, MADURAR es aceptar de lo poderoso que en realidad era Cabo verde Sí señores, una pequeña isla fue un digno y difícil representante en este Mundial",con la final confirmada entre argentina espana madurar es aceptar de lo poderoso que en realidad era cabo verde si senores una pequena isla fue un digno y dificil representante en este mundial,No Tóxico,0,,Personas argentinas,SI,SI,NO,194,32,0,0,0,1
2435,Facebook,2026-07-21,USER_2435,Tu eres como unaaaa morsaaa,Tu eres como unaaaa morsaaa,tu eres como unaaaa morsaaa,Discurso de Odio,2,Gordofobia,Personas con sobrepeso,NO,NO,NO,27,5,0,0,0,0
688,Facebook,2026-07-14,USER_688,El jugó como juega en el madrid .. bien normalito..,El jugó como juega en el madrid .. bien normalito..,el jugo como juega en el madrid bien normalito,No Tóxico,0,,,NO,NO,NO,51,10,0,0,0,0
1851,X,2026-06-07,USER_1851,Del culo de tu puta madre sodomizada URIHUEVA 70 HDP 🐀💩,Del culo de tu puta madre sodomizada URIHUEVA 70 HDP :rata: :caca_con_ojos:,del culo de tu puta madre sodomizada urihueva hdp,Lenguaje Ofensivo,1,Insulto Directo,Persona Individual,NO,NO,NO,55,11,2,0,0,3
2219,Facebook,2026-07-10,USER_2219,"Argentina vs España, la mejor final de la Historia de Mundiales, una final Hispana, una final Blaugrana literal. Me gustaria que Lamine Yamal gane su primer mundial, pero en 2030, o 2034, este 2026, le toca al Messias","Argentina vs España, la mejor final de la Historia de Mundiales, una final Hispana, una final Blaugrana literal. Me gustaria que Lamine Yamal gane su primer mundial, pero en 2030, o 2034, este 2026, le toca al Messias",argentina vs espana la mejor final de la historia de mundiales una final hispana una final blaugrana literal me gustaria que lamine yamal gane su primer mundial pero en o este le toca al messias,No Tóxico,0,,Personas argentinas,SI,SI,NO,217,38,0,0,0,0
144,X,2026-07-13,USER_144,"#SalvadoreñosenelMundo celebran fiesta de honor al Divino Salvador del Mundo. La Comunidad de Virginia celebra en la Iglesia San Antonio, en Arlinton.","#SalvadoreñosenelMundo celebran fiesta de honor al Divino Salvador del Mundo. La Comunidad de Virginia celebra en la Iglesia San Antonio, en Arlinton.",salvadorenosenelmundo celebran fiesta de honor al divino salvador del mundo la comunidad de virginia celebra en la iglesia san antonio en arlinton,No Tóxico,0,,,NO,NO,SÍ,150,22,0,0,1,0
479,X,2026-07-14,USER_479,A Xiomi se lo exigimos y Nasry también. Echense unos 200 mareros aunque sea a la semana. Nadie los va extrañar.,A Xiomi se lo exigimos y Nasry también. Echense unos 200 mareros aunque sea a la semana. Nadie los va extrañar.,a xiomi se lo exigimos y nasry tambien echense unos mareros aunque sea a la semana nadie los va extranar,Amenazas/Violencia,3,Incitación a la Violencia,Pandilleros/Mareros,NO,NO,SÍ,111,21,0,0,0,1
2400,Facebook,2026-07-22,USER_2400,Es regla de oro que un 0te tiene que llevar puesta una camisa de el Alianza,Es regla de oro que un 0te tiene que llevar puesta una camisa de el Alianza,es regla de oro que un te tiene que llevar puesta una camisa de el alianza,Discurso de Odio,2,Homofobia,Aficionados del Alianza,NO,NO,NO,75,16,0,0,0,1
2781,X,2026-06-30,USER_2781,Ni los viejos se libran. Putos moros de mierda.,Ni los viejos se libran. Putos moros de mierda.,ni los viejos se libran putos moros de mierda,Discurso de Odio,2,Islamofobia,Personas musulmanas,NO,NO,NO,47,9,0,0,0,2
2952,X,2026-07-13,USER_2952,"Que malos son estos venezolanos de mierda, por dios y encima con 1 menos, pinchooooo","Que malos son estos venezolanos de mierda, por dios y encima con 1 menos, pinchooooo",que malos son estos venezolanos de mierda por dios y encima con menos pinchooooo,Discurso de Odio,2,Xenofobia,Personas inmigrantes,NO,NO,NO,84,15,0,0,0,2
871,Facebook,2026-07-19,USER_871,Yo diría carne fresca,Yo diría carne fresca,yo diria carne fresca,Amenazas/Violencia,3,Deseo de Daño,Pandilleros/detenidos,NO,NO,NO,21,4,0,0,0,0
2682,X,2026-06-26,USER_2682,"Siguen llorando ustedes negros de mierda? Sigan festejando casi ganarle a Inglaterra, infelices","Siguen llorando ustedes negros de mierda? Sigan festejando casi ganarle a Inglaterra, infelices",siguen llorando ustedes negros de mierda sigan festejando casi ganarle a inglaterra infelices,Discurso de Odio,2,Racismo,Personas negras,NO,NO,NO,95,13,0,0,0,2
170,X,2026-07-13,USER_170,"𝑯𝑶𝒀 𝑱𝑼𝑮𝑨𝑴𝑶𝑺 Hoy nos vamos a invadir el #Cuscatlan salimos a las 4PM de la calle ancha , pasaje $4.00. Vamos Pampero, Acompáñanos a empujar al Toro de las Pampas. ¡Te llevamos en el corazón, Firpo yo te quiero ver Campeón!.","𝑯𝑶𝒀 𝑱𝑼𝑮𝑨𝑴𝑶𝑺 Hoy nos vamos a invadir el #Cuscatlan salimos a las 4PM de la calle ancha , pasaje $4.00. Vamos Pampero, Acompáñanos a empujar al Toro de las Pampas. ¡Te llevamos en el corazón, Firpo yo te quiero ver Campeón!.",𝑯𝑶𝒀 𝑱𝑼𝑮𝑨𝑴𝑶𝑺 hoy nos vamos a invadir el cuscatlan salimos a las pm de la calle ancha pasaje vamos pampero acompananos a empujar al toro de las pampas te llevamos en el corazon firpo yo te quiero ver campeon,No Tóxico,0,,,NO,NO,NO,222,41,0,0,1,0
2468,Facebook,2026-07-23,USER_2468,"No sabía que se podía ser Down, autista y esquizofrénico a la vez, ????????","No sabía que se podía ser Down, autista y esquizofrénico a la vez, ????????",no sabia que se podia ser down autista y esquizofrenico a la vez,Discurso de Odio,2,Capacitismo,Personas con discapacidad,NO,NO,NO,75,14,0,0,0,0
2949,X,2026-07-06,USER_2949,"Venezolanos de mierda, son un parasito en toda latam.","Venezolanos de mierda, son un parasito en toda latam.",venezolanos de mierda son un parasito en toda latam,Discurso de Odio,2,Xenofobia,Personas inmigrantes,NO,NO,NO,53,9,0,0,0,2
851,Facebook,2026-07-19,USER_851,"Estos sujetos no deben regresar a nuestra sociedad que se está transformando, deben morir en prisión.","Estos sujetos no deben regresar a nuestra sociedad que se está transformando, deben morir en prisión.",estos sujetos no deben regresar a nuestra sociedad que se esta transformando deben morir en prision,Amenazas/Violencia,3,Deseo de Daño,Condenados/delincuentes,NO,NO,NO,101,16,0,0,0,1
654,Facebook,2026-07-14,USER_654,"Ni así jajaja lo dudo mucho, la única manera es que todo el planeta entero sea convocado","Ni así jajaja lo dudo mucho, la única manera es que todo el planeta entero sea convocado",ni asi jajaja lo dudo mucho la unica manera es que todo el planeta entero sea convocado,No Tóxico,0,,,NO,SÍ,NO,88,17,0,0,0,0
2535,Facebook,2026-07-22,USER_2535,no el problema es que ustedes comen como vacas y por eso sus cuerpos son de vacas ??,no el problema es que ustedes comen como vacas y por eso sus cuerpos son de vacas ??,no el problema es que ustedes comen como vacas y por eso sus cuerpos son de vacas,Discurso de Odio,2,Xenofobia,Personas con sobrepeso,NO,NO,NO,84,18,0,0,0,0
414,X,2026-07-14,USER_414,"Exactamente eso es lo que deben de hacer, quitarles la vida 1 vida de alguien honrrado, trabajador vale mas que 1000 de los mareros, incluso la suya que los defiende Tienen que pagar con su vida!!!!","Exactamente eso es lo que deben de hacer, quitarles la vida 1 vida de alguien honrrado, trabajador vale mas que 1000 de los mareros, incluso la suya que los defiende Tienen que pagar con su vida!!!!",exactamente eso es lo que deben de hacer quitarles la vida vida de alguien honrrado trabajador vale mas que de los mareros incluso la suya que los defiende tienen que pagar con su vida,Amenazas/Violencia,3,Deseo de Daño,Pandilleros/Mareros,NO,NO,NO,198,36,0,0,0,2
1826,X,2026-06-07,USER_1826,"Y vos ignorante de mierda has de ser muy letrado, clonador de tarjetas eso es lo sos deja de andar huyendo y ve a el salvador a demostrar tu inocencia,, q lo dudo te faltan huevos marica","Y vos ignorante de mierda has de ser muy letrado, clonador de tarjetas eso es lo sos deja de andar huyendo y ve a el salvador a demostrar tu inocencia,, q lo dudo te faltan huevos marica",y vos ignorante de mierda has de ser muy letrado clonador de tarjetas eso es lo sos deja de andar huyendo y ve a el salvador a demostrar tu inocencia q lo dudo te faltan huevos marica,Lenguaje Ofensivo,1,Insulto Directo,Persona Individual,NO,NO,NO,186,37,0,0,0,3
1578,X,2026-05-24,USER_1578,El parásito más grande de la política 👎👎,El parásito más grande de la política :pulgar_hacia_abajo: :pulgar_hacia_abajo:,el parasito mas grande de la politica,Lenguaje Ofensivo,1,Insulto Directo,Funcionarios Públicos,NO,NO,SÍ,40,8,2,0,0,1
344,X,2026-07-14,USER_344,Son tan estúpidos que se tatuan la cara con símbolos de pandilleros. Ojalá llegue un presidente con pantalones para darle balas y cárcel a todos estos delincuentes y los que roban o robaron millones al estado y a los ecuatorianos.,Son tan estúpidos que se tatuan la cara con símbolos de pandilleros. Ojalá llegue un presidente con pantalones para darle balas y cárcel a todos estos delincuentes y los que roban o robaron millones al estado y a los ecuatorianos.,son tan estupidos que se tatuan la cara con simbolos de pandilleros ojala llegue un presidente con pantalones para darle balas y carcel a todos estos delincuentes y los que roban o robaron millones al estado y a los ecuatorianos,Amenazas/Violencia,3,Deseo de Daño,Pandilleros/Mareros,NO,NO,SÍ,230,40,0,0,0,3
1850,X,2026-06-07,USER_1850,"Pienso en que me importa una mierda que haya una buena relación con usa, o que se resuelva lo de Ecuador, no me interesan 10 megacarceles ni un circo como el que se montó en El Salvador. Irse del país no es insensato cuando hay que compartirlo con más de 10M ciegos e ignorantes","Pienso en que me importa una mierda que haya una buena relación con usa, o que se resuelva lo de Ecuador, no me interesan 10 megacarceles ni un circo como el que se montó en El Salvador. Irse del país no es insensato cuando hay que compartirlo con más de 10M ciegos e ignorantes",pienso en que me importa una mierda que haya una buena relacion con usa o que se resuelva lo de ecuador no me interesan megacarceles ni un circo como el que se monto en el salvador irse del pais no es insensato cuando hay que compartirlo con mas de m ciegos e ignorantes,Lenguaje Ofensivo,1,Insulto Directo,,NO,NO,SÍ,278,54,0,0,0,3
1328,Facebook,2026-06-25,USER_1328,Señora con todo respeto seria una verguenza que representara a mi gran pais en cualquier cosa.,Señora con todo respeto seria una verguenza que representara a mi gran pais en cualquier cosa.,senora con todo respeto seria una verguenza que representara a mi gran pais en cualquier cosa,Lenguaje Ofensivo,1,Crítica Fuerte,,NO,NO,NO,94,16,0,0,0,1
1095,Facebook,2026-06-22,USER_1095,Ya me entraron las ganas de una papaya rajada,Ya me entraron las ganas de una papaya rajada,ya me entraron las ganas de una papaya rajada,Lenguaje Ofensivo,1,Palabras Obscenas,Persona Individual,NO,NO,NO,45,9,0,0,0,0
2429,Facebook,2026-07-23,USER_2429,Por un momento si pensé que levantaría su puerco con esos bracitos ??,Por un momento si pensé que levantaría su puerco con esos bracitos ??,por un momento si pense que levantaria su puerco con esos bracitos,Discurso de Odio,2,Gordofobia,Personas con sobrepeso,NO,NO,NO,69,13,0,0,0,1
2833,X,2026-06-24,USER_2833,Podian poner las manos discapacitados de mierda forros hijos de puta y la concha de su madre,Podian poner las manos discapacitados de mierda forros hijos de puta y la concha de su madre,podian poner las manos discapacitados de mierda forros hijos de puta y la concha de su madre,Discurso de Odio,2,Capacitismo,Personas con discapacidad,NO,NO,NO,92,17,0,0,0,2
2278,Facebook,2026-07-21,USER_2278,Argentina debería empeñar sus copas para comprar comida,Argentina debería empeñar sus copas para comprar comida,argentina deberia empenar sus copas para comprar comida,Discurso de Odio,2,Estigmatización Nacional,Argentinos,NO,NO,NO,55,8,0,0,0,0
1526,Facebook,2026-07-26,USER_1526,Detestable esta vieja serota,Detestable esta vieja serota,detestable esta vieja serota,Lenguaje Ofensivo,1,Insulto Directo,Persona Individual,NO,NO,NO,28,4,0,0,0,0
168,X,2026-07-13,USER_168,Empatan los salvadoreños por medio de Brayan Gil con asistencia de Nathan Ordaz y respiran un poco más tranquilos los aficionados en el #Cuscatlan,Empatan los salvadoreños por medio de Brayan Gil con asistencia de Nathan Ordaz y respiran un poco más tranquilos los aficionados en el #Cuscatlan,empatan los salvadorenos por medio de brayan gil con asistencia de nathan ordaz y respiran un poco mas tranquilos los aficionados en el cuscatlan,No Tóxico,0,,,NO,NO,NO,146,24,0,0,1,1
1796,X,2026-06-07,USER_1796,Otro estupido que prefiere ver a El Salvador comiendo mierda y con 100 asesinatos al dia,Otro estupido que prefiere ver a El Salvador comiendo mierda y con 100 asesinatos al dia,otro estupido que prefiere ver a el salvador comiendo mierda y con asesinatos al dia,Lenguaje Ofensivo,1,Insulto Directo,Persona Individual,NO,NO,SÍ,88,16,0,0,0,3
2011,X,2026-06-14,USER_2011,Es el mejor !! El puto amo!!!,Es el mejor !! El puto amo!!!,es el mejor el puto amo,No Tóxico,0,,,NO,NO,NO,29,7,0,0,0,1
1880,X,2026-07-08,USER_1880,"Al mundo le vale VERGA, a El Salvador le vale VERGA, a todos nos vale VERGA es más a mí también me vale VERGA gran pendejo","Al mundo le vale VERGA, a El Salvador le vale VERGA, a todos nos vale VERGA es más a mí también me vale VERGA gran pendejo",al mundo le vale verga a el salvador le vale verga a todos nos vale verga es mas a mi tambien me vale verga gran pendejo,Lenguaje Ofensivo,1,Insulto Directo,Persona Individual,SÍ,SÍ,NO,122,26,0,0,0,2
1518,Facebook,2026-07-26,USER_1518,Miren como están construyendo una gran empresa aquí por el rio jiboa y donde ban aquedar los desechos d esas empresas al rio y ahí la gente pendeja metida nunca dise nada no sean pendejos y avivem ya están viejos y siempre con esa mente pendeja,Miren como están construyendo una gran empresa aquí por el rio jiboa y donde ban aquedar los desechos d esas empresas al rio y ahí la gente pendeja metida nunca dise nada no sean pendejos y avivem ya están viejos y siempre con esa mente pendeja,miren como estan construyendo una gran empresa aqui por el rio jiboa y donde ban aquedar los desechos d esas empresas al rio y ahi la gente pendeja metida nunca dise nada no sean pendejos y avivem ya estan viejos y siempre con esa mente pendeja,Lenguaje Ofensivo,1,Insulto Directo,,NO,NO,NO,244,46,0,0,0,3
1207,Facebook,2026-06-26,USER_1207,Y el marido riéndose de las dos pasmadas 🤣🤣🤣🤣🤣,Y el marido riéndose de las dos pasmadas :cara_revolviéndose_de_la_risa: :cara_revolviéndose_de_la_risa: :cara_revolviéndose_de_la_risa: :cara_revolviéndose_de_la_risa: :cara_revolviéndose_de_la_risa:,y el marido riendose de las dos pasmadas,Lenguaje Ofensivo,1,Insulto Directo,Persona Individual,SÍ,NO,NO,46,9,5,0,0,0
98,X,2026-07-13,USER_098,#PerriCuarentena #GatiCuarentena suban a los de Uds #MascotasSV @Anayancy @anamabelq @Ninitarios @EstelaPerversa @ACDinarte,#PerriCuarentena #GatiCuarentena suban a los de Uds #MascotasSV @usuario @usuario @usuario @usuario @usuario,perricuarentena gaticuarentena suban a los de uds mascotassv usuario usuario usuario usuario usuario,No Tóxico,0,,,NO,NO,NO,123,13,0,5,3,0
597,Facebook,2026-07-14,USER_597,Bendiciones todos los días los veo un ratito antes de irme ami trabajo ya va ser mi cumpleaños ay me felicitan jiji,Bendiciones todos los días los veo un ratito antes de irme ami trabajo ya va ser mi cumpleaños ay me felicitan jiji,bendiciones todos los dias los veo un ratito antes de irme ami trabajo ya va ser mi cumpleanos ay me felicitan jiji,No Tóxico,0,,,NO,NO,NO,115,22,0,0,0,0
49,X,2026-07-13,USER_049,"El ejercicio continua hoy con los jóvenes de #Ataco en un espacio de formación que vuelve a demostrar la fuerza de nuestra juventud rural. Su compromiso con el liderazgo, la participación y la paz nos inspira y nos recuerda por qué vale la pena cada esfuerzo.","El ejercicio continua hoy con los jóvenes de #Ataco en un espacio de formación que vuelve a demostrar la fuerza de nuestra juventud rural. Su compromiso con el liderazgo, la participación y la paz nos inspira y nos recuerda por qué vale la pena cada esfuerzo.",el ejercicio continua hoy con los jovenes de ataco en un espacio de formacion que vuelve a demostrar la fuerza de nuestra juventud rural su compromiso con el liderazgo la participacion y la paz nos inspira y nos recuerda por que vale la pena cada esfuerzo,No Tóxico,0,,,NO,NO,NO,259,46,0,0,1,1
2146,Facebook,2026-07-04,USER_2146,"Ay ya sabemos que argentina puede hacer lo que se le pegue la gana ,, argentina es de todos los equipos del mundial que no han tenido ninguna intervención del var en su encontrá aa pero a su favor si a tenido otro mundial manchado para la albiceleste","Ay ya sabemos que argentina puede hacer lo que se le pegue la gana ,, argentina es de todos los equipos del mundial que no han tenido ninguna intervención del var en su encontrá aa pero a su favor si a tenido otro mundial manchado para la albiceleste",ay ya sabemos que argentina puede hacer lo que se le pegue la gana argentina es de todos los equipos del mundial que no han tenido ninguna intervencion del var en su encontra aa pero a su favor si a tenido otro mundial manchado para la albiceleste,No Tóxico,0,,Personas argentinas,SI,SI,NO,250,48,0,0,0,0
1601,X,2026-05-30,USER_1601,"Las personas que NO entienden que el dinero es un medio y NO un Fin , simple y sencillamente son unos Imbeciles.","Las personas que NO entienden que el dinero es un medio y NO un Fin , simple y sencillamente son unos Imbeciles.",las personas que no entienden que el dinero es un medio y no un fin simple y sencillamente son unos imbeciles,Lenguaje Ofensivo,1,Insulto Directo,,NO,NO,NO,112,22,0,0,0,0
1638,X,2026-05-30,USER_1638,"Pero los q piensan entrar en sustitucion de estos son peores tambien, las mismas ratas de Alcantaria.","Pero los q piensan entrar en sustitucion de estos son peores tambien, las mismas ratas de Alcantaria.",pero los q piensan entrar en sustitucion de estos son peores tambien las mismas ratas de alcantaria,Lenguaje Ofensivo,1,Insulto Directo,Funcionarios Públicos,NO,NO,SÍ,101,17,0,0,0,0
2060,X,2026-06-14,USER_2060,"Ya no le hagan caso a este pseudohombre. Tiene tan pocos webos que en su pinche vida se atrevería a decir algo en la cara de quien está ofendiendo. No le sigan dando cuerda, al pinche enano de porquería.","Ya no le hagan caso a este pseudohombre. Tiene tan pocos webos que en su pinche vida se atrevería a decir algo en la cara de quien está ofendiendo. No le sigan dando cuerda, al pinche enano de porquería.",ya no le hagan caso a este pseudohombre tiene tan pocos webos que en su pinche vida se atreveria a decir algo en la cara de quien esta ofendiendo no le sigan dando cuerda al pinche enano de porqueria,Lenguaje Ofensivo,1,Insulto Directo,Persona Individual,NO,NO,NO,203,39,0,0,0,1
2760,X,2026-06-02,USER_2760,España es un pais de moros de mierda y van a perder,España es un pais de moros de mierda y van a perder,espana es un pais de moros de mierda y van a perder,Discurso de Odio,2,Islamofobia,Personas musulmanas,NO,NO,NO,51,12,0,0,0,1
2144,Facebook,2026-06-05,USER_2144,"Mi abuelo me dijo un día : ""lo de Messi no es normal , definitivamente tiene un Don … ...Don Infantino "" Saludos y bendiciones","Mi abuelo me dijo un día : ""lo de Messi no es normal , definitivamente tiene un Don … ...Don Infantino "" Saludos y bendiciones",mi abuelo me dijo un dia lo de messi no es normal definitivamente tiene un don don infantino saludos y bendiciones,No Tóxico,0,,Personas argentinas,SI,SI,NO,126,25,0,0,0,0
1588,X,2026-05-24,USER_1588,"A la Milena, le faltó cerrar su alocución con un ""me la pelan"".","A la Milena, le faltó cerrar su alocución con un ""me la pelan"".",a la milena le falto cerrar su alocucion con un me la pelan,Lenguaje Ofensivo,1,Palabras Obscenas,Persona Individual,SÍ,SÍ,SÍ,63,13,0,0,0,1
1025,Facebook,2026-07-24,USER_1025,"Herbeth Salvador Garay No hombre, le faltan 10, pero pesos","Herbeth Salvador Garay No hombre, le faltan 10, pero pesos",herbeth salvador garay no hombre le faltan pero pesos,No Tóxico,0,,,NO,NO,NO,58,10,0,0,0,0
2370,Facebook,2026-07-21,USER_2370,puros los inditos que le regalaban el oro a los europeos ustedes,puros los inditos que le regalaban el oro a los europeos ustedes,puros los inditos que le regalaban el oro a los europeos ustedes,Discurso de Odio,2,Racismo,Indígenas,NO,NO,NO,64,12,0,0,0,0
2176,Facebook,2026-06-11,USER_2176,"España, son los Argentina, de Europa. En América todos los países a excepción de Argentina, están con el mejor, Francia. En Europa y el mundo, a excepción de los Argentina de Europa, también estarán con el mejor, Francia. Y como buen aficionado del fútbol que gane el mejor. O sea, Francia.","España, son los Argentina, de Europa. En América todos los países a excepción de Argentina, están con el mejor, Francia. En Europa y el mundo, a excepción de los Argentina de Europa, también estarán con el mejor, Francia. Y como buen aficionado del fútbol que gane el mejor. O sea, Francia.",espana son los argentina de europa en america todos los paises a excepcion de argentina estan con el mejor francia en europa y el mundo a excepcion de los argentina de europa tambien estaran con el mejor francia y como buen aficionado del futbol que gane el mejor o sea francia,No Tóxico,0,,Personas argentinas,SI,SI,NO,290,51,0,0,0,1
2812,X,2026-06-18,USER_2812,"A callar, putos perros judíos de mierda.","A callar, putos perros judíos de mierda.",a callar putos perros judios de mierda,Discurso de Odio,2,Antisemitismo,Personas judi­as,NO,NO,NO,40,7,0,0,0,3
1158,Facebook,2026-06-25,USER_1158,A Qui todo mundo estronpudo voka chuca por Que se almiran de la señora estupidos,A Qui todo mundo estronpudo voka chuca por Que se almiran de la señora estupidos,a qui todo mundo estronpudo voka chuca por que se almiran de la senora estupidos,Lenguaje Ofensivo,1,Insulto Directo,,NO,NO,NO,80,15,0,0,0,1
2815,X,2026-06-08,USER_2815,Q se mueran todos esos Judíos de Mierda,Q se mueran todos esos Judíos de Mierda,q se mueran todos esos judios de mierda,Amenazas/Violencia,3,Deseo de Daño,Personas judi­as,NO,NO,NO,39,8,0,0,0,2
522,Facebook,2026-07-14,USER_522,Y son capaces q no van jajaja,Y son capaces q no van jajaja,y son capaces q no van jajaja,No Tóxico,0,,,NO,NO,NO,29,7,0,0,0,0
2379,Facebook,2026-07-22,USER_2379,Me acabas de confirmar que hasta en Andorra (o España) los Argentinos son repartidores xD,Me acabas de confirmar que hasta en Andorra (o España) los Argentinos son repartidores xD,me acabas de confirmar que hasta en andorra o espana los argentinos son repartidores xd,Discurso de Odio,2,Xenofobia,Argentinos,NO,NO,NO,89,15,0,0,0,0
1543,Facebook,2026-07-26,USER_1543,Ya basta de tanto hijo de puta,Ya basta de tanto hijo de puta,ya basta de tanto hijo de puta,Lenguaje Ofensivo,1,Insulto Directo,,NO,NO,NO,30,7,0,0,0,1
691,Facebook,2026-07-14,USER_691,"Falso hipopótamo, va cayendo Francia","Falso hipopótamo, va cayendo Francia",falso hipopotamo va cayendo francia,Lenguaje Ofensivo,1,Burla,,NO,SÍ,NO,36,5,0,0,0,0
2377,Facebook,2026-07-22,USER_2377,Jajajaja nombre ese Barton es una locura quien quita que pite la final también Y como no va evitar los españoles no ven que va Mbbapto en africancia ?,Jajajaja nombre ese Barton es una locura quien quita que pite la final también Y como no va evitar los españoles no ven que va Mbbapto en africancia ?,jajajaja nombre ese barton es una locura quien quita que pite la final tambien y como no va evitar los espanoles no ven que va mbbapto en africancia,Discurso de Odio,2,Racismo,"Africanos, Mbappé",NO,NO,NO,150,29,0,0,0,0
2369,Facebook,2026-07-21,USER_2369,A la vrga ni que fuera migueleño para cometer tremenda aberración culinaria,A la vrga ni que fuera migueleño para cometer tremenda aberración culinaria,a la vrga ni que fuera migueleno para cometer tremenda aberracion culinaria,Lenguaje Ofensivo,1,Burla Regional,Habitantes de San Miguel,NO,NO,NO,75,12,0,0,0,1
3082,X,2026-06-09,USER_3082,"Ustedes judios de mierda que son empleados de elzstein que le pone los misiles a los ingleses no la pueden jugar de patriota, liberales de mierda imbeciles ustedes son los contrario a la patria, anda parisini gordo patasucia muerto de hambre rugbier culorroto de que te la das","Ustedes judios de mierda que son empleados de elzstein que le pone los misiles a los ingleses no la pueden jugar de patriota, liberales de mierda imbeciles ustedes son los contrario a la patria, anda parisini gordo patasucia muerto de hambre rugbier culorroto de que te la das",ustedes judios de mierda que son empleados de elzstein que le pone los misiles a los ingleses no la pueden jugar de patriota liberales de mierda imbeciles ustedes son los contrario a la patria anda parisini gordo patasucia muerto de hambre rugbier culorroto de que te la das,Discurso de Odio,2,Antisemitismo,Personas judias,NO,NO,NO,276,48,0,0,0,2
2043,X,2026-06-14,USER_2043,qué mierda decis,qué mierda decis,que mierda decis,Lenguaje Ofensivo,1,Palabras Obscenas,,NO,NO,NO,16,3,0,0,0,1
1273,Facebook,2026-07-12,USER_1273,Ya sintio el verdadero terror de las redes el pipian,Ya sintio el verdadero terror de las redes el pipian,ya sintio el verdadero terror de las redes el pipian,Lenguaje Ofensivo,1,Insulto Directo,Persona Individual,NO,NO,NO,52,10,0,0,0,1
712,Facebook,2026-07-14,USER_712,Con gusto lo volvemos a elegir todo mi apoyo y el de mi familia para vos bukele sos grande por transformar mi país,Con gusto lo volvemos a elegir todo mi apoyo y el de mi familia para vos bukele sos grande por transformar mi país,con gusto lo volvemos a elegir todo mi apoyo y el de mi familia para vos bukele sos grande por transformar mi pais,No Tóxico,0,,,NO,NO,SÍ,114,23,0,0,0,1
2879,X,2026-06-29,USER_2879,"Lo que si fue xenofobia fue la vez que estaba haciendo fila para un servicio de migraciones y pasa una abuela diciendo ""Inmigrantes de mierda, vuélvanse a su país. Vienen aquí a joder blablaba"" Hasta los ancianos tienen mal carácter en bueno aires","Lo que si fue xenofobia fue la vez que estaba haciendo fila para un servicio de migraciones y pasa una abuela diciendo ""Inmigrantes de mierda, vuélvanse a su país. Vienen aquí a joder blablaba"" Hasta los ancianos tienen mal carácter en bueno aires",lo que si fue xenofobia fue la vez que estaba haciendo fila para un servicio de migraciones y pasa una abuela diciendo inmigrantes de mierda vuelvanse a su pais vienen aqui a joder blablaba hasta los ancianos tienen mal caracter en bueno aires,No Tóxico,0,,Personas inmigrantes,NO,NO,NO,247,43,0,0,0,3
508,Facebook,2026-07-14,USER_508,Que gane el mejor! Es la final anticipada!,Que gane el mejor! Es la final anticipada!,que gane el mejor es la final anticipada,No Tóxico,0,,,NO,NO,NO,42,8,0,0,0,0
542,Facebook,2026-07-14,USER_542,"Falta la ruta directa entre El Salvador y Flores, Petén, Guatemala","Falta la ruta directa entre El Salvador y Flores, Petén, Guatemala",falta la ruta directa entre el salvador y flores peten guatemala,No Tóxico,0,,,NO,NO,NO,66,11,0,0,0,0
2159,Facebook,2026-07-05,USER_2159,"Te parece, yo no voy con los agrandados yo voy con los justos así que no voy con la Fifantina.","Te parece, yo no voy con los agrandados yo voy con los justos así que no voy con la Fifantina.",te parece yo no voy con los agrandados yo voy con los justos asi que no voy con la fifantina,No Tóxico,0,,Personas argentinas,SI,SI,NO,94,20,0,0,0,1
2173,Facebook,2026-06-24,USER_2173,Ni que Francia fuera Argentina. Que gane el mejor…,Ni que Francia fuera Argentina. Que gane el mejor…,ni que francia fuera argentina que gane el mejor,No Tóxico,0,,Personas argentinas,SI,SI,NO,50,9,0,0,0,0
2510,Facebook,2026-07-22,USER_2510,con tu cara de olmeca de quieres hacer el gracioso? Mechicano,con tu cara de olmeca de quieres hacer el gracioso? Mechicano,con tu cara de olmeca de quieres hacer el gracioso mechicano,Discurso de Odio,2,Racismo,"Indígenas, mexicanos",NO,NO,NO,61,11,0,0,0,1
557,Facebook,2026-07-14,USER_557,Ahi se ven los niveles que una liga de asenso esta de mexico esta por encina de la liga mayor,Ahi se ven los niveles que una liga de asenso esta de mexico esta por encina de la liga mayor,ahi se ven los niveles que una liga de asenso esta de mexico esta por encina de la liga mayor,No Tóxico,0,,,NO,NO,NO,93,20,0,0,0,0
1269,Facebook,2026-07-14,USER_1269,Y este hijo de cien mil putas con lo mal que cae,Y este hijo de cien mil putas con lo mal que cae,y este hijo de cien mil putas con lo mal que cae,Lenguaje Ofensivo,1,Insulto Directo,Persona Individual,SÍ,NO,NO,48,12,0,0,0,2
808,Facebook,2026-07-18,USER_808,Pide el cecop,Pide el cecop,pide el cecop,Amenazas/Violencia,3,Deseo de Daño,Individuo (acusado informalmente en el hilo),NO,NO,NO,13,3,0,0,0,0
1101,Facebook,2026-06-22,USER_1101,"Buena paja se echa, no digo q haga las cosas mal pero el es demasiado estratégico","Buena paja se echa, no digo q haga las cosas mal pero el es demasiado estratégico",buena paja se echa no digo q haga las cosas mal pero el es demasiado estrategico,No Tóxico,0,,Funcionarios Públicos,SÍ,NO,SÍ,81,16,0,0,0,1
107,X,2026-07-13,USER_107,"#Empresarial ¡Más sabor para el país! Los Cebollines expande su presencia con una nueva sucursal en el C.C. Las Ramblas, impulsando el desarrollo regional y acercándose a más salvadoreños Más datos aquí: https:// shre.ink/qb4R #AperturaCebollines #SanMiguelSV AR","#Empresarial ¡Más sabor para el país! Los Cebollines expande su presencia con una nueva sucursal en el C.C. Las Ramblas, impulsando el desarrollo regional y acercándose a más salvadoreños Más datos aquí: https:// shre.ink/qb4R #AperturaCebollines #SanMiguelSV AR",empresarial mas sabor para el pais los cebollines expande su presencia con una nueva sucursal en el c c las ramblas impulsando el desarrollo regional y acercandose a mas salvadorenos mas datos aqui https shre ink qb r aperturacebollines sanmiguelsv ar,No Tóxico,0,,,NO,NO,NO,262,37,0,0,3,1
684,Facebook,2026-07-14,USER_684,Si clasifican 80 El Salvador será el 81,Si clasifican 80 El Salvador será el 81,si clasifican el salvador sera el,No Tóxico,0,,,NO,SÍ,NO,39,8,0,0,0,0
2858,X,2026-07-07,USER_2858,"Después son los que más lloran, hijos de inmigrantes de mierda","Después son los que más lloran, hijos de inmigrantes de mierda",despues son los que mas lloran hijos de inmigrantes de mierda,Discurso de Odio,2,Xenofobia,Personas inmigrantes,NO,NO,NO,62,11,0,0,0,2
2078,Facebook,2026-06-25,USER_2078,Vaya que bueno que se la negaron a esta vieja vulgar sin educación y además refiera horrible....waçala...,Vaya que bueno que se la negaron a esta vieja vulgar sin educación y además refiera horrible....waçala...,vaya que bueno que se la negaron a esta vieja vulgar sin educacion y ademas refiera horrible wacala,Lenguaje Ofensivo,1,Insulto Directo,Pueblos Indígenas,NO,NO,NO,105,17,0,0,0,0
1165,Facebook,2026-06-26,USER_1165,Si pero solo es una pelea de mercado jalones de pelo y allí termina a la persona que graba sin permiso y la pública tiene que ser sancionada también,Si pero solo es una pelea de mercado jalones de pelo y allí termina a la persona que graba sin permiso y la pública tiene que ser sancionada también,si pero solo es una pelea de mercado jalones de pelo y alli termina a la persona que graba sin permiso y la publica tiene que ser sancionada tambien,No Tóxico,0,,Persona Individual,SÍ,NO,NO,148,29,0,0,0,0
335,X,2026-07-14,USER_335,Ver a mi hermanita en una caja y solo pensar que esos malditos mueran como ratas espero que sufran malditos mareros,Ver a mi hermanita en una caja y solo pensar que esos malditos mueran como ratas espero que sufran malditos mareros,ver a mi hermanita en una caja y solo pensar que esos malditos mueran como ratas espero que sufran malditos mareros,Amenazas/Violencia,3,Deseo de Daño,Pandilleros/Mareros,NO,NO,NO,115,21,0,0,0,2
341,X,2026-07-14,USER_341,Ya no acepten esas malditas lacras Doc. Que se mueran malditos mareros,Ya no acepten esas malditas lacras Doc. Que se mueran malditos mareros,ya no acepten esas malditas lacras doc que se mueran malditos mareros,Amenazas/Violencia,3,Deseo de Daño,Pandilleros/Mareros,NO,NO,NO,70,12,0,0,0,2
2372,Facebook,2026-07-21,USER_2372,Dicen por ahí que: Hombre con plata no come carne barata,Dicen por ahí que: Hombre con plata no come carne barata,dicen por ahi que hombre con plata no come carne barata,No Tóxico,0,,Personas de clase baja,NO,NO,NO,56,11,0,0,0,1
1763,X,2026-06-07,USER_1763,El gobierno del hijueputa de @nayibbukele es el más corrupto de la historia de El Salvador,El gobierno del hijueputa de @usuario es el más corrupto de la historia de El Salvador,el gobierno del hijueputa de usuario es el mas corrupto de la historia de el salvador,Lenguaje Ofensivo,1,Insulto Directo,Funcionarios Públicos,NO,NO,SÍ,90,16,0,1,0,1
1319,Facebook,2026-06-25,USER_1319,Por ordinario no lo dejaron entrar al trompa de caballo 🐎,Por ordinario no lo dejaron entrar al trompa de caballo :caballo:,por ordinario no lo dejaron entrar al trompa de caballo,Lenguaje Ofensivo,1,Insulto Directo,Persona Individual,NO,NO,NO,57,11,1,0,0,0
1409,Facebook,2026-06-14,USER_1409,ESTOS MALDITOS PUPUSITORES NO HAY DE DONDE SACAR RAJA,ESTOS MALDITOS PUPUSITORES NO HAY DE DONDE SACAR RAJA,estos malditos pupusitores no hay de donde sacar raja,Lenguaje Ofensivo,1,Insulto Directo,Simpatizantes Gobierno,NO,NO,SÍ,53,9,0,0,0,0
2514,Facebook,2026-07-20,USER_2514,pues si pero como suelen tener como cuatro familias y en cada una dejan de dos a tres bendiciones no se acaban,pues si pero como suelen tener como cuatro familias y en cada una dejan de dos a tres bendiciones no se acaban,pues si pero como suelen tener como cuatro familias y en cada una dejan de dos a tres bendiciones no se acaban,Discurso de Odio,2,Clasismo,Personas en situación de pobreza,NO,NO,NO,110,22,0,0,0,0
2940,X,2026-05-30,USER_2940,Malparidos venezolanos de mierda !,Malparidos venezolanos de mierda !,malparidos venezolanos de mierda,Discurso de Odio,2,Xenofobia,Personas inmigrantes,NO,NO,NO,34,5,0,0,0,1
2010,X,2026-06-14,USER_2010,Otro imbécil diciendo tonterías.,Otro imbécil diciendo tonterías.,otro imbecil diciendo tonterias,Lenguaje Ofensivo,1,Insulto Directo,Persona Individual,NO,NO,NO,32,4,0,0,0,1
2862,X,2026-07-13,USER_2862,"Me la pelan.... La verdad como es, inmigrantes de mierda, mandriles del África mataron a un ciudadano europeo. Ese debe ser el titular","Me la pelan.... La verdad como es, inmigrantes de mierda, mandriles del África mataron a un ciudadano europeo. Ese debe ser el titular",me la pelan la verdad como es inmigrantes de mierda mandriles del africa mataron a un ciudadano europeo ese debe ser el titular,Discurso de Odio,2,Racismo,Personas inmigrantes,NO,NO,NO,134,23,0,0,0,3
1970,X,2026-06-14,USER_1970,"Seguime hijo de puta, por la cabra Ordaz!","Seguime hijo de puta, por la cabra Ordaz!",seguime hijo de puta por la cabra ordaz,Lenguaje Ofensivo,1,Insulto Directo,Persona Individual,NO,NO,NO,41,8,0,0,0,1
683,Facebook,2026-07-14,USER_683,Igualmente para ti lluvia de bendiciones desde mi Colombia del alma,Igualmente para ti lluvia de bendiciones desde mi Colombia del alma,igualmente para ti lluvia de bendiciones desde mi colombia del alma,No Tóxico,0,,,NO,NO,NO,67,11,0,0,0,0
2422,Facebook,2026-07-23,USER_2422,Al parecer no solamente es adicto a la blanca en polvo sino tambien en liquido tremendo q l r 0,Al parecer no solamente es adicto a la blanca en polvo sino tambien en liquido tremendo q l r 0,al parecer no solamente es adicto a la blanca en polvo sino tambien en liquido tremendo q l r,Lenguaje Ofensivo,1,Insulto Directo,Personas LGBT,NO,NO,NO,95,20,0,0,0,0
1737,X,2026-06-04,USER_1737,"Ya se sabe que los gorgojos descerebrados, No quieren nada de lo que haga el gobierno de turno. Si fueran tus compas ahí siii harían mierda El Salvador. Todos sabemos cómo lo dejaron... Hecho M.","Ya se sabe que los gorgojos descerebrados, No quieren nada de lo que haga el gobierno de turno. Si fueran tus compas ahí siii harían mierda El Salvador. Todos sabemos cómo lo dejaron... Hecho M.",ya se sabe que los gorgojos descerebrados no quieren nada de lo que haga el gobierno de turno si fueran tus compas ahi siii harian mierda el salvador todos sabemos como lo dejaron hecho m,Lenguaje Ofensivo,1,Insulto Directo,Grupos Políticos,NO,NO,SÍ,194,35,0,0,0,2
1717,X,2026-06-02,USER_1717,Que se vaya mucho a la mierda para el salvador que carajos nos importa ese cerote,Que se vaya mucho a la mierda para el salvador que carajos nos importa ese cerote,que se vaya mucho a la mierda para el salvador que carajos nos importa ese cerote,Lenguaje Ofensivo,1,Insulto Directo,Persona Individual,NO,NO,SÍ,81,16,0,0,0,2
917,Facebook,2026-07-23,USER_917,Seguí haciendo señas de pandilla fundó derechito al cecot,Seguí haciendo señas de pandilla fundó derechito al cecot,segui haciendo senas de pandilla fundo derechito al cecot,Amenazas/Violencia,3,Deseo de Daño,Señalado como pandillero,NO,NO,NO,57,9,0,0,0,0
219,X,2026-07-14,USER_219,"#DeportesSV | @AlianzaWomen sumó a sus filas a la campeona Ashley Webb, para que inicie con el torneo Apertura. Webb dijo sentirse muy agradecida con este nuevo reto. Ahora, la ultra blanca de las damas espera ver esa inolvidable velocidad en la cancha.","#DeportesSV | @usuario sumó a sus filas a la campeona Ashley Webb, para que inicie con el torneo Apertura. Webb dijo sentirse muy agradecida con este nuevo reto. Ahora, la ultra blanca de las damas espera ver esa inolvidable velocidad en la cancha.",deportessv usuario sumo a sus filas a la campeona ashley webb para que inicie con el torneo apertura webb dijo sentirse muy agradecida con este nuevo reto ahora la ultra blanca de las damas espera ver esa inolvidable velocidad en la cancha,No Tóxico,0,,,NO,NO,NO,253,43,0,1,1,1
2724,X,2026-06-16,USER_2724,"Igual hago yo, me cago en la puta cultura de los indios de mierda estos.","Igual hago yo, me cago en la puta cultura de los indios de mierda estos.",igual hago yo me cago en la puta cultura de los indios de mierda estos,Discurso de Odio,2,Racismo,Personas indigenas,NO,NO,NO,72,15,0,0,0,3
2551,Facebook,2026-07-22,USER_2551,"Es blanco, pero de la policía.. :v","Es blanco, pero de la policía.. :v",es blanco pero de la policia v,No Tóxico,0,,Personas morenas,SI,SI,NO,34,7,0,0,0,0
1503,Facebook,2026-07-26,USER_1503,Q selos coma el diablo aesos ijos de puta,Q selos coma el diablo aesos ijos de puta,q selos coma el diablo aesos ijos de puta,Amenazas/Violencia,3,Deseo de Dano,,NO,NO,SÍ,41,9,0,0,0,1
281,X,2026-07-14,USER_281,"Excelente mareros malditos delen piso, esos hdp no merecen vivir, para joder a la población honrada","Excelente mareros malditos delen piso, esos hdp no merecen vivir, para joder a la población honrada",excelente mareros malditos delen piso esos hdp no merecen vivir para joder a la poblacion honrada,Amenazas/Violencia,3,Incitación a la Violencia,Pandilleros/Mareros,NO,NO,NO,99,16,0,0,0,3
2467,Facebook,2026-07-22,USER_2467,Da lastima ese faltomental,Da lastima ese faltomental,da lastima ese faltomental,Discurso de Odio,2,Capacitismo,Personas con discapacidad,NO,NO,NO,26,4,0,0,0,0
2649,X,2026-06-04,USER_2649,"Ser extranjero no es una nacionalidad, son Venezolanos de mierda que deben ser encerrados de por vida o deportados de inmediato","Ser extranjero no es una nacionalidad, son Venezolanos de mierda que deben ser encerrados de por vida o deportados de inmediato",ser extranjero no es una nacionalidad son venezolanos de mierda que deben ser encerrados de por vida o deportados de inmediato,Amenazas/Violencia,3,Deseo de Daño,Personas venezolanas,NO,NO,NO,127,21,0,0,0,1
530,Facebook,2026-07-14,USER_530,"Espérame tantito, en esa historia de desarrollo personal veo varias interrogantes, el primero es que según la nota, la finca Miramar ya era de su familia, a la que el solo invirtió para el restaurante, lo que me lleva a preguntar como se eligen a los beneficiados de ese programa, el cual pensaría es prioridad a personas de escasos recursos, aún así, la otra interrogante es cuánto ganaba? Pues si tomamos en cuenta que gastaba en alimentación y otros, solo regreso con una parte de su salario, y cinco meses, supongo que hablamos más o menos de $15k en el mejor de los casos. Al final supongo que lo que el hizo fue darle a su familia los ingresos que le quedaron del tiempo que pasó fuera y su familia le dió el resto del dinero para comenzar con su emprendimiento","Espérame tantito, en esa historia de desarrollo personal veo varias interrogantes, el primero es que según la nota, la finca Miramar ya era de su familia, a la que el solo invirtió para el restaurante, lo que me lleva a preguntar como se eligen a los beneficiados de ese programa, el cual pensaría es prioridad a personas de escasos recursos, aún así, la otra interrogante es cuánto ganaba? Pues si tomamos en cuenta que gastaba en alimentación y otros, solo regreso con una parte de su salario, y cinco meses, supongo que hablamos más o menos de $15k en el mejor de los casos. Al final supongo que lo que el hizo fue darle a su familia los ingresos que le quedaron del tiempo que pasó fuera y su familia le dió el resto del dinero para comenzar con su emprendimiento",esperame tantito en esa historia de desarrollo personal veo varias interrogantes el primero es que segun la nota la finca miramar ya era de su familia a la que el solo invirtio para el restaurante lo que me lleva a preguntar como se eligen a los beneficiados de ese programa el cual pensaria es prioridad a personas de escasos recursos aun asi la otra interrogante es cuanto ganaba pues si tomamos en cuenta que gastaba en alimentacion y otros solo regreso con una parte de su salario y cinco meses supongo que hablamos mas o menos de k en el mejor de los casos al final supongo que lo que el hizo fue darle a su familia los ingresos que le quedaron del tiempo que paso fuera y su familia le dio el resto del dinero para comenzar con su emprendimiento,No Tóxico,0,,,NO,NO,NO,767,141,0,0,0,1
2985,X,2026-06-13,USER_2985,"Antes se volvían bailando tango, ahora se vuelven echos unos negros de mierda...","Antes se volvían bailando tango, ahora se vuelven echos unos negros de mierda...",antes se volvian bailando tango ahora se vuelven echos unos negros de mierda,Discurso de Odio,2,Racismo,Personas negras o racializadas,NO,NO,NO,80,13,0,0,0,2
1831,X,2026-06-07,USER_1831,Aquí tu tata pelón de 4ta ignorante y pendejo,Aquí tu tata pelón de 4ta ignorante y pendejo,aqui tu tata pelon de ta ignorante y pendejo,Lenguaje Ofensivo,1,Insulto Directo,Persona Individual,NO,NO,NO,45,9,0,0,0,2
250,X,2026-07-14,USER_250,"Las pupusas salvadoreñas llegan a Amazon Por primera vez, este ícono de la gastronomía nacional se vende en todo Estados Unidos a través de la plataforma, gracias a la empresa salvadoreña Típicos Nokal. De las pupuserías… al comercio global. #RevistaLaG #Pupusas #ElSalvador","Las pupusas salvadoreñas llegan a Amazon Por primera vez, este ícono de la gastronomía nacional se vende en todo Estados Unidos a través de la plataforma, gracias a la empresa salvadoreña Típicos Nokal. De las pupuserías… al comercio global. #RevistaLaG #Pupusas #ElSalvador",las pupusas salvadorenas llegan a amazon por primera vez este icono de la gastronomia nacional se vende en todo estados unidos a traves de la plataforma gracias a la empresa salvadorena tipicos nokal de las pupuserias al comercio global revistalag pupusas elsalvador,No Tóxico,0,,,NO,NO,NO,274,42,0,0,3,0
1961,X,2026-06-14,USER_1961,"no es por la isla, es por los fallecidos, pendejo inútil agarrá un libro de historia","no es por la isla, es por los fallecidos, pendejo inútil agarrá un libro de historia",no es por la isla es por los fallecidos pendejo inutil agarra un libro de historia,Lenguaje Ofensivo,1,Insulto Directo,Persona Individual,NO,NO,SÍ,84,16,0,0,0,1
2486,Facebook,2026-07-24,USER_2486,Vivir en el tercer mundo no es tan malo después de todo ??,Vivir en el tercer mundo no es tan malo después de todo ??,vivir en el tercer mundo no es tan malo despues de todo,No Tóxico,0,,Habitantes de países en desarrollo,NO,SI,NO,58,13,0,0,0,0
1290,Facebook,2026-07-12,USER_1290,Ya deberían de dejar de mantener parásitos,Ya deberían de dejar de mantener parásitos,ya deberian de dejar de mantener parasitos,Lenguaje Ofensivo,1,Insulto Directo,,NO,NO,NO,42,7,0,0,0,1
2436,Facebook,2026-07-21,USER_2436,Tiene cuerpo de trompo de pastor,Tiene cuerpo de trompo de pastor,tiene cuerpo de trompo de pastor,Discurso de Odio,2,Gordofobia,Personas con sobrepeso,NO,NO,NO,32,6,0,0,0,0
806,Facebook,2026-07-18,USER_806,Y cuando ellos mataban alagente no bi ninguna. Organización de Mierda qué se preocupara por los derechos de los asesinados por los mal paridos de los terroristas. Y hoy sobran abogando.poresos cabro es matarifos no es lo mismo ver que sufran. Como sufrir en carne propia. La maldad. Uno entonces hoy que sufran esos cabrones pagando en vida a toda la gente que mataron.,Y cuando ellos mataban alagente no bi ninguna. Organización de Mierda qué se preocupara por los derechos de los asesinados por los mal paridos de los terroristas. Y hoy sobran abogando.poresos cabro es matarifos no es lo mismo ver que sufran. Como sufrir en carne propia. La maldad. Uno entonces hoy que sufran esos cabrones pagando en vida a toda la gente que mataron.,y cuando ellos mataban alagente no bi ninguna organizacion de mierda que se preocupara por los derechos de los asesinados por los mal paridos de los terroristas y hoy sobran abogando poresos cabro es matarifos no es lo mismo ver que sufran como sufrir en carne propia la maldad uno entonces hoy que sufran esos cabrones pagando en vida a toda la gente que mataron,Amenazas/Violencia,3,Deseo de Daño,Pandilleros/Terroristas,NO,NO,NO,369,64,0,0,0,3
3068,X,2026-06-11,USER_3068,"Es como todo. Hay Católicos de mierda, como hay judíos de mierda y, ni hablar de los Mormones, Testigos de Jehová, Apostólicos y demás yerbas. No todos son la misma cosa.","Es como todo. Hay Católicos de mierda, como hay judíos de mierda y, ni hablar de los Mormones, Testigos de Jehová, Apostólicos y demás yerbas. No todos son la misma cosa.",es como todo hay catolicos de mierda como hay judios de mierda y ni hablar de los mormones testigos de jehova apostolicos y demas yerbas no todos son la misma cosa,Lenguaje Ofensivo,1,Palabras Obscenas,Personas judias,NO,NO,NO,170,31,0,0,0,1
1962,X,2026-06-14,USER_1962,Pues lee tú pendeja de mierda que no tienes compresión lectora Tus muertos ya se fueron a chingar a su madre 🤣,Pues lee tú pendeja de mierda que no tienes compresión lectora Tus muertos ya se fueron a chingar a su madre :cara_revolviéndose_de_la_risa:,pues lee tu pendeja de mierda que no tienes compresion lectora tus muertos ya se fueron a chingar a su madre,Lenguaje Ofensivo,1,Insulto Directo,Persona Individual,NO,NO,SÍ,110,22,1,0,0,3
2693,X,2026-07-07,USER_2693,Indios de mierda,Indios de mierda,indios de mierda,Discurso de Odio,2,Racismo,Personas indi­genas,NO,NO,NO,16,3,0,0,0,2
1047,Facebook,2026-06-10,USER_1047,Yo Le Diría Parásitos Mantenidos,Yo Le Diría Parásitos Mantenidos,yo le diria parasitos mantenidos,Lenguaje Ofensivo,1,Insulto Directo,Persona Individual,NO,NO,NO,32,5,0,0,0,1
1045,Facebook,2026-06-10,USER_1045,Tu madreeee ee..... El. Futuro es tan Mierda...,Tu madreeee ee..... El. Futuro es tan Mierda...,tu madreeee ee el futuro es tan mierda,Lenguaje Ofensivo,1,Palabras Obscenas,,NO,NO,NO,47,8,0,0,0,1
2129,Facebook,2026-06-27,USER_2129,Erick Monterroso Guatemala JAJAJAJ eso es un país o provincia de México ?,Erick Monterroso Guatemala JAJAJAJ eso es un país o provincia de México ?,erick monterroso guatemala jajajaj eso es un pais o provincia de mexico,No Tóxico,0,,Personas argentinas,SI,SI,NO,73,13,0,0,0,0
2283,Facebook,2026-07-23,USER_2283,A mí me da risa por qué no tienen que comer.,A mí me da risa por qué no tienen que comer.,a mi me da risa por que no tienen que comer,Discurso de Odio,2,Estigmatización Nacional,Personas en situación de pobreza,NO,NO,NO,44,11,0,0,0,0
2766,X,2026-06-24,USER_2766,Me pregunto si estos indepes fascistas lloraban igual cuando los moros de mierda colapsaron calles enteras puta espanya i puta selecció,Me pregunto si estos indepes fascistas lloraban igual cuando los moros de mierda colapsaron calles enteras puta espanya i puta selecció,me pregunto si estos indepes fascistas lloraban igual cuando los moros de mierda colapsaron calles enteras puta espanya i puta seleccio,Discurso de Odio,2,Islamofobia,Personas musulmanas,NO,NO,NO,135,21,0,0,0,2
2381,Facebook,2026-07-21,USER_2381,"pues alguien tiene que traer la comida, ellos nacen con ese don de meseros","pues alguien tiene que traer la comida, ellos nacen con ese don de meseros",pues alguien tiene que traer la comida ellos nacen con ese don de meseros,Discurso de Odio,2,Xenofobia,Argentinos,NO,NO,NO,74,14,0,0,0,1
93,X,2026-07-13,USER_093,Esta #receta es tan sencilla como deliciosa. Las tradicionales #RIGUAS... que las disfrute! #RecetasSV... http:// fb.me/7NrbJcZJO,Esta #receta es tan sencilla como deliciosa. Las tradicionales #RIGUAS... que las disfrute! #RecetasSV... http:// fb.me/7NrbJcZJO,esta receta es tan sencilla como deliciosa las tradicionales riguas que las disfrute recetassv http fb me nrbjczjo,No Tóxico,0,,,NO,NO,NO,129,16,0,0,3,0
2162,Facebook,2026-07-09,USER_2162,Marvin TANTO DAÑO TE HIZO FRANCIA EN TU A N 0? CADA QUIEN ES LIBRE EN APOYAR. PAYAS0 TIENES QUE SER. SOLO X SER SUDAMERICANO? SOY DE ARGENTINA PERO PREFIERO A INGLATERRA,Marvin TANTO DAÑO TE HIZO FRANCIA EN TU A N 0? CADA QUIEN ES LIBRE EN APOYAR. PAYAS0 TIENES QUE SER. SOLO X SER SUDAMERICANO? SOY DE ARGENTINA PERO PREFIERO A INGLATERRA,marvin tanto dano te hizo francia en tu a n cada quien es libre en apoyar payas tienes que ser solo x ser sudamericano soy de argentina pero prefiero a inglaterra,Lenguaje Ofensivo,1,Insulto Directo,Personas argentinas,SI,SI,NO,169,32,0,0,0,1
1745,X,2026-06-07,USER_1745,Marciano cojín el come mierda mas pendejo una deshonra q esta mierda sea salvadoreño perro vasura,Marciano cojín el come mierda mas pendejo una deshonra q esta mierda sea salvadoreño perro vasura,marciano cojin el come mierda mas pendejo una deshonra q esta mierda sea salvadoreno perro vasura,Lenguaje Ofensivo,1,Insulto Directo,Persona Individual,NO,NO,NO,97,16,0,0,0,4
2993,X,2026-06-28,USER_2993,"Dejad de convocar negros de mierda y empezad con estos mestizos y blancos de buen pie, hacedme caso Colombia.","Dejad de convocar negros de mierda y empezad con estos mestizos y blancos de buen pie, hacedme caso Colombia.",dejad de convocar negros de mierda y empezad con estos mestizos y blancos de buen pie hacedme caso colombia,Discurso de Odio,2,Racismo,Personas negras o racializadas,NO,NO,NO,109,19,0,0,0,3
727,Facebook,2026-07-14,USER_727,Una mirada al pasado que nos demuestra como la perseverancia y el apoyo del pueblo lograron vencer al bipartidismo #Consolidación,Una mirada al pasado que nos demuestra como la perseverancia y el apoyo del pueblo lograron vencer al bipartidismo #Consolidación,una mirada al pasado que nos demuestra como la perseverancia y el apoyo del pueblo lograron vencer al bipartidismo consolidacion,No Tóxico,0,,,NO,NO,SÍ,129,20,0,0,1,0
2149,Facebook,2026-05-29,USER_2149,Es argentina no pasa noda con el genio de la lampara,Es argentina no pasa noda con el genio de la lampara,es argentina no pasa noda con el genio de la lampara,No Tóxico,0,,Personas argentinas,SI,SI,NO,52,11,0,0,0,1
198,X,2026-07-14,USER_198,"#ElSalvador Miles de salvadoreños se dieron cita en la Plaza Gerardo Barrios, disfrutando de la fiesta cívica con seguridad y orgullo patrio. Familias unidas celebran los 204 años de independencia en el corazón de la capital. #IndependenciaSV #PlazaGerardoBarrios","#ElSalvador Miles de salvadoreños se dieron cita en la Plaza Gerardo Barrios, disfrutando de la fiesta cívica con seguridad y orgullo patrio. Familias unidas celebran los 204 años de independencia en el corazón de la capital. #IndependenciaSV #PlazaGerardoBarrios",elsalvador miles de salvadorenos se dieron cita en la plaza gerardo barrios disfrutando de la fiesta civica con seguridad y orgullo patrio familias unidas celebran los anos de independencia en el corazon de la capital independenciasv plazagerardobarrios,No Tóxico,0,,,NO,NO,NO,263,38,0,0,3,1
2567,Facebook,2026-07-21,USER_2567,Le queda perfecto ya que está hecho de jabón xddDdDxddDd,Le queda perfecto ya que está hecho de jabón xddDdDxddDd,le queda perfecto ya que esta hecho de jabon xdddddxdddd,Discurso de Odio,2,Antisemitismo,Judíos,NO,NO,NO,56,10,0,0,0,0
538,Facebook,2026-07-14,USER_538,excelente gracias por hacer justicia al pasajero,excelente gracias por hacer justicia al pasajero,excelente gracias por hacer justicia al pasajero,No Tóxico,0,,,NO,NO,NO,48,7,0,0,0,0
2772,X,2026-05-31,USER_2772,"Vamos a poner una pata de jamón alado del arco, si no se la come el dibu, eso los va a espantar putos moros de mierda","Vamos a poner una pata de jamón alado del arco, si no se la come el dibu, eso los va a espantar putos moros de mierda",vamos a poner una pata de jamon alado del arco si no se la come el dibu eso los va a espantar putos moros de mierda,Discurso de Odio,2,Islamofobia,Personas musulmanas,NO,NO,NO,117,26,0,0,0,2
1042,Facebook,2026-06-10,USER_1042,Mientras aya burros habrá basura..,Mientras aya burros habrá basura..,mientras aya burros habra basura,Lenguaje Ofensivo,1,Insulto Directo,,NO,NO,NO,34,5,0,0,0,2
1054,Facebook,2026-06-10,USER_1054,Pongan noticias buenas no de basuras,Pongan noticias buenas no de basuras,pongan noticias buenas no de basuras,Lenguaje Ofensivo,1,Insulto Directo,Medios de Comunicación,NO,NO,NO,36,6,0,0,0,0
16,X,2026-07-13,USER_016,"El Salvador registra récord de visitantes en febrero de 2026. Más de 403 mil turistas internacionales ingresaron al país, un aumento del 43 % frente al mismo mes de 2025. Guatemala, Estados Unidos y Honduras lideran las llegadas. #ElSalvador #Turismo #VisitElSalvador","El Salvador registra récord de visitantes en febrero de 2026. Más de 403 mil turistas internacionales ingresaron al país, un aumento del 43 % frente al mismo mes de 2025. Guatemala, Estados Unidos y Honduras lideran las llegadas. #ElSalvador #Turismo #VisitElSalvador",el salvador registra record de visitantes en febrero de mas de mil turistas internacionales ingresaron al pais un aumento del frente al mismo mes de guatemala estados unidos y honduras lideran las llegadas elsalvador turismo visitelsalvador,No Tóxico,0,,,NO,NO,NO,267,41,0,0,3,0
958,Facebook,2026-07-24,USER_958,"Mi opinión personal, Pena de Muerte Inmediata. Ya q al asesinar, torturar, mutilar, violar a otro ser humano, pierden todos sus derechos 'humanos'. No existe la ""rehabilitación"" , siempre serán lo q son, no cambiarán nunca, incluso ellos mismos han dicho q lo volverían a hacer si salieran libres, hay casos en todo el mundo q solo han salido a matar.","Mi opinión personal, Pena de Muerte Inmediata. Ya q al asesinar, torturar, mutilar, violar a otro ser humano, pierden todos sus derechos 'humanos'. No existe la ""rehabilitación"" , siempre serán lo q son, no cambiarán nunca, incluso ellos mismos han dicho q lo volverían a hacer si salieran libres, hay casos en todo el mundo q solo han salido a matar.",mi opinion personal pena de muerte inmediata ya q al asesinar torturar mutilar violar a otro ser humano pierden todos sus derechos humanos no existe la rehabilitacion siempre seran lo q son no cambiaran nunca incluso ellos mismos han dicho q lo volverian a hacer si salieran libres hay casos en todo el mundo q solo han salido a matar,Amenazas/Violencia,3,Deseo de Daño,Grupo,NO,NO,NO,351,61,0,0,0,1
2169,Facebook,2026-07-12,USER_2169,"Si mañana gana Argentina, Sin duda vuelve a ser campeón","Si mañana gana Argentina, Sin duda vuelve a ser campeón",si manana gana argentina sin duda vuelve a ser campeon,No Tóxico,0,,Personas argentinas,SI,SI,NO,55,10,0,0,0,0
412,X,2026-07-14,USER_412,"#EUNiñasUltrajadas los culpables de este delito junto con las secuestradores, asesinos y mareros deben de ser condenados a pena de muerte","#EUNiñasUltrajadas los culpables de este delito junto con las secuestradores, asesinos y mareros deben de ser condenados a pena de muerte",euninasultrajadas los culpables de este delito junto con las secuestradores asesinos y mareros deben de ser condenados a pena de muerte,No Tóxico,0,,Pandilleros/Mareros,NO,NO,SÍ,137,21,0,0,1,2
1264,Facebook,2026-07-14,USER_1264,Hijo de perra basura.,Hijo de perra basura.,hijo de perra basura,Lenguaje Ofensivo,1,Insulto Directo,Persona Individual,SÍ,SÍ,NO,21,4,0,0,0,2
909,Facebook,2026-07-23,USER_909,Metan ala fuerza aerea.bonbardear,Metan ala fuerza aerea.bonbardear,metan ala fuerza aerea bonbardear,Amenazas/Violencia,3,Incitación a la Violencia,Delincuentes/pandilleros,NO,NO,NO,33,4,0,0,0,0
1284,Facebook,2026-07-12,USER_1284,Sos un gran huevonaso Cipote.culey,Sos un gran huevonaso Cipote.culey,sos un gran huevonaso cipote culey,Lenguaje Ofensivo,1,Insulto Directo,,SÍ,NO,NO,34,5,0,0,0,1
2440,Facebook,2026-07-21,USER_2440,"Eres como una, barrigona... Jajajaja","Eres como una, barrigona... Jajajaja",eres como una barrigona jajajaja,Discurso de Odio,2,Gordofobia,Personas con sobrepeso,NO,NO,NO,36,5,0,0,0,0
2310,Facebook,2026-07-23,USER_2310,Subile a esa mrda m0n0 0te! quiero recordar cuando cayeron tres bombazos cerca de mi casa y los majes del BIRI gritaban ??? Ay les va otro hijos de la gran michell sol ??? Acepta admin y te regalo el casette firmado por los Guara-aguados para que recordes al comandante Simon ??,Subile a esa mrda m0n0 0te! quiero recordar cuando cayeron tres bombazos cerca de mi casa y los majes del BIRI gritaban ??? Ay les va otro hijos de la gran michell sol ??? Acepta admin y te regalo el casette firmado por los Guara-aguados para que recordes al comandante Simon ??,subile a esa mrda m n te quiero recordar cuando cayeron tres bombazos cerca de mi casa y los majes del biri gritaban ay les va otro hijos de la gran michell sol acepta admin y te regalo el casette firmado por los guara aguados para que recordes al comandante simon,Lenguaje Ofensivo,1,Tono Agresivo,Salvadoreños,NO,NO,NO,278,52,0,0,0,1
492,X,2026-07-14,USER_492,Porque en El Salvador no han ido por pena de muerte? Mareros temen más al CECOT que a la muerte. Se juegan la vida día a día. Morir no les asusta. Una verdadera cárcel vaya si no. Esto sin entra al debate moral - cristiano de la validez de usar la fuerza del estado para extinguir,Porque en El Salvador no han ido por pena de muerte? Mareros temen más al CECOT que a la muerte. Se juegan la vida día a día. Morir no les asusta. Una verdadera cárcel vaya si no. Esto sin entra al debate moral - cristiano de la validez de usar la fuerza del estado para extinguir,porque en el salvador no han ido por pena de muerte mareros temen mas al cecot que a la muerte se juegan la vida dia a dia morir no les asusta una verdadera carcel vaya si no esto sin entra al debate moral cristiano de la validez de usar la fuerza del estado para extinguir,No Tóxico,0,,Pandilleros/Mareros,NO,NO,SÍ,280,56,0,0,0,3
2934,X,2026-06-23,USER_2934,Que se puede esperar si nunca ganaron una copa América esos venezolanos de mierda,Que se puede esperar si nunca ganaron una copa América esos venezolanos de mierda,que se puede esperar si nunca ganaron una copa america esos venezolanos de mierda,Discurso de Odio,2,Xenofobia,Personas inmigrantes,NO,NO,NO,81,14,0,0,0,1
286,X,2026-07-14,USER_286,Yo sé que los mareros allá en el fondo son buenos ...en el fondo de un pozo profundo y con un balazo en la frente...atados de pies y manos..,Yo sé que los mareros allá en el fondo son buenos ...en el fondo de un pozo profundo y con un balazo en la frente...atados de pies y manos..,yo se que los mareros alla en el fondo son buenos en el fondo de un pozo profundo y con un balazo en la frente atados de pies y manos,Amenazas/Violencia,3,Deseo de Daño,Pandilleros/Mareros,NO,NO,NO,140,29,0,0,0,2
2425,Facebook,2026-07-21,USER_2425,Mh Gran Cu1erada esa m1erd4,Mh Gran Cu1erada esa m1erd4,mh gran cu erada esa m erd,Lenguaje Ofensivo,1,Palabras Obscenas,Personas LGBT,NO,NO,NO,27,5,0,0,0,1
2171,Facebook,2026-06-09,USER_2171,"Angel Elias Ya deben dejar aun lado el fanatismo, acá no juega el Real Madrid, ni Barcelona, es Francia vs España, si alguien ve favorito a Francia es simple por que hombre a hombre tiene mejor plantilla, pero es fútbol y España trae grandes jugadores también y tiene grandes posibilidades de ganar, pero al menos personalmente desde que inicio el mundial iba con la final entre Francia vs Inglaterra, por las plantillas y los antecedentes de los últimos mundiales, claro están cerca pero tampoco sería sorpresa que la final fuera España vs Argentina, ya que también tienen buenas plantillas","Angel Elias Ya deben dejar aun lado el fanatismo, acá no juega el Real Madrid, ni Barcelona, es Francia vs España, si alguien ve favorito a Francia es simple por que hombre a hombre tiene mejor plantilla, pero es fútbol y España trae grandes jugadores también y tiene grandes posibilidades de ganar, pero al menos personalmente desde que inicio el mundial iba con la final entre Francia vs Inglaterra, por las plantillas y los antecedentes de los últimos mundiales, claro están cerca pero tampoco sería sorpresa que la final fuera España vs Argentina, ya que también tienen buenas plantillas",angel elias ya deben dejar aun lado el fanatismo aca no juega el real madrid ni barcelona es francia vs espana si alguien ve favorito a francia es simple por que hombre a hombre tiene mejor plantilla pero es futbol y espana trae grandes jugadores tambien y tiene grandes posibilidades de ganar pero al menos personalmente desde que inicio el mundial iba con la final entre francia vs inglaterra por las plantillas y los antecedentes de los ultimos mundiales claro estan cerca pero tampoco seria sorpresa que la final fuera espana vs argentina ya que tambien tienen buenas plantillas,No Tóxico,0,,Personas argentinas,SI,SI,NO,591,99,0,0,0,1
2480,Facebook,2026-07-20,USER_2480,señora usted tiene cerebro o ca ca rebuelta en su tetunta entonses porque los isquirdistas critican que nosotros apollrmos a bukele ademas ese muñeco es diabolico no sea que milagro melchor,señora usted tiene cerebro o ca ca rebuelta en su tetunta entonses porque los isquirdistas critican que nosotros apollrmos a bukele ademas ese muñeco es diabolico no sea que milagro melchor,senora usted tiene cerebro o ca ca rebuelta en su tetunta entonses porque los isquirdistas critican que nosotros apollrmos a bukele ademas ese muneco es diabolico no sea que milagro melchor,Lenguaje Ofensivo,1,Insulto Directo,Adultos mayores,NO,NO,NO,189,31,0,0,0,1
2477,Facebook,2026-07-22,USER_2477,usted ni casa propia tiene. Ni vive enfrente... y en su mesón han de haber olores peores,usted ni casa propia tiene. Ni vive enfrente... y en su mesón han de haber olores peores,usted ni casa propia tiene ni vive enfrente y en su meson han de haber olores peores,Lenguaje Ofensivo,1,Insulto Directo,Personas en situación de pobreza,NO,NO,NO,88,17,0,0,0,0
1690,X,2026-06-02,USER_1690,Tu madr3 esa está apiñada ! N3fasto Pinche viejo come cuando hay ! Payaso 🤡,Tu madr3 esa está apiñada ! N3fasto Pinche viejo come cuando hay ! Payaso :cara_de_payaso:,tu madr esa esta apinada n fasto pinche viejo come cuando hay payaso,Lenguaje Ofensivo,1,Insulto Directo,Persona Individual,NO,NO,SÍ,75,15,1,0,0,2
2620,X,2026-06-23,USER_2620,Inmigrantes de mierda se pasan el río y se sienten yankees pura sangre JAJAJA te van a matar los del ice putito,Inmigrantes de mierda se pasan el río y se sienten yankees pura sangre JAJAJA te van a matar los del ice putito,inmigrantes de mierda se pasan el rio y se sienten yankees pura sangre jajaja te van a matar los del ice putito,Amenazas/Violencia,3,Amenaza Directa,Personas inmigrantes,NO,NO,NO,111,22,0,0,0,3
1052,Facebook,2026-06-10,USER_1052,Se ve la mediocridad de un dis q noticiero cuando pública puras bobadas ..nada serio solo escorias de nuestro pais,Se ve la mediocridad de un dis q noticiero cuando pública puras bobadas ..nada serio solo escorias de nuestro pais,se ve la mediocridad de un dis q noticiero cuando publica puras bobadas nada serio solo escorias de nuestro pais,Lenguaje Ofensivo,1,Insulto Directo,Medios de Comunicación,NO,NO,NO,114,20,0,0,0,1
845,Facebook,2026-07-19,USER_845,Ojalá le den una buena bienvenida,Ojalá le den una buena bienvenida,ojala le den una buena bienvenida,Amenazas/Violencia,3,Deseo de Daño,Reo/detenido (presunto poseedor de pornografía infantil),NO,NO,NO,33,6,0,0,0,0
632,Facebook,2026-07-14,USER_632,NO NOS AHUEVEMOS Dr. Aguirre....ud es un profesional.....el camino es largo pero llegaremos...,NO NOS AHUEVEMOS Dr. Aguirre....ud es un profesional.....el camino es largo pero llegaremos...,no nos ahuevemos dr aguirre ud es un profesional el camino es largo pero llegaremos,No Tóxico,0,,,NO,NO,SÍ,94,13,0,0,0,0
2591,Facebook,2026-07-27,USER_2591,Creo que me equivoqué de país parece Nicaragua Ortega y Murillo o sear Korea de el norte,Creo que me equivoqué de país parece Nicaragua Ortega y Murillo o sear Korea de el norte,creo que me equivoque de pais parece nicaragua ortega y murillo o sear korea de el norte,No Tóxico,0,,Nicaragüenses,SI,SI,NO,88,17,0,0,0,0
1383,Facebook,2026-06-25,USER_1383,Bueno que bueno... Me vale verga,Bueno que bueno... Me vale verga,bueno que bueno me vale verga,Lenguaje Ofensivo,1,Palabras Obscenas,Persona Individual,SÍ,NO,NO,32,6,0,0,0,1
1756,X,2026-06-07,USER_1756,Ese pendejo SE cree tan grande que El hizo por El Salvador recuerdo ayudar a asesinos pandilleros,Ese pendejo SE cree tan grande que El hizo por El Salvador recuerdo ayudar a asesinos pandilleros,ese pendejo se cree tan grande que el hizo por el salvador recuerdo ayudar a asesinos pandilleros,Lenguaje Ofensivo,1,Insulto Directo,Funcionarios Públicos,NO,NO,SÍ,97,17,0,0,0,2
323,X,2026-07-14,USER_323,No justifico a los mareros pero no debemos olvidar que ellos también son víctimas de estas ratas de la asamblea estos perros malditos si merecen mil veces la pena de muerte Arena y Fmln crearon niños en delincuentes al robarles sus oportunidades mataron a sus padres en la guerra,No justifico a los mareros pero no debemos olvidar que ellos también son víctimas de estas ratas de la asamblea estos perros malditos si merecen mil veces la pena de muerte Arena y Fmln crearon niños en delincuentes al robarles sus oportunidades mataron a sus padres en la guerra,no justifico a los mareros pero no debemos olvidar que ellos tambien son victimas de estas ratas de la asamblea estos perros malditos si merecen mil veces la pena de muerte arena y fmln crearon ninos en delincuentes al robarles sus oportunidades mataron a sus padres en la guerra,Amenazas/Violencia,3,Deseo de Daño,Individuo (diputados),NO,NO,SÍ,279,49,0,0,0,3
1038,Facebook,2026-06-10,USER_1038,Jajaja y la gente se cree toda la pendejada Esa la transmisión más vista a nivel mundial Jajaja Sufre mi pueblo pendejo,Jajaja y la gente se cree toda la pendejada Esa la transmisión más vista a nivel mundial Jajaja Sufre mi pueblo pendejo,jajaja y la gente se cree toda la pendejada esa la transmision mas vista a nivel mundial jajaja sufre mi pueblo pendejo,Lenguaje Ofensivo,1,Palabras Obscenas,,SÍ,SÍ,NO,119,22,0,0,0,1
1123,Facebook,2026-06-24,USER_1123,Otra mierda no pueden sacar no que solo pendejadas,Otra mierda no pueden sacar no que solo pendejadas,otra mierda no pueden sacar no que solo pendejadas,Lenguaje Ofensivo,1,Insulto Directo,,NO,NO,NO,50,9,0,0,0,1
2234,Facebook,2026-06-27,USER_2234,Ram Seg México también tenía a Inglaterra contra los palos la diferencia es que argentina tiene una calidad individual envidiable cualquiera te puede resolver eso es otro nivel.,Ram Seg México también tenía a Inglaterra contra los palos la diferencia es que argentina tiene una calidad individual envidiable cualquiera te puede resolver eso es otro nivel.,ram seg mexico tambien tenia a inglaterra contra los palos la diferencia es que argentina tiene una calidad individual envidiable cualquiera te puede resolver eso es otro nivel,No Tóxico,0,,Personas argentinas,SI,SI,NO,177,28,0,0,0,0
2384,Facebook,2026-07-22,USER_2384,Y porque el repartidor era hambrientino?,Y porque el repartidor era hambrientino?,y porque el repartidor era hambrientino,Discurso de Odio,2,Xenofobia,Argentinos,NO,NO,NO,40,6,0,0,0,2
2692,X,2026-06-27,USER_2692,"Indios de mierda, siempre tiene que ser protagonistas","Indios de mierda, siempre tiene que ser protagonistas",indios de mierda siempre tiene que ser protagonistas,Discurso de Odio,2,Racismo,Personas indi­genas,NO,NO,NO,53,8,0,0,0,2
2091,Facebook,2026-06-03,USER_2091,Este pendejo que publico eso no sane de inteligencia artificial,Este pendejo que publico eso no sane de inteligencia artificial,este pendejo que publico eso no sane de inteligencia artificial,Lenguaje Ofensivo,1,Insulto Directo,Persona individual,NO,NO,SI,63,10,0,0,0,1
1049,Facebook,2026-06-10,USER_1049,Este ridículo payaso 🤡 y parásito sólo a la espera que le den limosna,Este ridículo payaso :cara_de_payaso: y parásito sólo a la espera que le den limosna,este ridiculo payaso y parasito solo a la espera que le den limosna,Lenguaje Ofensivo,1,Insulto Directo,Persona Individual,NO,NO,NO,69,14,1,0,0,3
1899,X,2026-07-08,USER_1899,"Amigo vos mismo dijiste que los venecos que conociste fueron una mierda con vos, osea te dejaron el culo roto seguí llorando que yo soy feliz con mi nacionalidad salvadoreña no como vos que t fuiste a vivir a Estados unidos y más encima andas acá en Twitter cff","Amigo vos mismo dijiste que los venecos que conociste fueron una mierda con vos, osea te dejaron el culo roto seguí llorando que yo soy feliz con mi nacionalidad salvadoreña no como vos que t fuiste a vivir a Estados unidos y más encima andas acá en Twitter cff",amigo vos mismo dijiste que los venecos que conociste fueron una mierda con vos osea te dejaron el culo roto segui llorando que yo soy feliz con mi nacionalidad salvadorena no como vos que t fuiste a vivir a estados unidos y mas encima andas aca en twitter cff,Lenguaje Ofensivo,1,Insulto Directo,Persona Individual,SÍ,NO,SÍ,261,49,0,0,0,3
2270,Facebook,2026-05-31,USER_2270,Moy Reyes ciertamente es triste ver muy seguido eso y no apoyar a nuestra industria eso se llama soberbia egoísmo y falta de sensibilidad y reconocimiento a nuestra misma sangre por eso no reconocemos el talento y la inteligencia de nuestra gente nuestros jóvenes por favor no debemos estar en contra de nosotros mismos,Moy Reyes ciertamente es triste ver muy seguido eso y no apoyar a nuestra industria eso se llama soberbia egoísmo y falta de sensibilidad y reconocimiento a nuestra misma sangre por eso no reconocemos el talento y la inteligencia de nuestra gente nuestros jóvenes por favor no debemos estar en contra de nosotros mismos,moy reyes ciertamente es triste ver muy seguido eso y no apoyar a nuestra industria eso se llama soberbia egoismo y falta de sensibilidad y reconocimiento a nuestra misma sangre por eso no reconocemos el talento y la inteligencia de nuestra gente nuestros jovenes por favor no debemos estar en contra de nosotros mismos,No Tóxico,0,,Personas en situación de pobreza o precariedad,SI,SI,NO,319,54,0,0,0,0
1562,X,2026-05-24,USER_1562,"Puuu jajaja hablando de ignorancia la que juraba ganar un curul, mejor devolve los salarios que cobraste por no trabajar","Puuu jajaja hablando de ignorancia la que juraba ganar un curul, mejor devolve los salarios que cobraste por no trabajar",puuu jajaja hablando de ignorancia la que juraba ganar un curul mejor devolve los salarios que cobraste por no trabajar,Lenguaje Ofensivo,1,Tono Agresivo,Persona Individual,SÍ,SÍ,SÍ,120,20,0,0,0,0
1568,X,2026-05-24,USER_1568,"Que putas hacen esos niños caminando bajo el sol expuestos al covid que putas tienen en la cabeza los tatas Que putas les pasa @FMLNoficial, @ARENAfraccion, @FGR_SV","Que putas hacen esos niños caminando bajo el sol expuestos al covid que putas tienen en la cabeza los tatas Que putas les pasa @usuario, @usuario, @usuario",que putas hacen esos ninos caminando bajo el sol expuestos al covid que putas tienen en la cabeza los tatas que putas les pasa usuario usuario usuario,Lenguaje Ofensivo,1,Tono Agresivo,Grupos Políticos,NO,NO,SÍ,164,27,0,3,0,1
